firm_id,fy,eev_tn,yen_gap_tn_years,gap_two_sided_tn_years,estimator,shock_floor,shock_scope,asset_dollar_duration_tn_years,d_vif_up_tn,ufr_held_fixed,risk_margin_treatment,source_document,source_page,extraction_method,flags,general_account_assets_tn,assets_consolidation,asset_basis,years_gap
dai_ichi,2008,1.7959,-80.36,-87.97,one_sided_up,floored_at_zero,jpy_only,120.78,0.9917999999999999,False,undisclosed,raw/dai_ichi/2008/eev/index_007.pdf,17.0,parsed,down_shock_unusable:floored_at_zero;one_sided_estimator_convexity_uncancelled;reinvestment_bias_negative;anw_asset_duration_available;years_gap_unavailable:no_asset_value;legacy_english_format;ufr_shock_treatment_not_disclosed,30.022243,non_consolidated,book_unadjusted,-2.6766820853458553
dai_ichi,2009,2.868,-67.86,-75.53,one_sided_up,floored_at_zero,jpy_only,119.33,0.9498,False,undisclosed,raw/dai_ichi/2009/eev/index_009.pdf,18.0,parsed,down_shock_unusable:floored_at_zero;one_sided_estimator_convexity_uncancelled;reinvestment_bias_negative;anw_asset_duration_available;years_gap_unavailable:no_asset_value;legacy_english_format;ufr_shock_treatment_not_disclosed,30.822467,non_consolidated,book_unadjusted,-2.201640770675495
dai_ichi,2010,2.4796,-56.16,-63.86,one_sided_up,floored_at_zero,undisclosed,136.06,0.9611,False,undisclosed,raw/dai_ichi/2010/eev/2010_index_001.pdf,18.0,parsed,down_shock_unusable:floored_at_zero;one_sided_estimator_convexity_uncancelled;needs_currency_bridge:undisclosed;reinvestment_bias_negative;anw_asset_duration_available;years_gap_unavailable:no_asset_value,30.869661,non_consolidated,book_unadjusted,-1.8192619607970426
dai_ichi,2011,2.715,-55.56,-63.64,one_sided_up,floored_at_zero,undisclosed,171.28,1.1342,False,undisclosed,raw/dai_ichi/2011/eev/2011_index_001.pdf,24.0,parsed,down_shock_unusable:floored_at_zero;one_sided_estimator_convexity_uncancelled;needs_currency_bridge:undisclosed;reinvestment_bias_negative;anw_asset_duration_available;years_gap_unavailable:no_asset_value,31.46194,non_consolidated,book_unadjusted,-1.7659432317269692
dai_ichi,2012,3.3529,-54.52,-64.12,one_sided_up,floored_at_zero,undisclosed,195.28,1.249,False,undisclosed,raw/dai_ichi/2012/eev/2012_index_001.pdf,22.0,parsed,down_shock_unusable:floored_at_zero;one_sided_estimator_convexity_uncancelled;needs_currency_bridge:undisclosed;reinvestment_bias_negative;anw_asset_duration_available;years_gap_unavailable:no_asset_value,33.0724,non_consolidated,book_unadjusted,-1.6485044931725548
dai_ichi,2013,4.2685,-42.26,-51.67,one_sided_up,floored_at_zero,undisclosed,199.28,1.2077,False,undisclosed,raw/dai_ichi/2013/eev/2013_index_001.pdf,22.0,parsed,down_shock_unusable:floored_at_zero;one_sided_estimator_convexity_uncancelled;needs_currency_bridge:undisclosed;reinvestment_bias_negative;anw_asset_duration_available;years_gap_unavailable:no_asset_value,34.0288,non_consolidated,book_unadjusted,-1.2418892232461916
dai_ichi,2014,5.7008,-71.38,-81.13,one_sided_up,floored_at_zero,undisclosed,225.92,1.4865,False,undisclosed,raw/dai_ichi/2014/eev/2014_index_001.pdf,26.0,parsed,down_shock_unusable:floored_at_zero;one_sided_estimator_convexity_uncancelled;needs_currency_bridge:undisclosed;reinvestment_bias_negative;anw_asset_duration_available;years_gap_unavailable:no_asset_value,36.828768,non_consolidated,book_unadjusted,-1.9381587784853407
dai_ichi,2015,4.4414,-102.0,-87.07,one_sided_up,undisclosed,undisclosed,249.22,1.7561,True,undisclosed,raw/dai_ichi/2015/eev/2015_index_001.pdf,29.0,parsed,down_shock_unusable:undisclosed;one_sided_estimator_convexity_uncancelled;needs_currency_bridge:undisclosed;reinvestment_bias_negative;anw_asset_duration_available;ufr_held_fixed_under_shock;years_gap_unavailable:no_asset_value,35.894956,non_consolidated,book_unadjusted,-2.8416248789941405
dai_ichi,2016,4.4276,-97.16,-97.16,two_sided,none,undisclosed,262.06,1.6759,True,undisclosed,raw/dai_ichi/2016/eev/2016_index_004.pdf,33.0,parsed,needs_currency_bridge:undisclosed;reinvestment_bias_negative;anw_asset_duration_available;ufr_held_fixed_under_shock;years_gap_unavailable:no_asset_value,35.686645,non_consolidated,book_unadjusted,-2.722587119074937
dai_ichi,2017,4.887,-101.4,-101.4,two_sided,none,undisclosed,261.44,1.6926,True,undisclosed,raw/dai_ichi/2017/eev/2017_index_002.pdf,35.0,parsed,needs_currency_bridge:undisclosed;reinvestment_bias_negative;anw_asset_duration_available;ufr_held_fixed_under_shock;years_gap_unavailable:no_asset_value,36.33919,non_consolidated,book_unadjusted,-2.7903758999581445
dai_ichi,2018,4.5505,-110.95,-110.95,two_sided,none,undisclosed,266.38,1.7694,True,undisclosed,raw/dai_ichi/2018/eev/2018_index_001.pdf,35.0,parsed,needs_currency_bridge:undisclosed;reinvestment_bias_negative;anw_asset_duration_available;ufr_held_fixed_under_shock;years_gap_unavailable:no_asset_value,35.947128,non_consolidated,book_unadjusted,-3.086477450994138
dai_ichi,2019,4.2964,-87.85,-87.85,two_sided,none,undisclosed,282.44,1.7251,True,undisclosed,raw/dai_ichi/2019/eev/2019_index_001.pdf,34.0,parsed,needs_currency_bridge:undisclosed;reinvestment_bias_negative;anw_asset_duration_available;ufr_held_fixed_under_shock;years_gap_unavailable:no_asset_value,36.493562,non_consolidated,book_unadjusted,-2.407273918616111
dai_ichi,2020,5.1274,-89.06,-89.06,two_sided,none,undisclosed,283.68,1.7267,True,undisclosed,raw/dai_ichi/2020/eev/2020_index_001.pdf,40.0,parsed,needs_currency_bridge:undisclosed;reinvestment_bias_negative;anw_asset_duration_available;ufr_held_fixed_under_shock;years_gap_unavailable:no_asset_value,38.924381,non_consolidated,book_unadjusted,-2.28802610888019
dai_ichi,2021,4.9766,-73.64,-73.64,two_sided,none,undisclosed,283.52,1.6305,True,undisclosed,raw/dai_ichi/2021/eev/2021_index_001.pdf,34.0,parsed,needs_currency_bridge:undisclosed;reinvestment_bias_negative;anw_asset_duration_available;ufr_held_fixed_under_shock;years_gap_unavailable:no_asset_value,38.681563,non_consolidated,book_unadjusted,-1.9037493391877678
dai_ichi,2022,5.1603,-64.48,-64.48,two_sided,none,undisclosed,235.08,1.3902,True,undisclosed,raw/dai_ichi/2022/eev/2022_index_001.pdf,46.0,parsed,needs_currency_bridge:undisclosed;reinvestment_bias_negative;anw_asset_duration_available;ufr_held_fixed_under_shock;years_gap_unavailable:no_asset_value,34.264357,non_consolidated,book_unadjusted,-1.8818389033245249
dai_ichi,2023,6.1145,-6.35,-6.35,two_sided,none,all_currency,,,True,not_varied,raw/dai_ichi/2023/eev/2023_index_001.pdf,12.0,parsed,needs_currency_bridge:all_currency;reinvestment_bias_negative;no_independent_asset_duration_check;ufr_held_fixed_under_shock;risk_margin_not_varied;years_gap_unavailable:no_asset_value,35.982287,non_consolidated,book_unadjusted,-0.17647571984515603
dai_ichi,2024,5.705,16.11,16.11,two_sided,none,all_currency,,,True,varied,raw/dai_ichi/2024/eev/2024_index_001.pdf,9.0,parsed,needs_currency_bridge:all_currency;reinvestment_bias_negative;no_independent_asset_duration_check;ufr_held_fixed_under_shock;risk_margin_varied;years_gap_unavailable:no_asset_value,35.13678,non_consolidated,book_unadjusted,0.4584939200461738
daido,2008,0.6074,-23.46,-27.24,one_sided_up,floored_at_zero,jpy_only,6.41,0.1499,False,undisclosed,raw/taiyo/2008/eev/20090519.pdf,20.0,parsed,down_shock_unusable:floored_at_zero;one_sided_estimator_convexity_uncancelled;reinvestment_bias_negative;anw_asset_duration_available;years_gap_unavailable:no_asset_value;legacy_td_japanese_format;ufr_shock_treatment_not_disclosed,,,,
daido,2009,0.8184,-19.6,-22.11,one_sided_up,floored_at_zero,jpy_only,8.38,0.1417,False,undisclosed,raw/taiyo/2009/eev/201005191.pdf,20.0,parsed,down_shock_unusable:floored_at_zero;one_sided_estimator_convexity_uncancelled;reinvestment_bias_negative;anw_asset_duration_available;years_gap_unavailable:no_asset_value;legacy_td_japanese_format;ufr_shock_treatment_not_disclosed,,,,
japan_post,2013,3.3868,-20.02,-35.06,one_sided_up,undisclosed,all_currency,,,False,undisclosed,raw/japan_post/2013/eev/disc14_all.pdf,115.0,parsed,down_shock_unusable:undisclosed;one_sided_estimator_convexity_uncancelled;needs_currency_bridge:all_currency;reinvestment_bias_negative;no_independent_asset_duration_check;years_gap_unavailable:no_asset_value;legacy_english_format;ufr_shock_treatment_not_disclosed,87.088626,non_consolidated,book_unadjusted,-0.22988076537112892
japan_post,2014,3.5013,-36.88,-53.69,one_sided_up,undisclosed,all_currency,,,False,undisclosed,raw/japan_post/2014/eev/disc15_all.pdf,102.0,parsed,down_shock_unusable:undisclosed;one_sided_estimator_convexity_uncancelled;needs_currency_bridge:all_currency;reinvestment_bias_negative;no_independent_asset_duration_check;years_gap_unavailable:no_asset_value;legacy_english_format;ufr_shock_treatment_not_disclosed,84.911946,non_consolidated,book_unadjusted,-0.4343322905354213
japan_post,2015,2.7183,-130.32,-151.95,one_sided_up,undisclosed,all_currency,,,False,undisclosed,raw/japan_post/2015/eev/disc16_all.pdf,182.0,parsed,down_shock_unusable:undisclosed;one_sided_estimator_convexity_uncancelled;needs_currency_bridge:all_currency;reinvestment_bias_negative;no_independent_asset_duration_check;years_gap_unavailable:no_asset_value;legacy_english_format;ufr_shock_treatment_not_disclosed,81.543623,non_consolidated,book_unadjusted,-1.5981629857186992
japan_post,2016,3.3556,-61.79,-61.79,two_sided,none,all_currency,,,False,undisclosed,raw/japan_post/2016/eev/disc17_all.pdf,184.0,parsed,needs_currency_bridge:all_currency;reinvestment_bias_negative;no_independent_asset_duration_check;years_gap_unavailable:no_asset_value;legacy_english_format;ufr_shock_treatment_not_disclosed,80.336414,non_consolidated,book_unadjusted,-0.7691406290552127
japan_post,2017,3.7433,-51.42,-51.42,two_sided,none,all_currency,,,False,undisclosed,raw/japan_post/2017/eev/disc18_all.pdf,171.0,parsed,needs_currency_bridge:all_currency;reinvestment_bias_negative;no_independent_asset_duration_check;years_gap_unavailable:no_asset_value;legacy_english_format;ufr_shock_treatment_not_disclosed,76.832508,non_consolidated,book_unadjusted,-0.669247969882748
japan_post,2018,3.9257,-43.59,-43.59,two_sided,none,all_currency,,,False,undisclosed,raw/japan_post/2018/eev/disc19_all.pdf,172.0,parsed,needs_currency_bridge:all_currency;reinvestment_bias_negative;no_independent_asset_duration_check;years_gap_unavailable:no_asset_value;legacy_english_format;ufr_shock_treatment_not_disclosed,73.904576,non_consolidated,book_unadjusted,-0.5898146279873117
japan_post,2019,3.3242,-90.79,-90.79,two_sided,none,all_currency,,,False,undisclosed,raw/japan_post/2019/eev/disc20_all.pdf,176.0,parsed,needs_currency_bridge:all_currency;reinvestment_bias_negative;no_independent_asset_duration_check;years_gap_unavailable:no_asset_value;legacy_english_format;ufr_shock_treatment_not_disclosed,71.667398,non_consolidated,book_unadjusted,-1.2668242818024453
japan_post,2020,4.0262,-28.93,-28.93,two_sided,none,all_currency,,,False,undisclosed,raw/japan_post/2020/eev/disc21_all.pdf,180.0,parsed,needs_currency_bridge:all_currency;reinvestment_bias_negative;no_independent_asset_duration_check;years_gap_unavailable:no_asset_value;legacy_english_format;ufr_shock_treatment_not_disclosed,70.173857,non_consolidated,book_unadjusted,-0.4122617914531903
japan_post,2021,3.6189,3.27,3.27,two_sided,none,all_currency,,,False,undisclosed,raw/japan_post/2021/eev/disc22_all.pdf,94.0,parsed,needs_currency_bridge:all_currency;reinvestment_bias_negative;no_independent_asset_duration_check;years_gap_unavailable:no_asset_value;legacy_english_format;ufr_shock_treatment_not_disclosed,67.174848,non_consolidated,book_unadjusted,0.048678934115340314
japan_post,2022,3.4638,7.37,7.37,two_sided,none,all_currency,,,False,undisclosed,raw/japan_post/2022/eev/disc23_all.pdf,195.0,parsed,needs_currency_bridge:all_currency;reinvestment_bias_negative;no_independent_asset_duration_check;years_gap_unavailable:no_asset_value;legacy_english_format;ufr_shock_treatment_not_disclosed,62.68523,non_consolidated,book_unadjusted,0.11757155553230005
japan_post,2023,3.965,17.97,17.97,two_sided,none,all_currency,,,False,undisclosed,raw/japan_post/2023/eev/disc24-12.pdf,92.0,parsed,needs_currency_bridge:all_currency;reinvestment_bias_negative;no_independent_asset_duration_check;years_gap_unavailable:no_asset_value;legacy_english_format;ufr_shock_treatment_not_disclosed,60.85709,non_consolidated,book_unadjusted,0.2952819466063855
japan_post,2024,3.9409,18.73,18.73,two_sided,none,all_currency,,,False,undisclosed,raw/japan_post/2024/eev/disc25-12.pdf,95.0,parsed,needs_currency_bridge:all_currency;reinvestment_bias_negative;no_independent_asset_duration_check;years_gap_unavailable:no_asset_value;legacy_english_format;ufr_shock_treatment_not_disclosed,59.555517,non_consolidated,book_unadjusted,0.3144964722579774
meiji_yasuda,2010,2.2382,-27.34,-30.45,one_sided_up,floored_at_zero,jpy_only,110.14,,False,undisclosed,raw/meiji_yasuda/2010/eev/20110623_2.pdf,10.0,manual,down_shock_unusable:floored_at_zero;one_sided_estimator_convexity_uncancelled;reinvestment_bias_negative;anw_asset_duration_available;years_gap_unavailable:no_asset_value;extraction_method_manual,27.065316,non_consolidated,book_unadjusted,-1.0101489300919302
meiji_yasuda,2011,2.7024,-27.3,-33.63,one_sided_up,floored_at_zero,jpy_only,148.7,0.88,False,undisclosed,raw/meiji_yasuda/2011/eev/20120531_1.pdf,10.0,parsed,down_shock_unusable:floored_at_zero;one_sided_estimator_convexity_uncancelled;reinvestment_bias_negative;anw_asset_duration_available;years_gap_unavailable:no_asset_value,29.664157,non_consolidated,book_unadjusted,-0.9203025725625711
meiji_yasuda,2012,3.6686,-22.46,-22.33,one_sided_up,floored_at_zero,jpy_only,177.42,0.9994,False,undisclosed,raw/meiji_yasuda/2012/eev/20130531_01.pdf,10.0,parsed,down_shock_unusable:floored_at_zero;one_sided_estimator_convexity_uncancelled;reinvestment_bias_negative;anw_asset_duration_available;years_gap_unavailable:no_asset_value,33.000742,non_consolidated,book_unadjusted,-0.6805907576259952
meiji_yasuda,2013,4.2185,-16.14,-26.09,one_sided_up,floored_at_zero,jpy_only,187.5,1.0182,False,undisclosed,raw/meiji_yasuda/2013/eev/20140530_01.pdf,11.0,parsed,down_shock_unusable:floored_at_zero;one_sided_estimator_convexity_uncancelled;reinvestment_bias_negative;anw_asset_duration_available;years_gap_unavailable:no_asset_value,34.317745,non_consolidated,book_unadjusted,-0.4703106220994415
meiji_yasuda,2014,5.4905,-41.66,-51.49,one_sided_up,floored_at_zero,jpy_only,204.86,1.2326,False,undisclosed,raw/meiji_yasuda/2014/eev/20150528_02.pdf,10.0,parsed,down_shock_unusable:floored_at_zero;one_sided_estimator_convexity_uncancelled;reinvestment_bias_negative;anw_asset_duration_available;years_gap_unavailable:no_asset_value,36.469024,non_consolidated,book_unadjusted,-1.1423393178824857
meiji_yasuda,2015,3.6445,-78.42,-71.45,one_sided_up,floored_at_zero,jpy_only,223.44,,False,undisclosed,raw/meiji_yasuda/2015/eev/20160526_02.pdf,20.0,manual,down_shock_unusable:floored_at_zero;one_sided_estimator_convexity_uncancelled;reinvestment_bias_negative;anw_asset_duration_available;years_gap_unavailable:no_asset_value;extraction_method_manual;hybrid_floor_wording_narrower_than_plain_floored_at_zero,36.576681,non_consolidated,book_unadjusted,-2.1439889529615876
meiji_yasuda,2016,4.7132,-76.51,-76.51,two_sided,none,jpy_only,218.83,,False,undisclosed,raw/meiji_yasuda/2016/eev/20170525_02.pdf,21.0,manual,reinvestment_bias_negative;anw_asset_duration_available;years_gap_unavailable:no_asset_value;extraction_method_manual;shock_floor_manually_overridden_from_detector_false_positive,37.561475,non_consolidated,book_unadjusted,-2.036927463578041
meiji_yasuda,2017,4.7852,-58.42,-76.82,one_sided_up,undisclosed,jpy_only,211.68,,False,undisclosed,raw/meiji_yasuda/2017/eev/20180525_02.pdf,21.0,manual,down_shock_unusable:undisclosed;one_sided_estimator_convexity_uncancelled;reinvestment_bias_negative;anw_asset_duration_available;years_gap_unavailable:no_asset_value;extraction_method_manual;shock_floor_no_explicit_statement_this_document_not_none_by_continuity,38.564334,non_consolidated,book_unadjusted,-1.5148712279071122
meiji_yasuda,2018,4.5535,-106.12,-127.59,one_sided_up,undisclosed,jpy_only,205.64,,False,undisclosed,raw/meiji_yasuda/2018/eev/20190524_01.pdf,21.0,manual,down_shock_unusable:undisclosed;one_sided_estimator_convexity_uncancelled;reinvestment_bias_negative;anw_asset_duration_available;years_gap_unavailable:no_asset_value;extraction_method_manual;shock_floor_no_explicit_statement_this_document_not_none_by_continuity;large_jump_from_fy2017_needs_basis_break_scrutiny,39.260805,non_consolidated,book_unadjusted,-2.702950181485072
meiji_yasuda,2019,4.57,-98.74,-115.74,one_sided_up,undisclosed,jpy_only,192.88,,False,undisclosed,raw/meiji_yasuda/2019/eev/20200626_02.pdf,21.0,manual,down_shock_unusable:undisclosed;one_sided_estimator_convexity_uncancelled;reinvestment_bias_negative;anw_asset_duration_available;years_gap_unavailable:no_asset_value;extraction_method_manual;shock_floor_no_explicit_statement_this_document_not_none_by_continuity;last_eev_disclosure_before_group_surplus_replacement,39.530866,non_consolidated,book_unadjusted,-2.4977950141542555
meiji_yasuda,2020,7.37,-20.0,-31.0,one_sided_up,undisclosed,all_currency,,,False,undisclosed,raw/meiji_yasuda/2020/eev/20210521_01.pdf,,manual,down_shock_unusable:undisclosed;one_sided_estimator_convexity_uncancelled;needs_currency_bridge:all_currency;reinvestment_bias_negative;no_independent_asset_duration_check;years_gap_unavailable:no_asset_value;extraction_method_manual;group_surplus_not_eev;group_consolidated_not_entity_only;yen_gap_unavailable:all_currency_no_domestic_split,45.977802,group_consolidated,book_unadjusted,-0.434992520956091
meiji_yasuda,2021,7.73,-58.0,-65.0,one_sided_up,undisclosed,jpy_only,,,False,undisclosed,raw/meiji_yasuda/2022/eev/20230523_01.pdf,,manual,down_shock_unusable:undisclosed;one_sided_estimator_convexity_uncancelled;reinvestment_bias_negative;no_independent_asset_duration_check;years_gap_unavailable:no_asset_value;extraction_method_manual;group_surplus_not_eev;group_consolidated_not_entity_only;restated_by_fy2022_release_original_fy2021_figure_-33.0tn_superseded,48.202554,group_consolidated,book_unadjusted,-1.2032557444985177
meiji_yasuda,2022,7.97,-42.0,-49.0,one_sided_up,undisclosed,jpy_only,,,False,undisclosed,raw/meiji_yasuda/2022/eev/20230523_01.pdf,,manual,down_shock_unusable:undisclosed;one_sided_estimator_convexity_uncancelled;reinvestment_bias_negative;no_independent_asset_duration_check;years_gap_unavailable:no_asset_value;extraction_method_manual;group_surplus_not_eev;group_consolidated_not_entity_only,48.781836,group_consolidated,book_unadjusted,-0.8609762043396645
meiji_yasuda,2023,10.32,-26.0,-30.0,one_sided_up,undisclosed,jpy_only,,,False,undisclosed,raw/meiji_yasuda/2023/eev/20240523_01.pdf,,manual,down_shock_unusable:undisclosed;one_sided_estimator_convexity_uncancelled;reinvestment_bias_negative;no_independent_asset_duration_check;years_gap_unavailable:no_asset_value;extraction_method_manual;group_surplus_not_eev;group_consolidated_not_entity_only,52.850412,group_consolidated,book_unadjusted,-0.49195453764863745
meiji_yasuda,2024,11.27,-32.0,-37.0,one_sided_up,undisclosed,jpy_only,,,False,undisclosed,raw/meiji_yasuda/2024/eev/20250526_01.pdf,,manual,down_shock_unusable:undisclosed;one_sided_estimator_convexity_uncancelled;reinvestment_bias_negative;no_independent_asset_duration_check;years_gap_unavailable:no_asset_value;extraction_method_manual;group_surplus_not_eev;group_consolidated_not_entity_only;basis_break_before_fy2025_esr_transition_ufr_3.8pct_to_2.9pct,53.459267,group_consolidated,book_unadjusted,-0.5985865836881004
sumitomo,2009,1.9702,-46.42,-50.67,one_sided_up,undisclosed,jpy_only,73.59,0.6163,False,undisclosed,raw/sumitomo/2009/eev/ev2010.pdf,5.0,parsed,down_shock_unusable:undisclosed;one_sided_estimator_convexity_uncancelled;reinvestment_bias_negative;anw_asset_duration_available;years_gap_unavailable:no_asset_value;legacy_english_format;ufr_shock_treatment_not_disclosed,19.766064,non_consolidated,book_unadjusted,-2.348469578971312
sumitomo,2010,1.9695,-43.5,-48.49,one_sided_up,undisclosed,jpy_only,82.75,0.6486000000000001,False,undisclosed,raw/sumitomo/2010/eev/eev2011.pdf,5.0,parsed,down_shock_unusable:undisclosed;one_sided_estimator_convexity_uncancelled;reinvestment_bias_negative;anw_asset_duration_available;years_gap_unavailable:no_asset_value;legacy_english_format;ufr_shock_treatment_not_disclosed,20.778967,non_consolidated,book_unadjusted,-2.093463067726129
sumitomo,2011,2.3185,-50.0,-55.529999999999994,one_sided_up,undisclosed,jpy_only,95.28,0.761,False,undisclosed,raw/sumitomo/2011/eev/eev2012.pdf,5.0,parsed,down_shock_unusable:undisclosed;one_sided_estimator_convexity_uncancelled;reinvestment_bias_negative;anw_asset_duration_available;years_gap_unavailable:no_asset_value;legacy_english_format;ufr_shock_treatment_not_disclosed;ufr_method_legacy_extrapolation,20.978644,non_consolidated,book_unadjusted,-2.3833761610140294
sumitomo,2012,2.6622,-57.120000000000005,-61.84000000000001,one_sided_up,undisclosed,jpy_only,108.6,0.9042,False,undisclosed,raw/sumitomo/2012/eev/eev2013.pdf,9.0,parsed,down_shock_unusable:undisclosed;one_sided_estimator_convexity_uncancelled;reinvestment_bias_negative;anw_asset_duration_available;years_gap_unavailable:no_asset_value;legacy_english_format;ufr_shock_treatment_not_disclosed;scope_group_includes_medicare_life,23.42975,non_consolidated,book_unadjusted,-2.437926140910595
sumitomo,2013,3.1198,-52.96,-57.9,one_sided_up,undisclosed,jpy_only,110.8,0.8879000000000001,False,undisclosed,raw/sumitomo/2013/eev/eev2014.pdf,10.0,parsed,down_shock_unusable:undisclosed;one_sided_estimator_convexity_uncancelled;reinvestment_bias_negative;anw_asset_duration_available;years_gap_unavailable:no_asset_value;legacy_english_format;ufr_shock_treatment_not_disclosed;ufr_method_legacy_extrapolation,23.771196,non_consolidated,book_unadjusted,-2.2279064124497565
sumitomo,2014,3.6199,-73.0,-78.05,one_sided_up,undisclosed,jpy_only,118.22,1.0602,False,undisclosed,raw/sumitomo/2014/eev/eev2015.pdf,10.0,parsed,down_shock_unusable:undisclosed;one_sided_estimator_convexity_uncancelled;reinvestment_bias_negative;anw_asset_duration_available;years_gap_unavailable:no_asset_value;legacy_english_format;ufr_shock_treatment_not_disclosed;ufr_method_legacy_extrapolation,25.012772,non_consolidated,book_unadjusted,-2.9185089921261027
sumitomo,2015,2.6811,-131.24,-127.53000000000002,one_sided_up,undisclosed,jpy_only,108.00999999999999,1.4169,False,undisclosed,raw/sumitomo/2015/eev/eev2016.pdf,12.0,parsed,down_shock_unusable:undisclosed;one_sided_estimator_convexity_uncancelled;reinvestment_bias_negative;anw_asset_duration_available;years_gap_unavailable:no_asset_value;legacy_english_format;ufr_shock_treatment_not_disclosed;ufr_method_legacy_extrapolation,25.954805,non_consolidated,book_unadjusted,-5.05648183448113
sumitomo,2016,3.7203000000000004,-107.02,-104.38,one_sided_up,undisclosed,jpy_only,107.75999999999999,1.2623000000000002,False,undisclosed,raw/sumitomo/2016/eev/eev2017.pdf,19.0,parsed,down_shock_unusable:undisclosed;one_sided_estimator_convexity_uncancelled;reinvestment_bias_negative;anw_asset_duration_available;years_gap_unavailable:no_asset_value;legacy_english_format;ufr_shock_treatment_not_disclosed;ufr_basis_change_fy2016,28.804261,non_consolidated,book_unadjusted,-3.7154225203000344
sumitomo,2017,3.9680999999999997,-84.36,-79.29000000000002,one_sided_up,undisclosed,jpy_only,136.23,1.3048,False,undisclosed,raw/sumitomo/2017/eev/eev2018.pdf,18.0,parsed,down_shock_unusable:undisclosed;one_sided_estimator_convexity_uncancelled;reinvestment_bias_negative;anw_asset_duration_available;years_gap_unavailable:no_asset_value;legacy_english_format;ufr_shock_treatment_not_disclosed;ufr_basis_change_fy2016;rotated_text_extraction,30.56234,non_consolidated,book_unadjusted,-2.7602598492131167
sumitomo,2018,3.882,-86.66,-80.73,one_sided_up,undisclosed,jpy_only,148.4,1.3997,False,undisclosed,raw/sumitomo/2018/eev/eev2019.pdf,18.0,parsed,down_shock_unusable:undisclosed;one_sided_estimator_convexity_uncancelled;reinvestment_bias_negative;anw_asset_duration_available;years_gap_unavailable:no_asset_value;legacy_english_format;ufr_shock_treatment_not_disclosed;ufr_basis_change_fy2016;rotated_text_extraction,31.916765,non_consolidated,book_unadjusted,-2.7151874571248054
sumitomo,2019,3.7424,-81.0,-78.72,one_sided_up,undisclosed,jpy_only,152.09,1.4044,False,undisclosed,raw/sumitomo/2019/eev/eev2020.pdf,18.0,parsed,down_shock_unusable:undisclosed;one_sided_estimator_convexity_uncancelled;reinvestment_bias_negative;anw_asset_duration_available;years_gap_unavailable:no_asset_value;legacy_english_format;ufr_shock_treatment_not_disclosed;ufr_basis_change_fy2016,32.2335,non_consolidated,book_unadjusted,-2.512913583693983
sumitomo,2020,4.6625,-43.72,-45.97999999999999,one_sided_up,undisclosed,jpy_only,171.19,1.2829,False,undisclosed,raw/sumitomo/2020/eev/eev2021.pdf,18.0,parsed,down_shock_unusable:undisclosed;one_sided_estimator_convexity_uncancelled;reinvestment_bias_negative;anw_asset_duration_available;years_gap_unavailable:no_asset_value;legacy_english_format;ufr_shock_treatment_not_disclosed;ufr_basis_change_fy2016,34.595165,non_consolidated,book_unadjusted,-1.2637604127628816
sumitomo,2021,4.7431,-36.4,-35.03,one_sided_up,undisclosed,jpy_only,178.56,1.204,False,undisclosed,raw/sumitomo/2021/eev/eev2022.pdf,18.0,parsed,down_shock_unusable:undisclosed;one_sided_estimator_convexity_uncancelled;reinvestment_bias_negative;anw_asset_duration_available;years_gap_unavailable:no_asset_value;legacy_english_format;ufr_shock_treatment_not_disclosed;ufr_basis_change_fy2016,35.677924,non_consolidated,book_unadjusted,-1.0202387336213845
sumitomo,2022,4.6982,-28.2,-28.81,one_sided_up,undisclosed,jpy_only,171.74,1.0803,False,undisclosed,raw/sumitomo/2022/eev/eev2023.pdf,18.0,parsed,down_shock_unusable:undisclosed;one_sided_estimator_convexity_uncancelled;reinvestment_bias_negative;anw_asset_duration_available;years_gap_unavailable:no_asset_value;legacy_english_format;ufr_shock_treatment_not_disclosed;ufr_basis_change_fy2016;rotated_text_extraction,34.551122,non_consolidated,book_unadjusted,-0.8161818883913524
sumitomo,2023,5.731,12.6,12.53,one_sided_up,undisclosed,jpy_only,188.23,0.8953,False,undisclosed,raw/sumitomo/2023/eev/eev2024.pdf,19.0,parsed,down_shock_unusable:undisclosed;one_sided_estimator_convexity_uncancelled;reinvestment_bias_negative;anw_asset_duration_available;years_gap_unavailable:no_asset_value;legacy_english_format;ufr_shock_treatment_not_disclosed;ufr_basis_change_fy2016,37.381328,non_consolidated,book_unadjusted,0.3370666767108969
sumitomo,2024,5.793,10.96,8.71,one_sided_up,floored_at_zero,jpy_only,159.98,0.7451,True,undisclosed,raw/sumitomo/2024/eev/250526c.pdf,26.0,parsed,down_shock_unusable:floored_at_zero;one_sided_estimator_convexity_uncancelled;reinvestment_bias_negative;anw_asset_duration_available;ufr_held_fixed_under_shock;years_gap_unavailable:no_asset_value,36.031519,non_consolidated,book_unadjusted,0.3041781280439495
sumitomo,2025,7.498,18.78,18.56,one_sided_up,floored_at_zero,jpy_only,134.88,0.5805,True,undisclosed,raw/sumitomo/2025/eev/260526c.pdf,27.0,parsed,down_shock_unusable:floored_at_zero;one_sided_estimator_convexity_uncancelled;reinvestment_bias_negative;anw_asset_duration_available;ufr_held_fixed_under_shock;years_gap_unavailable:no_asset_value,36.935992,non_consolidated,book_unadjusted,0.5084471536597691
taiyo,2008,0.2958,-8.06,-9.5,one_sided_up,floored_at_zero,jpy_only,21.96,0.1464,False,undisclosed,raw/taiyo/2008/eev/20090519.pdf,20.0,parsed,down_shock_unusable:floored_at_zero;one_sided_estimator_convexity_uncancelled;reinvestment_bias_negative;anw_asset_duration_available;years_gap_unavailable:no_asset_value;legacy_td_japanese_format;ufr_shock_treatment_not_disclosed,,,,
taiyo,2009,0.4757,-3.56,-4.67,one_sided_up,floored_at_zero,jpy_only,23.18,0.1311,False,undisclosed,raw/taiyo/2009/eev/201005191.pdf,20.0,parsed,down_shock_unusable:floored_at_zero;one_sided_estimator_convexity_uncancelled;reinvestment_bias_negative;anw_asset_duration_available;years_gap_unavailable:no_asset_value;legacy_td_japanese_format;ufr_shock_treatment_not_disclosed,,,,
