firm_id,fy,period,hedge_notional_yen_bn,fx_asset_total_yen_bn,accounting_ratio_pct,ratio_type,hedge_accounting_scope,denominator
asahi,2008,annual,294.732,335.974,87.7,accounting,applied_only,all_foreign_securities
fukoku,2008,annual,126.50900000000001,441.71,28.6,accounting,applied_only,all_foreign_securities
asahi,2009,annual,278.438,309.645,89.9,accounting,applied_only,all_foreign_securities
fukoku,2009,annual,146.365,458.695,31.9,accounting,applied_only,all_foreign_securities
japan_post,2009,annual,89.354,518.195,17.2,accounting,applied_only,all_foreign_securities
meiji_yasuda,2009,annual,851.091,1899.026,44.8,accounting,applied_only,all_foreign_securities
sumitomo,2009,annual,1611.785,1879.131,85.8,accounting,applied_only,all_foreign_securities
taiju,2009,annual,110.994,616.35,18.0,accounting,applied_only,all_foreign_securities
taiyo,2009,annual,669.183,915.252,73.1,accounting,applied_only,all_foreign_securities
asahi,2010,annual,201.53,240.456,83.8,accounting,applied_only,all_foreign_securities
fukoku,2010,annual,130.704,696.207,18.8,accounting,applied_only,all_foreign_securities
japan_post,2010,annual,77.114,485.702,15.9,accounting,applied_only,all_foreign_securities
meiji_yasuda,2010,annual,877.804,2510.685,35.0,accounting,applied_only,all_foreign_securities
sumitomo,2010,annual,1933.873,2279.42,84.8,accounting,applied_only,all_foreign_securities
taiju,2010,annual,93.983,594.014,15.8,accounting,applied_only,all_foreign_securities
taiyo,2010,annual,710.597,928.3,76.5,accounting,applied_only,all_foreign_securities
asahi,2011,annual,158.567,184.522,85.9,accounting,applied_only,all_foreign_securities
daido,2011,annual,201.322,479.269,42.0,accounting,applied_only,all_foreign_securities
fukoku,2011,annual,115.58900000000001,770.441,15.0,accounting,applied_only,all_foreign_securities
japan_post,2011,annual,46.682,380.605,12.3,accounting,applied_only,all_foreign_securities
meiji_yasuda,2011,annual,683.264,2723.128,25.1,accounting,applied_only,all_foreign_securities
sumitomo,2011,annual,1891.743,2498.552,75.7,accounting,applied_only,all_foreign_securities
taiju,2011,annual,70.988,575.154,12.3,accounting,applied_only,all_foreign_securities
taiyo,2011,annual,690.191,956.873,72.1,accounting,applied_only,all_foreign_securities
asahi,2012,annual,207.74900000000002,226.414,91.8,accounting,applied_only,all_foreign_securities
daido,2012,annual,410.69,700.867,58.6,accounting,applied_only,all_foreign_securities
fukoku,2012,annual,139.52200000000002,959.813,14.5,accounting,applied_only,all_foreign_securities
japan_post,2012,annual,263.203,658.954,39.9,accounting,applied_only,all_foreign_securities
meiji_yasuda,2012,annual,1660.463,4258.637,39.0,accounting,applied_only,all_foreign_securities
sumitomo,2012,annual,2584.727,3699.814,69.9,accounting,applied_only,all_foreign_securities
taiju,2012,annual,70.99,736.99,9.6,accounting,applied_only,all_foreign_securities
taiyo,2012,annual,779.915,1324.248,58.9,accounting,applied_only,all_foreign_securities
asahi,2013,annual,254.82800000000003,248.394,102.6,accounting,applied_only,all_foreign_securities
daido,2013,annual,541.284,867.571,62.4,accounting,applied_only,all_foreign_securities
fukoku,2013,annual,364.79,1302.072,28.0,accounting,applied_only,all_foreign_securities
japan_post,2013,annual,404.256,1128.78,35.8,accounting,applied_only,all_foreign_securities
meiji_yasuda,2013,annual,2058.116,5008.45,41.1,accounting,applied_only,all_foreign_securities
sumitomo,2013,annual,2957.627,3856.203,76.7,accounting,applied_only,all_foreign_securities
taiju,2013,annual,67.992,823.347,8.3,accounting,applied_only,all_foreign_securities
taiyo,2013,annual,1354.518,1676.699,80.8,accounting,applied_only,all_foreign_securities
asahi,2014,annual,452.876,467.198,96.9,accounting,applied_only,all_foreign_securities
daido,2014,annual,1046.552,1440.519,72.7,accounting,applied_only,all_foreign_securities
fukoku,2014,annual,524.132,1572.701,33.3,accounting,applied_only,all_foreign_securities
japan_post,2014,annual,363.12,2196.349,16.5,accounting,applied_only,all_foreign_securities
meiji_yasuda,2014,annual,2390.33,6452.535,37.0,accounting,applied_only,all_foreign_securities
sumitomo,2014,annual,3329.371,4473.488,74.4,accounting,applied_only,all_foreign_securities
taiju,2014,annual,78.973,1081.261,7.3,accounting,applied_only,all_foreign_securities
taiyo,2014,annual,1271.226,1944.604,65.4,accounting,applied_only,all_foreign_securities
asahi,2015,annual,642.674,573.558,112.1,accounting,applied_only,all_foreign_securities
daido,2015,annual,1174.9170000000001,1570.76,74.8,accounting,applied_only,all_foreign_securities
fukoku,2015,annual,1045.081,1875.134,55.7,accounting,applied_only,all_foreign_securities
japan_post,2015,annual,1693.683,3949.417,42.9,accounting,applied_only,all_foreign_securities
meiji_yasuda,2015,annual,2162.91,7111.751,30.4,accounting,applied_only,all_foreign_securities
sumitomo,2015,annual,4395.293,5725.806,76.8,accounting,applied_only,all_foreign_securities
taiju,2015,annual,71.931,1249.385,5.8,accounting,applied_only,all_foreign_securities
taiyo,2015,annual,1375.099,1976.254,69.6,accounting,applied_only,all_foreign_securities
asahi,2016,annual,722.307,543.295,132.9,accounting,applied_only,all_foreign_securities
dai_ichi,2016,annual,6311.533,8407.769,75.1,accounting,applied_only,all_foreign_securities
daido,2016,annual,1302.528,1708.228,76.3,accounting,applied_only,all_foreign_securities
fukoku,2016,annual,966.608,1966.868,49.1,accounting,applied_only,all_foreign_securities
japan_post,2016,annual,2438.39,4753.649,51.3,accounting,applied_only,all_foreign_securities
meiji_yasuda,2016,annual,2892.258,8041.467,36.0,accounting,applied_only,all_foreign_securities
sumitomo,2016,annual,5736.315,7367.77,77.9,accounting,applied_only,all_foreign_securities
taiju,2016,annual,62.899,1429.006,4.4,accounting,applied_only,all_foreign_securities
taiyo,2016,annual,1470.684,1947.246,75.5,accounting,applied_only,all_foreign_securities
asahi,2017,annual,893.6759999999999,646.941,138.1,accounting,applied_only,all_foreign_securities
dai_ichi,2017,annual,6303.424,8938.137,70.5,accounting,applied_only,all_foreign_securities
daido,2017,annual,1366.774,1886.449,72.5,accounting,applied_only,all_foreign_securities
fukoku,2017,annual,615.945,1998.72,30.8,accounting,applied_only,all_foreign_securities
japan_post,2017,annual,2704.698,4748.512,57.0,accounting,applied_only,all_foreign_securities
meiji_yasuda,2017,annual,3416.5099999999998,8524.354,40.1,accounting,applied_only,all_foreign_securities
sumitomo,2017,annual,7270.236,9252.661,78.6,accounting,applied_only,all_foreign_securities
taiju,2017,annual,59.845,1648.776,3.6,accounting,applied_only,all_foreign_securities
taiyo,2017,annual,1477.415,2090.095,70.7,accounting,applied_only,all_foreign_securities
asahi,2018,annual,974.088,855.025,113.9,accounting,applied_only,all_foreign_securities
dai_ichi,2018,annual,5993.17,9131.204,65.6,accounting,applied_only,all_foreign_securities
daido,2018,annual,1669.47,2058.813,81.1,accounting,applied_only,all_foreign_securities
fukoku,2018,annual,807.348,2220.198,36.4,accounting,applied_only,all_foreign_securities
japan_post,2018,annual,3923.8990000000003,5513.137,71.2,accounting,applied_only,all_foreign_securities
meiji_yasuda,2018,annual,3887.215,9556.503,40.7,accounting,applied_only,all_foreign_securities
sumitomo,2018,annual,7199.057000000001,10117.094,71.2,accounting,applied_only,all_foreign_securities
taiju,2018,annual,42.87,2070.182,2.1,accounting,applied_only,all_foreign_securities
taiyo,2018,annual,1720.498,2495.083,69.0,accounting,applied_only,all_foreign_securities
asahi,2019,annual,1321.189,1071.343,123.3,accounting,applied_only,all_foreign_securities
dai_ichi,2019,annual,6408.863,9571.618,67.0,accounting,applied_only,all_foreign_securities
daido,2019,annual,1881.919,2248.46,83.7,accounting,applied_only,all_foreign_securities
fukoku,2019,annual,819.039,2159.294,37.9,accounting,applied_only,all_foreign_securities
japan_post,2019,annual,3383.196,4980.015,67.9,accounting,applied_only,all_foreign_securities
meiji_yasuda,2019,annual,4719.021,10605.449,44.5,accounting,applied_only,all_foreign_securities
sumitomo,2019,annual,7781.403,10453.682,74.4,accounting,applied_only,all_foreign_securities
taiju,2019,annual,40.96,2055.221,2.0,accounting,applied_only,all_foreign_securities
taiyo,2019,annual,1805.772,2643.932,68.3,accounting,applied_only,all_foreign_securities
taiju,2019,interim,42.881,2188.385,2.0,accounting,applied_only,all_foreign_securities
asahi,2020,annual,1115.021,1143.444,97.5,accounting,applied_only,all_foreign_securities
dai_ichi,2020,annual,7400.38,10428.868,71.0,accounting,applied_only,all_foreign_securities
daido,2020,annual,1848.113,2446.193,75.6,accounting,applied_only,all_foreign_securities
fukoku,2020,annual,932.237,2421.279,38.5,accounting,applied_only,all_foreign_securities
japan_post,2020,annual,3492.7709999999997,5397.078,64.7,accounting,applied_only,all_foreign_securities
meiji_yasuda,2020,annual,4455.114,11263.147,39.6,accounting,applied_only,all_foreign_securities
nippon,2020,annual,10568.3,20675.767,51.1,accounting,applied_only,all_foreign_securities
sumitomo,2020,annual,8417.375,11799.295,71.3,accounting,applied_only,all_foreign_securities
taiju,2020,annual,40.983,2225.628,1.8,accounting,applied_only,all_foreign_securities
taiyo,2020,annual,1927.2099999999998,2840.442,67.8,accounting,applied_only,all_foreign_securities
fukoku,2020,interim,908.682,2317.958,39.2,accounting,applied_only,all_foreign_securities
taiju,2020,interim,40.98,2230.232,1.8,accounting,applied_only,all_foreign_securities
asahi,2021,annual,1082.812,1207.428,89.7,accounting,applied_only,all_foreign_securities
dai_ichi,2021,annual,6650.609,9520.911,69.9,accounting,applied_only,all_foreign_securities
daido,2021,annual,1749.7540000000001,2602.382,67.2,accounting,applied_only,all_foreign_securities
fukoku,2021,annual,944.462,2629.067,35.9,accounting,applied_only,all_foreign_securities
japan_post,2021,annual,3294.103,5466.745,60.3,accounting,applied_only,all_foreign_securities
meiji_yasuda,2021,annual,4041.163,12597.54,32.1,accounting,applied_only,all_foreign_securities
nippon,2021,annual,11719.5,21569.434,54.3,accounting,applied_only,all_foreign_securities
sumitomo,2021,annual,8463.146,12660.503,66.8,accounting,applied_only,all_foreign_securities
taiju,2021,annual,2.999,2220.308,0.1,accounting,applied_only,all_foreign_securities
taiyo,2021,annual,1777.705,2628.46,67.6,accounting,applied_only,all_foreign_securities
asahi,2021,interim,1113.421,1174.463,94.8,accounting,applied_only,all_foreign_securities
dai_ichi,2021,interim,7503.363,10385.08,72.3,accounting,applied_only,all_foreign_securities
fukoku,2021,interim,963.2810000000001,2502.015,38.5,accounting,applied_only,all_foreign_securities
meiji_yasuda,2021,interim,4320.391,11763.881,36.7,accounting,applied_only,all_foreign_securities
nippon,2021,interim,11272.8,20870.7,54.0,accounting,applied_only,all_foreign_securities
sumitomo,2021,interim,8549.693,11971.059,71.4,accounting,applied_only,all_foreign_securities
taiju,2021,interim,2.999,2211.603,0.1,accounting,applied_only,all_foreign_securities
asahi,2022,annual,851.338,903.274,94.3,accounting,applied_only,all_foreign_securities
dai_ichi,2022,annual,2950.407,4937.777,59.8,accounting,applied_only,all_foreign_securities
daido,2022,annual,1016.106,1960.641,51.8,accounting,applied_only,all_foreign_securities
fukoku,2022,annual,191.105,1802.337,10.6,accounting,applied_only,all_foreign_securities
japan_post,2022,annual,1882.0810000000001,4343.334,43.3,accounting,applied_only,all_foreign_securities
meiji_yasuda,2022,annual,4002.367,13240.399,30.2,accounting,applied_only,all_foreign_securities
nippon,2022,annual,10709.800000000001,18134.015,59.1,accounting,applied_only,all_foreign_securities
sumitomo,2022,annual,5383.059,9754.013,55.2,accounting,applied_only,all_foreign_securities
taiju,2022,annual,2.974,2118.74,0.1,accounting,applied_only,all_foreign_securities
taiyo,2022,annual,1227.9089999999999,1934.349,63.5,accounting,applied_only,all_foreign_securities
asahi,2022,interim,839.962,1027.138,81.8,accounting,applied_only,all_foreign_securities
dai_ichi,2022,interim,4997.332,6706.646,74.5,accounting,applied_only,all_foreign_securities
fukoku,2022,interim,458.056,2245.783,20.4,accounting,applied_only,all_foreign_securities
meiji_yasuda,2022,interim,5210.482,13534.441,38.5,accounting,applied_only,all_foreign_securities
nippon,2022,interim,11895.0,20112.4,59.1,accounting,applied_only,all_foreign_securities
sumitomo,2022,interim,7982.496,12440.176,64.2,accounting,applied_only,all_foreign_securities
taiju,2022,interim,2.999,2151.728,0.1,accounting,applied_only,all_foreign_securities
asahi,2023,annual,427.17900000000003,844.355,50.6,accounting,applied_only,all_foreign_securities
dai_ichi,2023,annual,2263.879,4747.199,47.7,accounting,applied_only,all_foreign_securities
daido,2023,annual,817.14,2003.776,40.8,accounting,applied_only,all_foreign_securities
fukoku,2023,annual,0.0,2065.852,0.0,accounting,applied_only,all_foreign_securities
japan_post,2023,annual,1352.952,4084.392,33.1,accounting,applied_only,all_foreign_securities
meiji_yasuda,2023,annual,3566.538,14912.042,23.9,accounting,applied_only,all_foreign_securities
nippon,2023,annual,11247.300000000001,21090.1,53.3,accounting,applied_only,all_foreign_securities
sumitomo,2023,annual,5123.041,12080.542,42.4,accounting,applied_only,all_foreign_securities
taiju,2023,annual,2.969,2194.143,0.1,accounting,applied_only,all_foreign_securities
taiyo,2023,annual,1079.7150000000001,1857.337,58.1,accounting,applied_only,all_foreign_securities
asahi,2023,interim,414.561,809.72,51.2,accounting,applied_only,all_foreign_securities
dai_ichi,2023,interim,2327.304,4824.68,48.2,accounting,applied_only,all_foreign_securities
fukoku,2023,interim,0.0,1888.437,0.0,accounting,applied_only,all_foreign_securities
meiji_yasuda,2023,interim,3572.437,13907.415,25.7,accounting,applied_only,all_foreign_securities
nippon,2023,interim,11107.8,19809.1,56.1,accounting,applied_only,all_foreign_securities
sumitomo,2023,interim,5206.006,11167.623,46.6,accounting,applied_only,all_foreign_securities
taiju,2023,interim,2.971,2302.181,0.1,accounting,applied_only,all_foreign_securities
asahi,2024,annual,541.379,808.917,66.9,accounting,applied_only,all_foreign_securities
dai_ichi,2024,annual,2228.266,4342.373,51.3,accounting,applied_only,all_foreign_securities
daido,2024,annual,770.316,1854.867,41.5,accounting,applied_only,all_foreign_securities
fukoku,2024,annual,0.0,2055.828,0.0,accounting,applied_only,all_foreign_securities
japan_post,2024,annual,1428.202,4131.183,34.6,accounting,applied_only,all_foreign_securities
meiji_yasuda,2024,annual,3912.2920000000004,15183.952,25.8,accounting,applied_only,all_foreign_securities
nippon,2024,annual,11081.137,21565.192,51.4,accounting,applied_only,all_foreign_securities
sumitomo,2024,annual,4649.536,10484.519,44.3,accounting,applied_only,all_foreign_securities
taiyo,2024,annual,797.93,1623.207,49.2,accounting,applied_only,all_foreign_securities
asahi,2024,interim,592.636,875.368,67.7,accounting,applied_only,all_foreign_securities
dai_ichi,2024,interim,1972.913,4255.435,46.4,accounting,applied_only,all_foreign_securities
fukoku,2024,interim,0.0,2051.276,0.0,accounting,applied_only,all_foreign_securities
meiji_yasuda,2024,interim,3894.578,14531.832,26.8,accounting,applied_only,all_foreign_securities
nippon,2024,interim,10915.800000000001,20492.1,53.3,accounting,applied_only,all_foreign_securities
sumitomo,2024,interim,5133.034,11474.078,44.7,accounting,applied_only,all_foreign_securities
taiju,2024,interim,2.989,2216.308,0.1,accounting,applied_only,all_foreign_securities
asahi,2025,annual,481.59299999999996,903.554,53.3,accounting,applied_only,all_foreign_securities
daido,2025,annual,816.185,2006.884,40.7,accounting,applied_only,all_foreign_securities
meiji_yasuda,2025,annual,4864.767,16307.223,29.8,accounting,applied_only,all_foreign_securities
nippon,2025,annual,11941.707,25400.862,47.0,accounting,applied_only,all_foreign_securities
sumitomo,2025,annual,4993.01,11533.805,43.3,accounting,applied_only,all_foreign_securities
taiyo,2025,annual,866.591,1613.227,53.7,accounting,applied_only,all_foreign_securities
asahi,2025,interim,484.122,892.548,54.2,accounting,applied_only,all_foreign_securities
dai_ichi,2025,interim,2252.266,4326.36,52.1,accounting,applied_only,all_foreign_securities
fukoku,2025,interim,0.0,1653.076,0.0,accounting,applied_only,all_foreign_securities
meiji_yasuda,2025,interim,4496.438,15469.556,29.1,accounting,applied_only,all_foreign_securities
nippon,2025,interim,11553.8,22857.8,50.5,accounting,applied_only,all_foreign_securities
sumitomo,2025,interim,4803.687,10907.952,44.0,accounting,applied_only,all_foreign_securities
taiju,2025,interim,2.978,2479.627,0.1,accounting,applied_only,all_foreign_securities
