series_id,series_key,entity_id,obs_date,freq,value,unit,definition_version,basis,basis_note,source_url,source_doc,vintage
1,economic_hedge_ratio,fubon_life,2014-04-01,Q,0.766,ratio,deck_disclosed,IFRS4,"the deck's own wedge 外匯交換、無本金遠期外匯、外幣保單 — derivatives plus FX-policy backing as a share of FX assets; the wedge names its contents, so the base is stated, not inferred (decisions 4.2)",https://www.irpro.co/2881/events/128/CH/1H2014_Fubon presentation_CH_4NNDNF6rN2nh.pdf,"富邦金控 results deck, Fubon Life hedging page",2014-06-30
1,economic_hedge_ratio,fubon_life,2014-07-01,Q,0.758,ratio,deck_disclosed,IFRS4,"the deck's own wedge 外匯交換、無本金遠期外匯、外幣保單 — derivatives plus FX-policy backing as a share of FX assets; the wedge names its contents, so the base is stated, not inferred (decisions 4.2)",https://www.irpro.co/2881/events/136/CH/3Q14_presentation_chi_dPrjTnKDfyNF.pdf,"富邦金控 results deck, Fubon Life hedging page",2014-09-30
1,economic_hedge_ratio,fubon_life,2014-10-01,Q,0.763,ratio,deck_disclosed,IFRS4,"the deck's own wedge 外匯交換、無本金遠期外匯、外幣保單 — derivatives plus FX-policy backing as a share of FX assets; the wedge names its contents, so the base is stated, not inferred (decisions 4.2)",https://www.irpro.co/2881/events/144/CH/Presentation - 4Q14 - Chi_Lcp3JQEbaJc2.pdf,"富邦金控 results deck, Fubon Life hedging page",2014-12-31
1,economic_hedge_ratio,fubon_life,2015-04-01,Q,0.755,ratio,deck_disclosed,IFRS4,"the deck's own wedge 外匯交換、無本金遠期外匯、外幣保單 — derivatives plus FX-policy backing as a share of FX assets; the wedge names its contents, so the base is stated, not inferred (decisions 4.2)",https://www.irpro.co/2881/events/152/CH/Presentation - 1H15 - Chi_hAcJfLBtJkCM.pdf,"富邦金控 results deck, Fubon Life hedging page",2015-06-30
1,economic_hedge_ratio,fubon_life,2015-07-01,Q,0.752,ratio,deck_disclosed,IFRS4,"the deck's own wedge 外匯交換、無本金遠期外匯、外幣保單 — derivatives plus FX-policy backing as a share of FX assets; the wedge names its contents, so the base is stated, not inferred (decisions 4.2)",https://www.irpro.co/2881/events/165/CH/Presentation- 3Q15- Chi_unqBqLmcMP6p.pdf,"富邦金控 results deck, Fubon Life hedging page",2015-09-30
1,economic_hedge_ratio,fubon_life,2018-01-01,Q,0.952,ratio,deck_disclosed,IFRS4,"the deck's own wedge 外匯交換、無本金遠期外匯、外幣保單 — derivatives plus FX-policy backing as a share of FX assets; the wedge names its contents, so the base is stated, not inferred (decisions 4.2)",https://www.irpro.co/2881/events/226/CH/Presentation_1Q18_CH_A46njjCc7FkT.pdf,"富邦金控 results deck, Fubon Life hedging page",2018-03-31
1,economic_hedge_ratio,fubon_life,2018-04-01,Q,0.924,ratio,deck_disclosed,IFRS4,"the deck's own wedge 外匯交換、無本金遠期外匯、外幣保單 — derivatives plus FX-policy backing as a share of FX assets; the wedge names its contents, so the base is stated, not inferred (decisions 4.2)",https://www.irpro.co/2881/events/233/CH/Presentation_2Q18_CH_pjrnETCENDcp.pdf,"富邦金控 results deck, Fubon Life hedging page",2018-06-30
1,economic_hedge_ratio,fubon_life,2018-07-01,Q,0.927,ratio,deck_disclosed,IFRS4,"the deck's own wedge 外匯交換、無本金遠期外匯、外幣保單 — derivatives plus FX-policy backing as a share of FX assets; the wedge names its contents, so the base is stated, not inferred (decisions 4.2)",https://www.irpro.co/2881/events/237/CH/Presentation_3Q18_CH_pfUi3769mEgI.pdf,"富邦金控 results deck, Fubon Life hedging page",2018-09-30
1,economic_hedge_ratio,fubon_life,2018-10-01,Q,0.877,ratio,deck_disclosed,IFRS4,"the deck's own wedge 外匯交換、無本金遠期外匯、外幣保單 — derivatives plus FX-policy backing as a share of FX assets; the wedge names its contents, so the base is stated, not inferred (decisions 4.2)",https://www.irpro.co/2881/events/243/CH/Presentation_2018_CH_UI34HHMB75JD.pdf,"富邦金控 results deck, Fubon Life hedging page",2018-12-31
1,economic_hedge_ratio,fubon_life,2019-01-01,Q,0.853,ratio,deck_disclosed,IFRS4,"the deck's own wedge 外匯交換、無本金遠期外匯、外幣保單 — derivatives plus FX-policy backing as a share of FX assets; the wedge names its contents, so the base is stated, not inferred (decisions 4.2)",https://www.irpro.co/2881/events/248/CH/Presentation_1Q19_CH_mF5ktiljcJgI.pdf,"富邦金控 results deck, Fubon Life hedging page",2019-03-31
1,economic_hedge_ratio,fubon_life,2019-04-01,Q,0.835,ratio,deck_disclosed,IFRS4,"the deck's own wedge 外匯交換、無本金遠期外匯、外幣保單 — derivatives plus FX-policy backing as a share of FX assets; the wedge names its contents, so the base is stated, not inferred (decisions 4.2)",https://www.irpro.co/2881/events/257/CH/Presentation_2Q19_CH_affFFgH6JAQY.pdf,"富邦金控 results deck, Fubon Life hedging page",2019-06-30
1,economic_hedge_ratio,fubon_life,2019-07-01,Q,0.894,ratio,deck_disclosed,IFRS4,"the deck's own wedge 外匯交換、無本金遠期外匯、外幣保單 — derivatives plus FX-policy backing as a share of FX assets; the wedge names its contents, so the base is stated, not inferred (decisions 4.2)",https://www.irpro.co/2881/events/263/CH/Presentation_3Q19_CH_jpbbuDUHBjbk.pdf,"富邦金控 results deck, Fubon Life hedging page",2019-09-30
1,economic_hedge_ratio,fubon_life,2019-10-01,Q,0.888,ratio,deck_disclosed,IFRS4,"the deck's own wedge 外匯交換、無本金遠期外匯、外幣保單 — derivatives plus FX-policy backing as a share of FX assets; the wedge names its contents, so the base is stated, not inferred (decisions 4.2)",https://www.irpro.co/2881/events/267/CH/Presentation_4Q19_CH_v2_fKtjfA2AanlF.pdf,"富邦金控 results deck, Fubon Life hedging page",2019-12-31
1,economic_hedge_ratio,fubon_life,2020-01-01,Q,0.866,ratio,deck_disclosed,IFRS4,"the deck's own wedge 外匯交換、無本金遠期外匯、外幣保單 — derivatives plus FX-policy backing as a share of FX assets; the wedge names its contents, so the base is stated, not inferred (decisions 4.2)",https://www.irpro.co/2881/events/270/CH/Presentation_1Q20_EN_v2_g631C3Ll3IFj.pdf,"富邦金控 results deck, Fubon Life hedging page",2020-03-31
1,economic_hedge_ratio,fubon_life,2020-04-01,Q,0.863,ratio,deck_disclosed,IFRS4,"the deck's own wedge 外匯交換、無本金遠期外匯、外幣保單 — derivatives plus FX-policy backing as a share of FX assets; the wedge names its contents, so the base is stated, not inferred (decisions 4.2)",https://www.irpro.co/2881/events/274/CH/Presentation_2Q20_CH_BAnBF77MrAiB.pdf,"富邦金控 results deck, Fubon Life hedging page",2020-06-30
1,economic_hedge_ratio,fubon_life,2020-10-01,Q,0.855,ratio,deck_disclosed,IFRS4,"the deck's own wedge 外匯交換、無本金遠期外匯、外幣保單 — derivatives plus FX-policy backing as a share of FX assets; the wedge names its contents, so the base is stated, not inferred (decisions 4.2)",https://www.irpro.co/2881/events/290/CH/20210331133121-1.pdf,"富邦金控 results deck, Fubon Life hedging page",2020-12-31
1,economic_hedge_ratio,fubon_life,2021-01-01,Q,0.838,ratio,deck_disclosed,IFRS4,"the deck's own wedge 外匯交換、無本金遠期外匯、外幣保單 — derivatives plus FX-policy backing as a share of FX assets; the wedge names its contents, so the base is stated, not inferred (decisions 4.2)",https://www.irpro.co/2881/events/295/CH/20210520134858-1.pdf,"富邦金控 results deck, Fubon Life hedging page",2021-03-31
1,economic_hedge_ratio,fubon_life,2021-04-01,Q,0.847,ratio,deck_disclosed,IFRS4,"the deck's own wedge 外匯交換、無本金遠期外匯、外幣保單 — derivatives plus FX-policy backing as a share of FX assets; the wedge names its contents, so the base is stated, not inferred (decisions 4.2)",https://www.irpro.co/2881/events/309/CH/20210820134119-1.pdf,"富邦金控 results deck, Fubon Life hedging page",2021-06-30
1,economic_hedge_ratio,fubon_life,2021-07-01,Q,0.879,ratio,deck_disclosed,IFRS4,"the deck's own wedge 外匯交換、無本金遠期外匯、外幣保單 — derivatives plus FX-policy backing as a share of FX assets; the wedge names its contents, so the base is stated, not inferred (decisions 4.2)",https://www.irpro.co/2881/events/321/CH/20211201175441-1.pdf,"富邦金控 results deck, Fubon Life hedging page",2021-09-30
1,economic_hedge_ratio,fubon_life,2021-10-01,Q,0.897,ratio,deck_disclosed,IFRS4,"the deck's own wedge 外匯交換、無本金遠期外匯、外幣保單 — derivatives plus FX-policy backing as a share of FX assets; the wedge names its contents, so the base is stated, not inferred (decisions 4.2)",https://www.irpro.co/2881/events/327/CH/20220311133137-1.pdf,"富邦金控 results deck, Fubon Life hedging page",2021-12-31
1,economic_hedge_ratio,fubon_life,2022-01-01,Q,0.84,ratio,deck_disclosed,IFRS4,"the deck's own wedge 外匯交換、無本金遠期外匯、外幣保單 — derivatives plus FX-policy backing as a share of FX assets; the wedge names its contents, so the base is stated, not inferred (decisions 4.2)",https://www.irpro.co/2881/events/349/CH/20220609083940-1.pdf,"富邦金控 results deck, Fubon Life hedging page",2022-03-31
1,economic_hedge_ratio,fubon_life,2022-04-01,Q,0.839,ratio,deck_disclosed,IFRS4,"the deck's own wedge 外匯交換、無本金遠期外匯、外幣保單 — derivatives plus FX-policy backing as a share of FX assets; the wedge names its contents, so the base is stated, not inferred (decisions 4.2)",https://www.irpro.co/2881/events/361/CH/20220819133014-1.pdf,"富邦金控 results deck, Fubon Life hedging page",2022-06-30
1,economic_hedge_ratio,fubon_life,2022-07-01,Q,0.815,ratio,deck_disclosed,IFRS4,"the deck's own wedge 外匯交換、無本金遠期外匯、外幣保單 — derivatives plus FX-policy backing as a share of FX assets; the wedge names its contents, so the base is stated, not inferred (decisions 4.2)",https://www.irpro.co/2881/events/371/CH/20221125133936-1.pdf,"富邦金控 results deck, Fubon Life hedging page",2022-09-30
1,economic_hedge_ratio,fubon_life,2022-10-01,Q,0.825,ratio,deck_disclosed,IFRS4,"the deck's own wedge 外匯交換、無本金遠期外匯、外幣保單 — derivatives plus FX-policy backing as a share of FX assets; the wedge names its contents, so the base is stated, not inferred (decisions 4.2)",https://www.irpro.co/2881/events/389/CH/20230316133024-1.pdf,"富邦金控 results deck, Fubon Life hedging page",2022-12-31
1,economic_hedge_ratio,fubon_life,2023-01-01,Q,0.81,ratio,deck_disclosed,IFRS4,"the deck's own wedge 外匯交換、無本金遠期外匯、外幣保單 — derivatives plus FX-policy backing as a share of FX assets; the wedge names its contents, so the base is stated, not inferred (decisions 4.2)",https://www.irpro.co/2881/events/397/CH/20230518133024-1.pdf,"富邦金控 results deck, Fubon Life hedging page",2023-03-31
1,economic_hedge_ratio,fubon_life,2023-04-01,Q,0.785,ratio,deck_disclosed,IFRS4,"the deck's own wedge 外匯交換、無本金遠期外匯、外幣保單 — derivatives plus FX-policy backing as a share of FX assets; the wedge names its contents, so the base is stated, not inferred (decisions 4.2)",https://www.irpro.co/2881/events/409/CH/20230824133041-1.pdf,"富邦金控 results deck, Fubon Life hedging page",2023-06-30
1,economic_hedge_ratio,fubon_life,2023-07-01,Q,0.763,ratio,deck_disclosed,IFRS4,"the deck's own wedge 外匯交換、無本金遠期外匯、外幣保單 — derivatives plus FX-policy backing as a share of FX assets; the wedge names its contents, so the base is stated, not inferred (decisions 4.2)",https://www.irpro.co/2881/events/422/CH/20231117133004-1.pdf,"富邦金控 results deck, Fubon Life hedging page",2023-09-30
1,economic_hedge_ratio,fubon_life,2023-10-01,Q,0.878,ratio,deck_disclosed,IFRS4,"the deck's own wedge 外匯交換、無本金遠期外匯、外幣保單 — derivatives plus FX-policy backing as a share of FX assets; the wedge names its contents, so the base is stated, not inferred (decisions 4.2)",https://www.irpro.co/2881/events/438/CH/20240322133027-1.pdf,"富邦金控 results deck, Fubon Life hedging page",2023-12-31
1,economic_hedge_ratio,fubon_life,2024-01-01,Q,0.757,ratio,deck_disclosed,IFRS4,"the deck's own wedge 外匯交換、無本金遠期外匯、外幣保單 — derivatives plus FX-policy backing as a share of FX assets; the wedge names its contents, so the base is stated, not inferred (decisions 4.2)",https://www.irpro.co/2881/events/452/CH/20240523131939-1.pdf,"富邦金控 results deck, Fubon Life hedging page",2024-03-31
1,economic_hedge_ratio,fubon_life,2024-04-01,Q,0.764,ratio,deck_disclosed,IFRS4,"the deck's own wedge 外匯交換、無本金遠期外匯、外幣保單 — derivatives plus FX-policy backing as a share of FX assets; the wedge names its contents, so the base is stated, not inferred (decisions 4.2)",https://www.irpro.co/2881/events/471/CH/20240829133446-1.pdf,"富邦金控 results deck, Fubon Life hedging page",2024-06-30
1,economic_hedge_ratio,fubon_life,2024-07-01,Q,0.806,ratio,deck_disclosed,IFRS4,"the deck's own wedge 外匯交換、無本金遠期外匯、外幣保單 — derivatives plus FX-policy backing as a share of FX assets; the wedge names its contents, so the base is stated, not inferred (decisions 4.2)",https://www.irpro.co/2881/events/480/CH/20250311094155-1.pdf,"富邦金控 results deck, Fubon Life hedging page",2024-09-30
1,economic_hedge_ratio,fubon_life,2024-10-01,Q,0.746,ratio,deck_disclosed,IFRS4,"the deck's own wedge 外匯交換、無本金遠期外匯、外幣保單 — derivatives plus FX-policy backing as a share of FX assets; the wedge names its contents, so the base is stated, not inferred (decisions 4.2)",https://www.irpro.co/2881/events/493/CH/20250317140157-1.pdf,"富邦金控 results deck, Fubon Life hedging page",2024-12-31
1,economic_hedge_ratio,fubon_life,2025-01-01,Q,0.71,ratio,deck_disclosed,IFRS4,"the deck's own wedge 外匯交換、無本金遠期外匯、外幣保單 — derivatives plus FX-policy backing as a share of FX assets; the wedge names its contents, so the base is stated, not inferred (decisions 4.2)",https://www.irpro.co/2881/events/505/CH/20250605122509-1.pdf,"富邦金控 results deck, Fubon Life hedging page",2025-03-31
1,economic_hedge_ratio,fubon_life,2025-04-01,Q,0.789,ratio,deck_disclosed,IFRS4,"the deck's own wedge 外匯交換、無本金遠期外匯、外幣保單 — derivatives plus FX-policy backing as a share of FX assets; the wedge names its contents, so the base is stated, not inferred (decisions 4.2)",https://www.irpro.co/2881/events/521/CH/20250825140247-1.pdf,"富邦金控 results deck, Fubon Life hedging page",2025-06-30
1,economic_hedge_ratio,fubon_life,2025-07-01,Q,0.618,ratio,deck_disclosed,IFRS4,"the deck's own wedge 外匯交換、無本金遠期外匯、外幣保單 — derivatives plus FX-policy backing as a share of FX assets; the wedge names its contents, so the base is stated, not inferred (decisions 4.2)",https://www.irpro.co/2881/events/538/EN/20251124140129-1.pdf,"富邦金控 results deck, Fubon Life hedging page",2025-09-30
1,economic_hedge_ratio,fubon_life,2025-10-01,Q,0.577,ratio,deck_disclosed,IFRS4,"the deck's own wedge 外匯交換、無本金遠期外匯、外幣保單 — derivatives plus FX-policy backing as a share of FX assets; the wedge names its contents, so the base is stated, not inferred (decisions 4.2)",https://www.irpro.co/2881/events/553/CH/20260316141621-1.pdf,"富邦金控 results deck, Fubon Life hedging page",2025-12-31
2,net_open_fx_share,fubon_life,2014-04-01,Q,0.234,share of FX assets,deck_disclosed,IFRS4,"complement of the economic-hedge wedge: unhedged currency positions, plus the separately-drawn equity/mutual-fund wedge in the 2014-15 editions",https://www.irpro.co/2881/events/128/CH/1H2014_Fubon presentation_CH_4NNDNF6rN2nh.pdf,"富邦金控 results deck, Fubon Life hedging page",2014-06-30
2,net_open_fx_share,fubon_life,2014-07-01,Q,0.242,share of FX assets,deck_disclosed,IFRS4,"complement of the economic-hedge wedge: unhedged currency positions, plus the separately-drawn equity/mutual-fund wedge in the 2014-15 editions",https://www.irpro.co/2881/events/136/CH/3Q14_presentation_chi_dPrjTnKDfyNF.pdf,"富邦金控 results deck, Fubon Life hedging page",2014-09-30
2,net_open_fx_share,fubon_life,2014-10-01,Q,0.237,share of FX assets,deck_disclosed,IFRS4,"complement of the economic-hedge wedge: unhedged currency positions, plus the separately-drawn equity/mutual-fund wedge in the 2014-15 editions",https://www.irpro.co/2881/events/144/CH/Presentation - 4Q14 - Chi_Lcp3JQEbaJc2.pdf,"富邦金控 results deck, Fubon Life hedging page",2014-12-31
2,net_open_fx_share,fubon_life,2015-04-01,Q,0.245,share of FX assets,deck_disclosed,IFRS4,"complement of the economic-hedge wedge: unhedged currency positions, plus the separately-drawn equity/mutual-fund wedge in the 2014-15 editions",https://www.irpro.co/2881/events/152/CH/Presentation - 1H15 - Chi_hAcJfLBtJkCM.pdf,"富邦金控 results deck, Fubon Life hedging page",2015-06-30
2,net_open_fx_share,fubon_life,2015-07-01,Q,0.248,share of FX assets,deck_disclosed,IFRS4,"complement of the economic-hedge wedge: unhedged currency positions, plus the separately-drawn equity/mutual-fund wedge in the 2014-15 editions",https://www.irpro.co/2881/events/165/CH/Presentation- 3Q15- Chi_unqBqLmcMP6p.pdf,"富邦金控 results deck, Fubon Life hedging page",2015-09-30
2,net_open_fx_share,fubon_life,2018-01-01,Q,0.048,share of FX assets,deck_disclosed,IFRS4,"complement of the economic-hedge wedge: unhedged currency positions, plus the separately-drawn equity/mutual-fund wedge in the 2014-15 editions",https://www.irpro.co/2881/events/226/CH/Presentation_1Q18_CH_A46njjCc7FkT.pdf,"富邦金控 results deck, Fubon Life hedging page",2018-03-31
2,net_open_fx_share,fubon_life,2018-04-01,Q,0.076,share of FX assets,deck_disclosed,IFRS4,"complement of the economic-hedge wedge: unhedged currency positions, plus the separately-drawn equity/mutual-fund wedge in the 2014-15 editions",https://www.irpro.co/2881/events/233/CH/Presentation_2Q18_CH_pjrnETCENDcp.pdf,"富邦金控 results deck, Fubon Life hedging page",2018-06-30
2,net_open_fx_share,fubon_life,2018-07-01,Q,0.073,share of FX assets,deck_disclosed,IFRS4,"complement of the economic-hedge wedge: unhedged currency positions, plus the separately-drawn equity/mutual-fund wedge in the 2014-15 editions",https://www.irpro.co/2881/events/237/CH/Presentation_3Q18_CH_pfUi3769mEgI.pdf,"富邦金控 results deck, Fubon Life hedging page",2018-09-30
2,net_open_fx_share,fubon_life,2018-10-01,Q,0.123,share of FX assets,deck_disclosed,IFRS4,"complement of the economic-hedge wedge: unhedged currency positions, plus the separately-drawn equity/mutual-fund wedge in the 2014-15 editions",https://www.irpro.co/2881/events/243/CH/Presentation_2018_CH_UI34HHMB75JD.pdf,"富邦金控 results deck, Fubon Life hedging page",2018-12-31
2,net_open_fx_share,fubon_life,2019-01-01,Q,0.147,share of FX assets,deck_disclosed,IFRS4,"complement of the economic-hedge wedge: unhedged currency positions, plus the separately-drawn equity/mutual-fund wedge in the 2014-15 editions",https://www.irpro.co/2881/events/248/CH/Presentation_1Q19_CH_mF5ktiljcJgI.pdf,"富邦金控 results deck, Fubon Life hedging page",2019-03-31
2,net_open_fx_share,fubon_life,2019-04-01,Q,0.165,share of FX assets,deck_disclosed,IFRS4,"complement of the economic-hedge wedge: unhedged currency positions, plus the separately-drawn equity/mutual-fund wedge in the 2014-15 editions",https://www.irpro.co/2881/events/257/CH/Presentation_2Q19_CH_affFFgH6JAQY.pdf,"富邦金控 results deck, Fubon Life hedging page",2019-06-30
2,net_open_fx_share,fubon_life,2019-07-01,Q,0.106,share of FX assets,deck_disclosed,IFRS4,"complement of the economic-hedge wedge: unhedged currency positions, plus the separately-drawn equity/mutual-fund wedge in the 2014-15 editions",https://www.irpro.co/2881/events/263/CH/Presentation_3Q19_CH_jpbbuDUHBjbk.pdf,"富邦金控 results deck, Fubon Life hedging page",2019-09-30
2,net_open_fx_share,fubon_life,2019-10-01,Q,0.112,share of FX assets,deck_disclosed,IFRS4,"complement of the economic-hedge wedge: unhedged currency positions, plus the separately-drawn equity/mutual-fund wedge in the 2014-15 editions",https://www.irpro.co/2881/events/267/CH/Presentation_4Q19_CH_v2_fKtjfA2AanlF.pdf,"富邦金控 results deck, Fubon Life hedging page",2019-12-31
2,net_open_fx_share,fubon_life,2020-01-01,Q,0.134,share of FX assets,deck_disclosed,IFRS4,"complement of the economic-hedge wedge: unhedged currency positions, plus the separately-drawn equity/mutual-fund wedge in the 2014-15 editions",https://www.irpro.co/2881/events/270/CH/Presentation_1Q20_EN_v2_g631C3Ll3IFj.pdf,"富邦金控 results deck, Fubon Life hedging page",2020-03-31
2,net_open_fx_share,fubon_life,2020-04-01,Q,0.137,share of FX assets,deck_disclosed,IFRS4,"complement of the economic-hedge wedge: unhedged currency positions, plus the separately-drawn equity/mutual-fund wedge in the 2014-15 editions",https://www.irpro.co/2881/events/274/CH/Presentation_2Q20_CH_BAnBF77MrAiB.pdf,"富邦金控 results deck, Fubon Life hedging page",2020-06-30
2,net_open_fx_share,fubon_life,2020-10-01,Q,0.145,share of FX assets,deck_disclosed,IFRS4,"complement of the economic-hedge wedge: unhedged currency positions, plus the separately-drawn equity/mutual-fund wedge in the 2014-15 editions",https://www.irpro.co/2881/events/290/CH/20210331133121-1.pdf,"富邦金控 results deck, Fubon Life hedging page",2020-12-31
2,net_open_fx_share,fubon_life,2021-01-01,Q,0.162,share of FX assets,deck_disclosed,IFRS4,"complement of the economic-hedge wedge: unhedged currency positions, plus the separately-drawn equity/mutual-fund wedge in the 2014-15 editions",https://www.irpro.co/2881/events/295/CH/20210520134858-1.pdf,"富邦金控 results deck, Fubon Life hedging page",2021-03-31
2,net_open_fx_share,fubon_life,2021-04-01,Q,0.153,share of FX assets,deck_disclosed,IFRS4,"complement of the economic-hedge wedge: unhedged currency positions, plus the separately-drawn equity/mutual-fund wedge in the 2014-15 editions",https://www.irpro.co/2881/events/309/CH/20210820134119-1.pdf,"富邦金控 results deck, Fubon Life hedging page",2021-06-30
2,net_open_fx_share,fubon_life,2021-07-01,Q,0.121,share of FX assets,deck_disclosed,IFRS4,"complement of the economic-hedge wedge: unhedged currency positions, plus the separately-drawn equity/mutual-fund wedge in the 2014-15 editions",https://www.irpro.co/2881/events/321/CH/20211201175441-1.pdf,"富邦金控 results deck, Fubon Life hedging page",2021-09-30
2,net_open_fx_share,fubon_life,2021-10-01,Q,0.103,share of FX assets,deck_disclosed,IFRS4,"complement of the economic-hedge wedge: unhedged currency positions, plus the separately-drawn equity/mutual-fund wedge in the 2014-15 editions",https://www.irpro.co/2881/events/327/CH/20220311133137-1.pdf,"富邦金控 results deck, Fubon Life hedging page",2021-12-31
2,net_open_fx_share,fubon_life,2022-01-01,Q,0.16,share of FX assets,deck_disclosed,IFRS4,"complement of the economic-hedge wedge: unhedged currency positions, plus the separately-drawn equity/mutual-fund wedge in the 2014-15 editions",https://www.irpro.co/2881/events/349/CH/20220609083940-1.pdf,"富邦金控 results deck, Fubon Life hedging page",2022-03-31
2,net_open_fx_share,fubon_life,2022-04-01,Q,0.161,share of FX assets,deck_disclosed,IFRS4,"complement of the economic-hedge wedge: unhedged currency positions, plus the separately-drawn equity/mutual-fund wedge in the 2014-15 editions",https://www.irpro.co/2881/events/361/CH/20220819133014-1.pdf,"富邦金控 results deck, Fubon Life hedging page",2022-06-30
2,net_open_fx_share,fubon_life,2022-07-01,Q,0.185,share of FX assets,deck_disclosed,IFRS4,"complement of the economic-hedge wedge: unhedged currency positions, plus the separately-drawn equity/mutual-fund wedge in the 2014-15 editions",https://www.irpro.co/2881/events/371/CH/20221125133936-1.pdf,"富邦金控 results deck, Fubon Life hedging page",2022-09-30
2,net_open_fx_share,fubon_life,2022-10-01,Q,0.175,share of FX assets,deck_disclosed,IFRS4,"complement of the economic-hedge wedge: unhedged currency positions, plus the separately-drawn equity/mutual-fund wedge in the 2014-15 editions",https://www.irpro.co/2881/events/389/CH/20230316133024-1.pdf,"富邦金控 results deck, Fubon Life hedging page",2022-12-31
2,net_open_fx_share,fubon_life,2023-01-01,Q,0.19,share of FX assets,deck_disclosed,IFRS4,"complement of the economic-hedge wedge: unhedged currency positions, plus the separately-drawn equity/mutual-fund wedge in the 2014-15 editions",https://www.irpro.co/2881/events/397/CH/20230518133024-1.pdf,"富邦金控 results deck, Fubon Life hedging page",2023-03-31
2,net_open_fx_share,fubon_life,2023-04-01,Q,0.215,share of FX assets,deck_disclosed,IFRS4,"complement of the economic-hedge wedge: unhedged currency positions, plus the separately-drawn equity/mutual-fund wedge in the 2014-15 editions",https://www.irpro.co/2881/events/409/CH/20230824133041-1.pdf,"富邦金控 results deck, Fubon Life hedging page",2023-06-30
2,net_open_fx_share,fubon_life,2023-07-01,Q,0.237,share of FX assets,deck_disclosed,IFRS4,"complement of the economic-hedge wedge: unhedged currency positions, plus the separately-drawn equity/mutual-fund wedge in the 2014-15 editions",https://www.irpro.co/2881/events/422/CH/20231117133004-1.pdf,"富邦金控 results deck, Fubon Life hedging page",2023-09-30
2,net_open_fx_share,fubon_life,2023-10-01,Q,0.122,share of FX assets,deck_disclosed,IFRS4,"complement of the economic-hedge wedge: unhedged currency positions, plus the separately-drawn equity/mutual-fund wedge in the 2014-15 editions",https://www.irpro.co/2881/events/438/CH/20240322133027-1.pdf,"富邦金控 results deck, Fubon Life hedging page",2023-12-31
2,net_open_fx_share,fubon_life,2024-01-01,Q,0.243,share of FX assets,deck_disclosed,IFRS4,"complement of the economic-hedge wedge: unhedged currency positions, plus the separately-drawn equity/mutual-fund wedge in the 2014-15 editions",https://www.irpro.co/2881/events/452/CH/20240523131939-1.pdf,"富邦金控 results deck, Fubon Life hedging page",2024-03-31
2,net_open_fx_share,fubon_life,2024-04-01,Q,0.236,share of FX assets,deck_disclosed,IFRS4,"complement of the economic-hedge wedge: unhedged currency positions, plus the separately-drawn equity/mutual-fund wedge in the 2014-15 editions",https://www.irpro.co/2881/events/471/CH/20240829133446-1.pdf,"富邦金控 results deck, Fubon Life hedging page",2024-06-30
2,net_open_fx_share,fubon_life,2024-07-01,Q,0.194,share of FX assets,deck_disclosed,IFRS4,"complement of the economic-hedge wedge: unhedged currency positions, plus the separately-drawn equity/mutual-fund wedge in the 2014-15 editions",https://www.irpro.co/2881/events/480/CH/20250311094155-1.pdf,"富邦金控 results deck, Fubon Life hedging page",2024-09-30
2,net_open_fx_share,fubon_life,2024-10-01,Q,0.254,share of FX assets,deck_disclosed,IFRS4,"complement of the economic-hedge wedge: unhedged currency positions, plus the separately-drawn equity/mutual-fund wedge in the 2014-15 editions",https://www.irpro.co/2881/events/493/CH/20250317140157-1.pdf,"富邦金控 results deck, Fubon Life hedging page",2024-12-31
2,net_open_fx_share,fubon_life,2025-01-01,Q,0.29,share of FX assets,deck_disclosed,IFRS4,"complement of the economic-hedge wedge: unhedged currency positions, plus the separately-drawn equity/mutual-fund wedge in the 2014-15 editions",https://www.irpro.co/2881/events/505/CH/20250605122509-1.pdf,"富邦金控 results deck, Fubon Life hedging page",2025-03-31
2,net_open_fx_share,fubon_life,2025-04-01,Q,0.211,share of FX assets,deck_disclosed,IFRS4,"complement of the economic-hedge wedge: unhedged currency positions, plus the separately-drawn equity/mutual-fund wedge in the 2014-15 editions",https://www.irpro.co/2881/events/521/CH/20250825140247-1.pdf,"富邦金控 results deck, Fubon Life hedging page",2025-06-30
2,net_open_fx_share,fubon_life,2025-07-01,Q,0.382,share of FX assets,deck_disclosed,IFRS4,"complement of the economic-hedge wedge: unhedged currency positions, plus the separately-drawn equity/mutual-fund wedge in the 2014-15 editions",https://www.irpro.co/2881/events/538/EN/20251124140129-1.pdf,"富邦金控 results deck, Fubon Life hedging page",2025-09-30
2,net_open_fx_share,fubon_life,2025-10-01,Q,0.423,share of FX assets,deck_disclosed,IFRS4,"complement of the economic-hedge wedge: unhedged currency positions, plus the separately-drawn equity/mutual-fund wedge in the 2014-15 editions",https://www.irpro.co/2881/events/553/CH/20260316141621-1.pdf,"富邦金控 results deck, Fubon Life hedging page",2025-12-31
7,hedge_cost_recurring,cathay_life,2013-10-01,Q,26.0,bp of FX assets,deck_disclosed,IFRS4,the page states its base: 'Hedging cost is calculated based on FX assets'. Positive = cost.,https://www.cathayholdings.com/holdings/ir/financial_information/quarterly_reports,"國泰金控 results deck, hedging cost",2014-03-18
7,hedge_cost_recurring,cathay_life,2014-01-01,Q,58.0,bp of FX assets,deck_disclosed,IFRS4,the page states its base: 'Hedging cost is calculated based on FX assets'. Positive = cost.,https://www.cathayholdings.com/holdings/ir/financial_information/quarterly_reports,"國泰金控 results deck, hedging cost",2014-05-06
7,hedge_cost_recurring,cathay_life,2014-10-01,Q,34.0,bp of FX assets,deck_disclosed,IFRS4,the page states its base: 'Hedging cost is calculated based on FX assets'. Positive = cost.,https://www.cathayholdings.com/holdings/ir/financial_information/quarterly_reports,"國泰金控 results deck, hedging cost",2015-03-23
7,hedge_cost_recurring,cathay_life,2015-01-01,Q,140.0,bp of FX assets,deck_disclosed,IFRS4,the page states its base: 'Hedging cost is calculated based on FX assets'. Positive = cost.,https://www.cathayholdings.com/holdings/ir/financial_information/quarterly_reports,"國泰金控 results deck, hedging cost",2015-05-05
7,hedge_cost_recurring,cathay_life,2015-04-01,Q,103.0,bp of FX assets,deck_disclosed,IFRS4,the page states its base: 'Hedging cost is calculated based on FX assets'. Positive = cost.,https://www.cathayholdings.com/holdings/ir/financial_information/quarterly_reports,"國泰金控 results deck, hedging cost",2015-08-24
7,hedge_cost_recurring,cathay_life,2015-07-01,Q,53.0,bp of FX assets,deck_disclosed,IFRS4,the page states its base: 'Hedging cost is calculated based on FX assets'. Positive = cost.,https://www.cathayholdings.com/holdings/ir/financial_information/quarterly_reports,"國泰金控 results deck, hedging cost",2015-11-09
7,hedge_cost_recurring,cathay_life,2015-10-01,Q,58.0,bp of FX assets,deck_disclosed,IFRS4,the page states its base: 'Hedging cost is calculated based on FX assets'. Positive = cost.,https://www.cathayholdings.com/holdings/ir/financial_information/quarterly_reports,"國泰金控 results deck, hedging cost",2016-03-22
7,hedge_cost_recurring,cathay_life,2016-01-01,Q,68.0,bp of FX assets,deck_disclosed,IFRS4,the page states its base: 'Hedging cost is calculated based on FX assets'. Positive = cost.,https://www.cathayholdings.com/holdings/ir/financial_information/quarterly_reports,"國泰金控 results deck, hedging cost",2016-05-03
7,hedge_cost_recurring,cathay_life,2016-04-01,Q,67.0,bp of FX assets,deck_disclosed,IFRS4,the page states its base: 'Hedging cost is calculated based on FX assets'. Positive = cost.,https://www.cathayholdings.com/holdings/ir/financial_information/quarterly_reports,"國泰金控 results deck, hedging cost",2016-08-23
7,hedge_cost_recurring,cathay_life,2016-07-01,Q,80.0,bp of FX assets,deck_disclosed,IFRS4,the page states its base: 'Hedging cost is calculated based on FX assets'. Positive = cost.,https://www.cathayholdings.com/holdings/ir/financial_information/quarterly_reports,"國泰金控 results deck, hedging cost",2016-11-15
7,hedge_cost_recurring,cathay_life,2016-10-01,Q,78.0,bp of FX assets,deck_disclosed,IFRS4,the page states its base: 'Hedging cost is calculated based on FX assets'. Positive = cost.,https://www.cathayholdings.com/holdings/ir/financial_information/quarterly_reports,"國泰金控 results deck, hedging cost",2017-03-20
7,hedge_cost_recurring,cathay_life,2017-01-01,Q,155.0,bp of FX assets,deck_disclosed,IFRS4,the page states its base: 'Hedging cost is calculated based on FX assets'. Positive = cost.,https://www.cathayholdings.com/holdings/ir/financial_information/quarterly_reports,"國泰金控 results deck, hedging cost",2017-05-15
7,hedge_cost_recurring,cathay_life,2017-04-01,Q,111.0,bp of FX assets,deck_disclosed,IFRS4,the page states its base: 'Hedging cost is calculated based on FX assets'. Positive = cost.,https://www.cathayholdings.com/holdings/ir/financial_information/quarterly_reports,"國泰金控 results deck, hedging cost",2017-08-29
7,hedge_cost_recurring,cathay_life,2017-07-01,Q,94.0,bp of FX assets,deck_disclosed,IFRS4,the page states its base: 'Hedging cost is calculated based on FX assets'. Positive = cost.,https://www.cathayholdings.com/holdings/ir/financial_information/quarterly_reports,"國泰金控 results deck, hedging cost",2017-11-14
7,hedge_cost_recurring,cathay_life,2017-10-01,Q,89.0,bp of FX assets,deck_disclosed,IFRS4,the page states its base: 'Hedging cost is calculated based on FX assets'. Positive = cost.,https://www.cathayholdings.com/holdings/ir/financial_information/quarterly_reports,"國泰金控 results deck, hedging cost",2018-03-22
7,hedge_cost_recurring,cathay_life,2018-07-01,Q,122.0,bp of FX assets,deck_disclosed,IFRS4,the page states its base: 'Hedging cost is calculated based on FX assets'. Positive = cost.,https://www.cathayholdings.com/holdings/ir/financial_information/quarterly_reports,"國泰金控 results deck, hedging cost",2018-11-14
7,hedge_cost_recurring,cathay_life,2018-10-01,Q,128.0,bp of FX assets,deck_disclosed,IFRS4,the page states its base: 'Hedging cost is calculated based on FX assets'. Positive = cost.,https://www.cathayholdings.com/holdings/ir/financial_information/quarterly_reports,"國泰金控 results deck, hedging cost",2019-03-25
7,hedge_cost_recurring,cathay_life,2019-01-01,Q,132.0,bp of FX assets,deck_disclosed,IFRS4,the page states its base: 'Hedging cost is calculated based on FX assets'. Positive = cost.,https://www.cathayholdings.com/holdings/ir/financial_information/quarterly_reports,"國泰金控 results deck, hedging cost",2019-05-20
7,hedge_cost_recurring,cathay_life,2019-04-01,Q,120.0,bp of FX assets,deck_disclosed,IFRS4,the page states its base: 'Hedging cost is calculated based on FX assets'. Positive = cost.,https://www.cathayholdings.com/holdings/ir/financial_information/quarterly_reports,"國泰金控 results deck, hedging cost",2019-08-22
7,hedge_cost_recurring,cathay_life,2019-07-01,Q,130.0,bp of FX assets,deck_disclosed,IFRS4,the page states its base: 'Hedging cost is calculated based on FX assets'. Positive = cost.,https://www.cathayholdings.com/holdings/ir/financial_information/quarterly_reports,"國泰金控 results deck, hedging cost",2019-11-18
7,hedge_cost_recurring,cathay_life,2019-10-01,Q,140.0,bp of FX assets,deck_disclosed,IFRS4,the page states its base: 'Hedging cost is calculated based on FX assets'. Positive = cost.,https://www.cathayholdings.com/holdings/ir/financial_information/quarterly_reports,"國泰金控 results deck, hedging cost",2020-03-17
7,hedge_cost_recurring,cathay_life,2020-01-01,Q,169.0,bp of FX assets,deck_disclosed,IFRS4,the page states its base: 'Hedging cost is calculated based on FX assets'. Positive = cost.,https://www.cathayholdings.com/holdings/ir/financial_information/quarterly_reports,"國泰金控 results deck, hedging cost",2020-05-19
7,hedge_cost_recurring,cathay_life,2020-04-01,Q,184.0,bp of FX assets,deck_disclosed,IFRS4,the page states its base: 'Hedging cost is calculated based on FX assets'. Positive = cost.,https://www.cathayholdings.com/holdings/ir/financial_information/quarterly_reports,"國泰金控 results deck, hedging cost",2020-08-25
7,hedge_cost_recurring,cathay_life,2020-07-01,Q,183.0,bp of FX assets,deck_disclosed,IFRS4,the page states its base: 'Hedging cost is calculated based on FX assets'. Positive = cost.,https://www.cathayholdings.com/holdings/ir/financial_information/quarterly_reports,"國泰金控 results deck, hedging cost",2020-11-16
7,hedge_cost_recurring,cathay_life,2020-10-01,Q,172.0,bp of FX assets,deck_disclosed,IFRS4,the page states its base: 'Hedging cost is calculated based on FX assets'. Positive = cost.,https://www.cathayholdings.com/holdings/ir/financial_information/quarterly_reports,"國泰金控 results deck, hedging cost",2021-03-22
7,hedge_cost_recurring,cathay_life,2021-01-01,Q,140.0,bp of FX assets,deck_disclosed,IFRS4,the page states its base: 'Hedging cost is calculated based on FX assets'. Positive = cost.,https://www.cathayholdings.com/holdings/ir/financial_information/quarterly_reports,"國泰金控 results deck, hedging cost",2021-05-17
7,hedge_cost_recurring,cathay_life,2021-04-01,Q,139.0,bp of FX assets,deck_disclosed,IFRS4,the page states its base: 'Hedging cost is calculated based on FX assets'. Positive = cost.,https://www.cathayholdings.com/holdings/ir/financial_information/quarterly_reports,"國泰金控 results deck, hedging cost",2021-08-25
7,hedge_cost_recurring,cathay_life,2021-07-01,Q,126.0,bp of FX assets,deck_disclosed,IFRS4,the page states its base: 'Hedging cost is calculated based on FX assets'. Positive = cost.,https://www.cathayholdings.com/holdings/ir/financial_information/quarterly_reports,"國泰金控 results deck, hedging cost",2021-11-16
7,hedge_cost_recurring,cathay_life,2021-10-01,Q,110.0,bp of FX assets,deck_disclosed,IFRS4,the page states its base: 'Hedging cost is calculated based on FX assets'. Positive = cost.,https://www.cathayholdings.com/holdings/ir/financial_information/quarterly_reports,"國泰金控 results deck, hedging cost",2022-03-22
7,hedge_cost_recurring,cathay_life,2022-10-01,Q,14.0,bp of FX assets,deck_disclosed,IFRS4,the page states its base: 'Hedging cost is calculated based on FX assets'. Positive = cost.,https://www.cathayholdings.com/holdings/ir/financial_information/quarterly_reports,"國泰金控 results deck, hedging cost",2023-03-22
7,hedge_cost_recurring,cathay_life,2023-01-01,Q,181.0,bp of FX assets,deck_disclosed,IFRS4,the page states its base: 'Hedging cost is calculated based on FX assets'. Positive = cost.,https://www.cathayholdings.com/holdings/ir/financial_information/quarterly_reports,"國泰金控 results deck, hedging cost",2023-05-26
7,hedge_cost_recurring,cathay_life,2023-04-01,Q,87.0,bp of FX assets,deck_disclosed,IFRS4,the page states its base: 'Hedging cost is calculated based on FX assets'. Positive = cost.,https://www.cathayholdings.com/holdings/ir/financial_information/quarterly_reports,"國泰金控 results deck, hedging cost",2023-08-25
7,hedge_cost_recurring,cathay_life,2023-07-01,Q,49.0,bp of FX assets,deck_disclosed,IFRS4,the page states its base: 'Hedging cost is calculated based on FX assets'. Positive = cost.,https://www.cathayholdings.com/holdings/ir/financial_information/quarterly_reports,"國泰金控 results deck, hedging cost",2023-11-24
7,hedge_cost_recurring,cathay_life,2023-10-01,Q,96.0,bp of FX assets,deck_disclosed,IFRS4,the page states its base: 'Hedging cost is calculated based on FX assets'. Positive = cost.,https://www.cathayholdings.com/holdings/ir/financial_information/quarterly_reports,"國泰金控 results deck, hedging cost",2024-03-15
7,hedge_cost_recurring,cathay_life,2024-01-01,Q,121.0,bp of FX assets,deck_disclosed,IFRS4,the page states its base: 'Hedging cost is calculated based on FX assets'. Positive = cost.,https://www.cathayholdings.com/holdings/ir/financial_information/quarterly_reports,"國泰金控 results deck, hedging cost",2024-05-24
7,hedge_cost_recurring,cathay_life,2024-04-01,Q,121.0,bp of FX assets,deck_disclosed,IFRS4,the page states its base: 'Hedging cost is calculated based on FX assets'. Positive = cost.,https://www.cathayholdings.com/holdings/ir/financial_information/quarterly_reports,"國泰金控 results deck, hedging cost",2024-08-23
7,hedge_cost_recurring,cathay_life,2024-07-01,Q,128.0,bp of FX assets,deck_disclosed,IFRS4,the page states its base: 'Hedging cost is calculated based on FX assets'. Positive = cost.,https://www.cathayholdings.com/holdings/ir/financial_information/quarterly_reports,"國泰金控 results deck, hedging cost",2024-11-27
7,hedge_cost_recurring,cathay_life,2024-10-01,Q,156.0,bp of FX assets,deck_disclosed,IFRS4,the page states its base: 'Hedging cost is calculated based on FX assets'. Positive = cost.,https://www.cathayholdings.com/holdings/ir/financial_information/quarterly_reports,"國泰金控 results deck, hedging cost",2025-03-14
7,hedge_cost_recurring,cathay_life,2025-01-01,Q,80.0,bp of FX assets,deck_disclosed,IFRS4,the page states its base: 'Hedging cost is calculated based on FX assets'. Positive = cost.,https://www.cathayholdings.com/holdings/ir/financial_information/quarterly_reports,"國泰金控 results deck, hedging cost",2025-05-23
7,hedge_cost_recurring,cathay_life,2025-04-01,Q,145.0,bp of FX assets,deck_disclosed,IFRS4,the page states its base: 'Hedging cost is calculated based on FX assets'. Positive = cost.,https://www.cathayholdings.com/holdings/ir/financial_information/quarterly_reports,"國泰金控 results deck, hedging cost",2025-08-22
7,hedge_cost_recurring,cathay_life,2025-07-01,Q,158.0,bp of FX assets,deck_disclosed,IFRS4,the page states its base: 'Hedging cost is calculated based on FX assets'. Positive = cost.,https://www.cathayholdings.com/holdings/ir/financial_information/quarterly_reports,"國泰金控 results deck, hedging cost",2025-11-28
7,hedge_cost_recurring,cathay_life,2025-10-01,Q,157.0,bp of FX assets,deck_disclosed,IFRS4,the page states its base: 'Hedging cost is calculated based on FX assets'. Positive = cost.,https://www.cathayholdings.com/holdings/ir/financial_information/quarterly_reports,"國泰金控 results deck, hedging cost",2026-03-27
7,hedge_cost_recurring,cathay_life,2026-01-01,Q,126.0,bp of FX assets,deck_disclosed,IFRS17,the page states its base: 'Hedging cost is calculated based on FX assets'. Positive = cost.,https://www.cathayholdings.com/holdings/ir/financial_information/quarterly_reports,"國泰金控 results deck, hedging cost",2026-05-29
7,hedge_cost_recurring,cathay_life,2026-04-01,Q,121.0,bp of FX assets,deck_disclosed,IFRS17,the page states its base: 'Hedging cost is calculated based on FX assets'. Positive = cost.,https://www.cathayholdings.com/holdings/ir/financial_information/quarterly_reports,"國泰金控 results deck, hedging cost",2026-08-28
7,hedge_cost_recurring,fubon_life,2014-10-01,Q,55.0,bp of FX assets,deck_disclosed,IFRS4,recurring hedge cost only; the deck's headline bar is the all-in FX result (decisions 3.15/3.17). Positive = cost.,https://fubon.irpro.co/tw/conference.php,"富邦金控 results deck, 經常性避險成本 (legend-colour bound, sum-verified)",2014-12-31
7,hedge_cost_recurring,fubon_life,2015-01-01,Q,36.0,bp of FX assets,deck_disclosed,IFRS4,recurring hedge cost only; the deck's headline bar is the all-in FX result (decisions 3.15/3.17). Positive = cost.,https://fubon.irpro.co/tw/conference.php,"富邦金控 results deck, 經常性避險成本 (legend-colour bound, sum-verified)",2015-03-31
7,hedge_cost_recurring,fubon_life,2015-04-01,Q,27.0,bp of FX assets,deck_disclosed,IFRS4,recurring hedge cost only; the deck's headline bar is the all-in FX result (decisions 3.15/3.17). Positive = cost.,https://fubon.irpro.co/tw/conference.php,"富邦金控 results deck, 經常性避險成本 (legend-colour bound, sum-verified)",2015-06-30
7,hedge_cost_recurring,fubon_life,2015-07-01,Q,28.0,bp of FX assets,deck_disclosed,IFRS4,recurring hedge cost only; the deck's headline bar is the all-in FX result (decisions 3.15/3.17). Positive = cost.,https://fubon.irpro.co/tw/conference.php,"富邦金控 results deck, 經常性避險成本 (legend-colour bound, sum-verified)",2015-09-30
7,hedge_cost_recurring,fubon_life,2015-10-01,Q,28.0,bp of FX assets,deck_disclosed,IFRS4,recurring hedge cost only; the deck's headline bar is the all-in FX result (decisions 3.15/3.17). Positive = cost.,https://fubon.irpro.co/tw/conference.php,"富邦金控 results deck, 經常性避險成本 (legend-colour bound, sum-verified)",2015-12-31
7,hedge_cost_recurring,fubon_life,2016-01-01,Q,36.0,bp of FX assets,deck_disclosed,IFRS4,recurring hedge cost only; the deck's headline bar is the all-in FX result (decisions 3.15/3.17). Positive = cost.,https://fubon.irpro.co/tw/conference.php,"富邦金控 results deck, 經常性避險成本 (legend-colour bound, sum-verified)",2016-03-31
7,hedge_cost_recurring,fubon_life,2016-04-01,Q,30.0,bp of FX assets,deck_disclosed,IFRS4,recurring hedge cost only; the deck's headline bar is the all-in FX result (decisions 3.15/3.17). Positive = cost.,https://fubon.irpro.co/tw/conference.php,"富邦金控 results deck, 經常性避險成本 (legend-colour bound, sum-verified)",2016-06-30
7,hedge_cost_recurring,fubon_life,2016-07-01,Q,45.0,bp of FX assets,deck_disclosed,IFRS4,recurring hedge cost only; the deck's headline bar is the all-in FX result (decisions 3.15/3.17). Positive = cost.,https://fubon.irpro.co/tw/conference.php,"富邦金控 results deck, 經常性避險成本 (legend-colour bound, sum-verified)",2016-09-30
7,hedge_cost_recurring,fubon_life,2016-10-01,Q,52.0,bp of FX assets,deck_disclosed,IFRS4,recurring hedge cost only; the deck's headline bar is the all-in FX result (decisions 3.15/3.17). Positive = cost.,https://fubon.irpro.co/tw/conference.php,"富邦金控 results deck, 經常性避險成本 (legend-colour bound, sum-verified)",2016-12-31
7,hedge_cost_recurring,fubon_life,2017-01-01,Q,87.0,bp of FX assets,deck_disclosed,IFRS4,recurring hedge cost only; the deck's headline bar is the all-in FX result (decisions 3.15/3.17). Positive = cost.,https://fubon.irpro.co/tw/conference.php,"富邦金控 results deck, 經常性避險成本 (legend-colour bound, sum-verified)",2017-03-31
7,hedge_cost_recurring,fubon_life,2017-04-01,Q,88.0,bp of FX assets,deck_disclosed,IFRS4,recurring hedge cost only; the deck's headline bar is the all-in FX result (decisions 3.15/3.17). Positive = cost.,https://fubon.irpro.co/tw/conference.php,"富邦金控 results deck, 經常性避險成本 (legend-colour bound, sum-verified)",2017-06-30
7,hedge_cost_recurring,fubon_life,2017-04-01,Q,89.0,bp of FX assets,deck_disclosed,IFRS4,recurring hedge cost only; the deck's headline bar is the all-in FX result (decisions 3.15/3.17). Positive = cost.,https://fubon.irpro.co/tw/conference.php,"富邦金控 results deck, 經常性避險成本 (legend-colour bound, sum-verified)",2017-06-30
7,hedge_cost_recurring,fubon_life,2017-07-01,Q,85.0,bp of FX assets,deck_disclosed,IFRS4,recurring hedge cost only; the deck's headline bar is the all-in FX result (decisions 3.15/3.17). Positive = cost.,https://fubon.irpro.co/tw/conference.php,"富邦金控 results deck, 經常性避險成本 (legend-colour bound, sum-verified)",2017-09-30
7,hedge_cost_recurring,fubon_life,2017-10-01,Q,89.0,bp of FX assets,deck_disclosed,IFRS4,recurring hedge cost only; the deck's headline bar is the all-in FX result (decisions 3.15/3.17). Positive = cost.,https://fubon.irpro.co/tw/conference.php,"富邦金控 results deck, 經常性避險成本 (legend-colour bound, sum-verified)",2017-12-31
7,hedge_cost_recurring,fubon_life,2018-01-01,Q,125.0,bp of FX assets,deck_disclosed,IFRS4,recurring hedge cost only; the deck's headline bar is the all-in FX result (decisions 3.15/3.17). Positive = cost.,https://fubon.irpro.co/tw/conference.php,"富邦金控 results deck, 經常性避險成本 (legend-colour bound, sum-verified)",2018-03-31
7,hedge_cost_recurring,fubon_life,2018-04-01,Q,130.0,bp of FX assets,deck_disclosed,IFRS4,recurring hedge cost only; the deck's headline bar is the all-in FX result (decisions 3.15/3.17). Positive = cost.,https://fubon.irpro.co/tw/conference.php,"富邦金控 results deck, 經常性避險成本 (legend-colour bound, sum-verified)",2018-06-30
7,hedge_cost_recurring,fubon_life,2018-07-01,Q,132.0,bp of FX assets,deck_disclosed,IFRS4,recurring hedge cost only; the deck's headline bar is the all-in FX result (decisions 3.15/3.17). Positive = cost.,https://fubon.irpro.co/tw/conference.php,"富邦金控 results deck, 經常性避險成本 (legend-colour bound, sum-verified)",2018-09-30
7,hedge_cost_recurring,fubon_life,2018-10-01,Q,134.0,bp of FX assets,deck_disclosed,IFRS4,recurring hedge cost only; the deck's headline bar is the all-in FX result (decisions 3.15/3.17). Positive = cost.,https://fubon.irpro.co/tw/conference.php,"富邦金控 results deck, 經常性避險成本 (legend-colour bound, sum-verified)",2018-12-31
7,hedge_cost_recurring,fubon_life,2019-01-01,Q,127.0,bp of FX assets,deck_disclosed,IFRS4,recurring hedge cost only; the deck's headline bar is the all-in FX result (decisions 3.15/3.17). Positive = cost.,https://fubon.irpro.co/tw/conference.php,"富邦金控 results deck, 經常性避險成本 (legend-colour bound, sum-verified)",2019-03-31
7,hedge_cost_recurring,fubon_life,2019-04-01,Q,114.0,bp of FX assets,deck_disclosed,IFRS4,recurring hedge cost only; the deck's headline bar is the all-in FX result (decisions 3.15/3.17). Positive = cost.,https://fubon.irpro.co/tw/conference.php,"富邦金控 results deck, 經常性避險成本 (legend-colour bound, sum-verified)",2019-06-30
7,hedge_cost_recurring,fubon_life,2019-10-01,Q,101.0,bp of FX assets,deck_disclosed,IFRS4,recurring hedge cost only; the deck's headline bar is the all-in FX result (decisions 3.15/3.17). Positive = cost.,https://fubon.irpro.co/tw/conference.php,"富邦金控 results deck, 經常性避險成本 (legend-colour bound, sum-verified)",2019-12-31
7,hedge_cost_recurring,fubon_life,2020-01-01,Q,70.0,bp of FX assets,deck_disclosed,IFRS4,recurring hedge cost only; the deck's headline bar is the all-in FX result (decisions 3.15/3.17). Positive = cost.,https://fubon.irpro.co/tw/conference.php,"富邦金控 results deck, 經常性避險成本 (legend-colour bound, sum-verified)",2020-03-31
7,hedge_cost_recurring,fubon_life,2020-04-01,Q,60.0,bp of FX assets,deck_disclosed,IFRS4,recurring hedge cost only; the deck's headline bar is the all-in FX result (decisions 3.15/3.17). Positive = cost.,https://fubon.irpro.co/tw/conference.php,"富邦金控 results deck, 經常性避險成本 (legend-colour bound, sum-verified)",2020-06-30
7,hedge_cost_recurring,fubon_life,2020-07-01,Q,49.0,bp of FX assets,deck_disclosed,IFRS4,recurring hedge cost only; the deck's headline bar is the all-in FX result (decisions 3.15/3.17). Positive = cost.,https://fubon.irpro.co/tw/conference.php,"富邦金控 results deck, 經常性避險成本 (legend-colour bound, sum-verified)",2020-09-30
7,hedge_cost_recurring,fubon_life,2021-01-01,Q,26.0,bp of FX assets,deck_disclosed,IFRS4,recurring hedge cost only; the deck's headline bar is the all-in FX result (decisions 3.15/3.17). Positive = cost.,https://fubon.irpro.co/tw/conference.php,"富邦金控 results deck, 經常性避險成本 (legend-colour bound, sum-verified)",2021-03-31
7,hedge_cost_recurring,fubon_life,2021-04-01,Q,25.0,bp of FX assets,deck_disclosed,IFRS4,recurring hedge cost only; the deck's headline bar is the all-in FX result (decisions 3.15/3.17). Positive = cost.,https://fubon.irpro.co/tw/conference.php,"富邦金控 results deck, 經常性避險成本 (legend-colour bound, sum-verified)",2021-06-30
7,hedge_cost_recurring,fubon_life,2021-04-01,Q,25.0,bp of FX assets,deck_disclosed,IFRS4,recurring hedge cost only; the deck's headline bar is the all-in FX result (decisions 3.15/3.17). Positive = cost.,https://fubon.irpro.co/tw/conference.php,"富邦金控 results deck, 經常性避險成本 (legend-colour bound, sum-verified)",2021-06-30
7,hedge_cost_recurring,fubon_life,2021-10-01,Q,21.0,bp of FX assets,deck_disclosed,IFRS4,recurring hedge cost only; the deck's headline bar is the all-in FX result (decisions 3.15/3.17). Positive = cost.,https://fubon.irpro.co/tw/conference.php,"富邦金控 results deck, 經常性避險成本 (legend-colour bound, sum-verified)",2021-12-31
7,hedge_cost_recurring,fubon_life,2022-01-01,Q,26.0,bp of FX assets,deck_disclosed,IFRS4,recurring hedge cost only; the deck's headline bar is the all-in FX result (decisions 3.15/3.17). Positive = cost.,https://fubon.irpro.co/tw/conference.php,"富邦金控 results deck, 經常性避險成本 (legend-colour bound, sum-verified)",2022-03-31
7,hedge_cost_recurring,fubon_life,2022-04-01,Q,29.0,bp of FX assets,deck_disclosed,IFRS4,recurring hedge cost only; the deck's headline bar is the all-in FX result (decisions 3.15/3.17). Positive = cost.,https://fubon.irpro.co/tw/conference.php,"富邦金控 results deck, 經常性避險成本 (legend-colour bound, sum-verified)",2022-06-30
7,hedge_cost_recurring,fubon_life,2022-04-01,Q,31.0,bp of FX assets,deck_disclosed,IFRS4,recurring hedge cost only; the deck's headline bar is the all-in FX result (decisions 3.15/3.17). Positive = cost.,https://fubon.irpro.co/tw/conference.php,"富邦金控 results deck, 經常性避險成本 (legend-colour bound, sum-verified)",2022-06-30
7,hedge_cost_recurring,fubon_life,2022-07-01,Q,37.0,bp of FX assets,deck_disclosed,IFRS4,recurring hedge cost only; the deck's headline bar is the all-in FX result (decisions 3.15/3.17). Positive = cost.,https://fubon.irpro.co/tw/conference.php,"富邦金控 results deck, 經常性避險成本 (legend-colour bound, sum-verified)",2022-09-30
7,hedge_cost_recurring,fubon_life,2022-07-01,Q,31.0,bp of FX assets,deck_disclosed,IFRS4,recurring hedge cost only; the deck's headline bar is the all-in FX result (decisions 3.15/3.17). Positive = cost.,https://fubon.irpro.co/tw/conference.php,"富邦金控 results deck, 經常性避險成本 (legend-colour bound, sum-verified)",2022-09-30
7,hedge_cost_recurring,fubon_life,2022-10-01,Q,51.0,bp of FX assets,deck_disclosed,IFRS4,recurring hedge cost only; the deck's headline bar is the all-in FX result (decisions 3.15/3.17). Positive = cost.,https://fubon.irpro.co/tw/conference.php,"富邦金控 results deck, 經常性避險成本 (legend-colour bound, sum-verified)",2022-12-31
7,hedge_cost_recurring,fubon_life,2022-10-01,Q,110.0,bp of FX assets,deck_disclosed,IFRS4,recurring hedge cost only; the deck's headline bar is the all-in FX result (decisions 3.15/3.17). Positive = cost.,https://fubon.irpro.co/tw/conference.php,"富邦金控 results deck, 經常性避險成本 (legend-colour bound, sum-verified)",2022-12-31
7,hedge_cost_recurring,fubon_life,2023-01-01,Q,141.0,bp of FX assets,deck_disclosed,IFRS4,recurring hedge cost only; the deck's headline bar is the all-in FX result (decisions 3.15/3.17). Positive = cost.,https://fubon.irpro.co/tw/conference.php,"富邦金控 results deck, 經常性避險成本 (legend-colour bound, sum-verified)",2023-03-31
7,hedge_cost_recurring,fubon_life,2023-04-01,Q,144.0,bp of FX assets,deck_disclosed,IFRS4,recurring hedge cost only; the deck's headline bar is the all-in FX result (decisions 3.15/3.17). Positive = cost.,https://fubon.irpro.co/tw/conference.php,"富邦金控 results deck, 經常性避險成本 (legend-colour bound, sum-verified)",2023-06-30
7,hedge_cost_recurring,fubon_life,2023-04-01,Q,147.0,bp of FX assets,deck_disclosed,IFRS4,recurring hedge cost only; the deck's headline bar is the all-in FX result (decisions 3.15/3.17). Positive = cost.,https://fubon.irpro.co/tw/conference.php,"富邦金控 results deck, 經常性避險成本 (legend-colour bound, sum-verified)",2023-06-30
7,hedge_cost_recurring,fubon_life,2023-07-01,Q,153.0,bp of FX assets,deck_disclosed,IFRS4,recurring hedge cost only; the deck's headline bar is the all-in FX result (decisions 3.15/3.17). Positive = cost.,https://fubon.irpro.co/tw/conference.php,"富邦金控 results deck, 經常性避險成本 (legend-colour bound, sum-verified)",2023-09-30
7,hedge_cost_recurring,fubon_life,2023-07-01,Q,147.0,bp of FX assets,deck_disclosed,IFRS4,recurring hedge cost only; the deck's headline bar is the all-in FX result (decisions 3.15/3.17). Positive = cost.,https://fubon.irpro.co/tw/conference.php,"富邦金控 results deck, 經常性避險成本 (legend-colour bound, sum-verified)",2023-09-30
7,hedge_cost_recurring,fubon_life,2023-10-01,Q,160.0,bp of FX assets,deck_disclosed,IFRS4,recurring hedge cost only; the deck's headline bar is the all-in FX result (decisions 3.15/3.17). Positive = cost.,https://fubon.irpro.co/tw/conference.php,"富邦金控 results deck, 經常性避險成本 (legend-colour bound, sum-verified)",2023-12-31
7,hedge_cost_recurring,fubon_life,2023-10-01,Q,198.0,bp of FX assets,deck_disclosed,IFRS4,recurring hedge cost only; the deck's headline bar is the all-in FX result (decisions 3.15/3.17). Positive = cost.,https://fubon.irpro.co/tw/conference.php,"富邦金控 results deck, 經常性避險成本 (legend-colour bound, sum-verified)",2023-12-31
7,hedge_cost_recurring,fubon_life,2024-01-01,Q,198.0,bp of FX assets,deck_disclosed,IFRS4,recurring hedge cost only; the deck's headline bar is the all-in FX result (decisions 3.15/3.17). Positive = cost.,https://fubon.irpro.co/tw/conference.php,"富邦金控 results deck, 經常性避險成本 (legend-colour bound, sum-verified)",2024-03-31
7,hedge_cost_recurring,fubon_life,2024-04-01,Q,182.0,bp of FX assets,deck_disclosed,IFRS4,recurring hedge cost only; the deck's headline bar is the all-in FX result (decisions 3.15/3.17). Positive = cost.,https://fubon.irpro.co/tw/conference.php,"富邦金控 results deck, 經常性避險成本 (legend-colour bound, sum-verified)",2024-06-30
7,hedge_cost_recurring,fubon_life,2024-04-01,Q,167.0,bp of FX assets,deck_disclosed,IFRS4,recurring hedge cost only; the deck's headline bar is the all-in FX result (decisions 3.15/3.17). Positive = cost.,https://fubon.irpro.co/tw/conference.php,"富邦金控 results deck, 經常性避險成本 (legend-colour bound, sum-verified)",2024-06-30
7,hedge_cost_recurring,fubon_life,2024-07-01,Q,185.0,bp of FX assets,deck_disclosed,IFRS4,recurring hedge cost only; the deck's headline bar is the all-in FX result (decisions 3.15/3.17). Positive = cost.,https://fubon.irpro.co/tw/conference.php,"富邦金控 results deck, 經常性避險成本 (legend-colour bound, sum-verified)",2024-09-30
7,hedge_cost_recurring,fubon_life,2024-07-01,Q,183.0,bp of FX assets,deck_disclosed,IFRS4,recurring hedge cost only; the deck's headline bar is the all-in FX result (decisions 3.15/3.17). Positive = cost.,https://fubon.irpro.co/tw/conference.php,"富邦金控 results deck, 經常性避險成本 (legend-colour bound, sum-verified)",2024-09-30
7,hedge_cost_recurring,fubon_life,2024-10-01,Q,175.0,bp of FX assets,deck_disclosed,IFRS4,recurring hedge cost only; the deck's headline bar is the all-in FX result (decisions 3.15/3.17). Positive = cost.,https://fubon.irpro.co/tw/conference.php,"富邦金控 results deck, 經常性避險成本 (legend-colour bound, sum-verified)",2024-12-31
7,hedge_cost_recurring,fubon_life,2024-10-01,Q,152.0,bp of FX assets,deck_disclosed,IFRS4,recurring hedge cost only; the deck's headline bar is the all-in FX result (decisions 3.15/3.17). Positive = cost.,https://fubon.irpro.co/tw/conference.php,"富邦金控 results deck, 經常性避險成本 (legend-colour bound, sum-verified)",2024-12-31
7,hedge_cost_recurring,fubon_life,2025-01-01,Q,116.0,bp of FX assets,deck_disclosed,IFRS4,recurring hedge cost only; the deck's headline bar is the all-in FX result (decisions 3.15/3.17). Positive = cost.,https://fubon.irpro.co/tw/conference.php,"富邦金控 results deck, 經常性避險成本 (legend-colour bound, sum-verified)",2025-03-31
7,hedge_cost_recurring,fubon_life,2025-04-01,Q,147.0,bp of FX assets,deck_disclosed,IFRS4,recurring hedge cost only; the deck's headline bar is the all-in FX result (decisions 3.15/3.17). Positive = cost.,https://fubon.irpro.co/tw/conference.php,"富邦金控 results deck, 經常性避險成本 (legend-colour bound, sum-verified)",2025-06-30
7,hedge_cost_recurring,fubon_life,2025-04-01,Q,179.0,bp of FX assets,deck_disclosed,IFRS4,recurring hedge cost only; the deck's headline bar is the all-in FX result (decisions 3.15/3.17). Positive = cost.,https://fubon.irpro.co/tw/conference.php,"富邦金控 results deck, 經常性避險成本 (legend-colour bound, sum-verified)",2025-06-30
7,hedge_cost_recurring,fubon_life,2026-01-01,Q,50.0,bp of FX assets,deck_disclosed,IFRS17,recurring hedge cost only; the deck's headline bar is the all-in FX result (decisions 3.15/3.17). Positive = cost.,https://fubon.irpro.co/tw/conference.php,"富邦金控 results deck, 經常性避險成本 (legend-colour bound, sum-verified)",2026-03-31
7,hedge_cost_recurring,fubon_life,2026-04-01,Q,48.0,bp of FX assets,deck_disclosed,IFRS17,recurring hedge cost only; the deck's headline bar is the all-in FX result (decisions 3.15/3.17). Positive = cost.,https://fubon.irpro.co/tw/conference.php,"富邦金控 results deck, 經常性避險成本 (legend-colour bound, sum-verified)",2026-06-30
7,hedge_cost_recurring,fubon_life,2026-04-01,Q,46.0,bp of FX assets,deck_disclosed,IFRS17,recurring hedge cost only; the deck's headline bar is the all-in FX result (decisions 3.15/3.17). Positive = cost.,https://fubon.irpro.co/tw/conference.php,"富邦金控 results deck, 經常性避險成本 (legend-colour bound, sum-verified)",2026-06-30
