obs_quarter,period,ca_net_usd_mn,debt_all_assets_usd_mn,debt_ofi_assets_usd_mn,debt_ofi_long_term_usd_mn,debt_ofi_short_term_usd_mn,debt_banks_usd_mn,debt_cbc_usd_mn,reserves_usd_mn,ofi_share_of_debt_buying,cum_ofi_long_term_usd_mn
1984-01-01,1984Q1,1713.0,,,,,,,1037.0,,0.0
1984-04-01,1984Q2,1928.0,,,,,,,894.0,,0.0
1984-07-01,1984Q3,1766.0,,,,,,,788.0,,0.0
1984-10-01,1984Q4,1573.0,,,,,,,1254.0,,0.0
1985-01-01,1985Q1,1779.0,,,,,,,1953.0,,0.0
1985-04-01,1985Q2,2280.0,,,,,,,906.0,,0.0
1985-07-01,1985Q3,2705.0,,,,,,,1460.0,,0.0
1985-10-01,1985Q4,2442.0,,,,,,,2207.0,,0.0
1986-01-01,1986Q1,3211.0,50.0,,,,,,3415.0,,0.0
1986-04-01,1986Q2,3643.0,30.0,,,,,,4611.0,,0.0
1986-07-01,1986Q3,4584.0,-69.0,,,,,,7263.0,,0.0
1986-10-01,1986Q4,4844.0,-7.0,,,,,,8033.0,,0.0
1987-01-01,1987Q1,4599.0,-2.0,,,,,,8123.0,,0.0
1987-04-01,1987Q2,4915.0,-1.0,,,,,,6062.0,,0.0
1987-07-01,1987Q3,5389.0,4.0,,,,,,3790.0,,0.0
1987-10-01,1987Q4,3142.0,1.0,,,,,,10118.0,,0.0
1988-01-01,1988Q1,1281.0,3.0,,,,,,-2001.0,,0.0
1988-04-01,1988Q2,3296.0,140.0,,,,,,-2290.0,,0.0
1988-07-01,1988Q3,2354.0,76.0,,,,,,-951.0,,0.0
1988-10-01,1988Q4,3335.0,72.0,,,,,,3850.0,,0.0
1989-01-01,1989Q1,2742.0,127.0,,,,,,2530.0,,0.0
1989-04-01,1989Q2,2356.0,11.0,,,,,,-32.0,,0.0
1989-07-01,1989Q3,3455.0,75.0,,,,,,-1462.0,,0.0
1989-10-01,1989Q4,2950.0,367.0,,,,,,-1816.0,,0.0
1990-01-01,1990Q1,1686.0,534.0,,,,,,-2835.0,,0.0
1990-04-01,1990Q2,2274.0,92.0,,,,,,-6884.0,,0.0
1990-07-01,1990Q3,3653.0,-186.0,,,,,,2521.0,,0.0
1990-10-01,1990Q4,3301.0,-60.0,,,,,,3280.0,,0.0
1991-01-01,1991Q1,2340.0,53.0,,,,,,3903.0,,0.0
1991-04-01,1991Q2,3109.0,68.0,,,,,,-181.0,,0.0
1991-07-01,1991Q3,2727.0,55.0,,,,,,2369.0,,0.0
1991-10-01,1991Q4,4292.0,52.0,,,,,,3568.0,,0.0
1992-01-01,1992Q1,2479.0,53.0,,,,,,2523.0,,0.0
1992-04-01,1992Q2,1860.0,-15.0,,,,,,1677.0,,0.0
1992-07-01,1992Q3,1531.0,-35.0,,,,,,383.0,,0.0
1992-10-01,1992Q4,2680.0,-40.0,,,,,,-3216.0,,0.0
1993-01-01,1993Q1,1718.0,,,,,,,245.0,,0.0
1993-04-01,1993Q2,1721.0,8.0,,,,,,655.0,,0.0
1993-07-01,1993Q3,1594.0,54.0,,,,,,-372.0,,0.0
1993-10-01,1993Q4,2009.0,191.0,,,,,,1013.0,,0.0
1994-01-01,1994Q1,926.0,194.0,,,,,,1308.0,,0.0
1994-04-01,1994Q2,1780.0,102.0,,,,,,1490.0,,0.0
1994-07-01,1994Q3,1573.0,140.0,,,,,,858.0,,0.0
1994-10-01,1994Q4,2219.0,48.0,,,,,,966.0,,0.0
1995-01-01,1995Q1,1352.0,-31.0,,,,,,1172.0,,0.0
1995-04-01,1995Q2,-313.0,59.0,,,,,,1035.0,,0.0
1995-07-01,1995Q3,820.0,-14.0,,,,,,-6486.0,,0.0
1995-10-01,1995Q4,3615.0,42.0,,,,,,348.0,,0.0
1996-01-01,1996Q1,2016.0,265.0,,,,265.0,,-6435.0,,0.0
1996-04-01,1996Q2,1974.0,14.0,,,,14.0,,3656.0,,0.0
1996-07-01,1996Q3,4257.0,316.0,,,,256.0,,1556.0,,0.0
1996-10-01,1996Q4,2676.0,381.0,,,,321.0,,2325.0,,0.0
1997-01-01,1997Q1,1710.0,1160.0,,,,1044.0,,3074.0,,0.0
1997-04-01,1997Q2,1025.0,439.0,,,,367.0,,1106.0,,0.0
1997-07-01,1997Q3,1895.0,223.0,,,,-17.0,,-3385.0,,0.0
1997-10-01,1997Q4,2146.0,6.0,,,,88.0,,-1523.0,,0.0
1998-01-01,1998Q1,-103.0,95.0,,,,69.0,,828.0,,0.0
1998-04-01,1998Q2,687.0,311.0,,,,222.0,,-323.0,,0.0
1998-07-01,1998Q3,1866.0,-69.0,,,,-117.0,,-983.0,,0.0
1998-10-01,1998Q4,679.0,-94.0,,,,-121.0,,5305.0,,0.0
1999-01-01,1999Q1,2332.0,95.0,,,,35.0,,4882.0,,0.0
1999-04-01,1999Q2,2180.0,-211.0,,,,-233.0,,5465.0,,0.0
1999-07-01,1999Q3,1403.0,-327.0,,,,-443.0,,2706.0,,0.0
1999-10-01,1999Q4,1662.0,-38.0,,,,-12.0,,5540.0,,0.0
2000-01-01,2000Q1,1299.0,282.0,,,,116.0,,8024.0,,0.0
2000-04-01,2000Q2,920.0,-126.0,,,,-127.0,,1011.0,,0.0
2000-07-01,2000Q3,2247.0,27.0,,,,-75.0,,-437.0,,0.0
2000-10-01,2000Q4,3753.0,332.0,,,,135.0,,-6121.0,,0.0
2001-01-01,2001Q1,3512.0,361.0,,,,81.0,,5666.0,,0.0
2001-04-01,2001Q2,2953.0,409.0,,,,143.0,,-601.0,,0.0
2001-07-01,2001Q3,4033.0,312.0,,,,-15.0,,4150.0,,0.0
2001-10-01,2001Q4,6586.0,1616.0,,,,124.0,,8138.0,,0.0
2002-01-01,2002Q1,6740.0,2328.0,,,,637.0,,6221.0,,0.0
2002-04-01,2002Q2,5526.0,994.0,,,,318.0,,16192.0,,0.0
2002-07-01,2002Q3,4440.0,1740.0,,,,-140.0,,8982.0,,0.0
2002-10-01,2002Q4,7640.0,1238.0,,,,11.0,,2269.0,,0.0
2003-01-01,2003Q1,7306.0,5436.0,,,,593.0,,5901.0,,0.0
2003-04-01,2003Q2,6503.0,8813.0,,,,363.0,,5821.0,,0.0
2003-07-01,2003Q3,6631.0,4768.0,,,,278.0,,12940.0,,0.0
2003-10-01,2003Q4,7821.0,5896.0,,,,154.0,,12430.0,,0.0
2004-01-01,2004Q1,5497.0,4013.0,,,,316.0,,21097.0,,0.0
2004-04-01,2004Q2,5308.0,4473.0,,,,-318.0,,4085.0,,0.0
2004-07-01,2004Q3,5056.0,1825.0,,,,-211.0,,-1489.0,,0.0
2004-10-01,2004Q4,1402.0,3345.0,,,,-89.0,,2903.0,,0.0
2005-01-01,2005Q1,4039.0,5670.0,,,,852.0,,12481.0,,0.0
2005-04-01,2005Q2,1379.0,4584.0,,,,439.0,,6450.0,,0.0
2005-07-01,2005Q3,654.0,5310.0,,,,1280.0,,495.0,,0.0
2005-10-01,2005Q4,8876.0,5874.0,,,,873.0,,630.0,,0.0
2006-01-01,2006Q1,4927.0,7148.0,,,,818.0,,2242.0,,0.0
2006-04-01,2006Q2,4176.0,6309.0,,,,769.0,,482.0,,0.0
2006-07-01,2006Q3,5899.0,5599.0,,,,406.0,,1128.0,,0.0
2006-10-01,2006Q4,8155.0,3256.0,,,,609.0,,2234.0,,0.0
2007-01-01,2007Q1,8940.0,3311.0,,,,456.0,,369.0,,0.0
2007-04-01,2007Q2,5749.0,3285.0,,,,1407.0,,-1893.0,,0.0
2007-07-01,2007Q3,6169.0,4604.0,,,,333.0,,-7733.0,,0.0
2007-10-01,2007Q4,11186.0,-1931.0,,,,-908.0,,5237.0,,0.0
2008-01-01,2008Q1,8081.0,1799.0,,,,381.0,,11322.0,,0.0
2008-04-01,2008Q2,7031.0,-130.0,,,,137.0,,4590.0,,0.0
2008-07-01,2008Q3,2058.0,-1779.0,,,,-838.0,,-2598.0,,0.0
2008-10-01,2008Q4,7624.0,-7990.0,,,,-519.0,,12960.0,,0.0
2009-01-01,2009Q1,12584.0,-1770.0,,,,-263.0,,12889.0,,0.0
2009-04-01,2009Q2,9810.0,5611.0,,,,1158.0,,11821.0,,0.0
2009-07-01,2009Q3,7446.0,1930.0,,,,554.0,,11761.0,,0.0
2009-10-01,2009Q4,10822.0,4731.0,,,,517.0,,17655.0,,0.0
2010-01-01,2010Q1,9411.0,2287.0,,,,550.0,,13401.0,,0.0
2010-04-01,2010Q2,9947.0,2965.0,,,,15.0,,15377.0,,0.0
2010-07-01,2010Q3,8430.0,8149.0,,,,1190.0,,7998.0,,0.0
2010-10-01,2010Q4,8938.0,7812.0,,,,311.0,,3397.0,,0.0
2011-01-01,2011Q1,9272.0,7430.0,,,,-65.0,,4589.0,,0.0
2011-04-01,2011Q2,7528.0,7037.0,,,,70.0,,4903.0,,0.0
2011-07-01,2011Q3,9571.0,2149.0,,,,-1405.0,,-3464.0,,0.0
2011-10-01,2011Q4,11543.0,809.0,,,,406.0,,211.0,,0.0
2012-01-01,2012Q1,8644.0,6143.0,4662.0,4403.0,259.0,934.0,,5094.0,0.7589,4403.0
2012-04-01,2012Q2,8938.0,4568.0,4961.0,5009.0,-48.0,,,3111.0,1.086,9412.0
2012-07-01,2012Q3,10627.0,10054.0,8868.0,8638.0,230.0,953.0,,3696.0,0.882,18050.0
2012-10-01,2012Q4,14716.0,8012.0,4958.0,4758.0,200.0,2263.0,,3583.0,0.6188,22808.0
2013-01-01,2013Q1,8895.0,7714.0,5529.0,5455.0,74.0,1774.0,,2151.0,0.7167,28263.0
2013-04-01,2013Q2,12234.0,6168.0,2720.0,2399.0,321.0,2040.0,,3880.0,0.441,30662.0
2013-07-01,2013Q3,13105.0,10023.0,8986.0,8665.0,321.0,-217.0,,2612.0,0.8965,39327.0
2013-10-01,2013Q4,15703.0,7082.0,5775.0,5588.0,187.0,1262.0,,2675.0,0.8154,44915.0
2014-01-01,2014Q1,12594.0,7179.0,5672.0,5482.0,190.0,553.0,,2622.0,0.7901,50397.0
2014-04-01,2014Q2,15730.0,3877.0,3346.0,3114.0,232.0,-831.0,,4393.0,0.863,53511.0
2014-07-01,2014Q3,13951.0,15039.0,12729.0,12616.0,113.0,317.0,,4181.0,0.8464,66127.0
2014-10-01,2014Q4,18332.0,10673.0,8479.0,7345.0,1134.0,595.0,,1819.0,0.7944,73472.0
2015-01-01,2015Q1,22031.0,8482.0,6101.0,5811.0,290.0,3088.0,,3811.0,0.7193,79283.0
2015-04-01,2015Q2,16337.0,14478.0,9082.0,9086.0,-4.0,3916.0,,4174.0,0.6273,88369.0
2015-07-01,2015Q3,15752.0,14779.0,13223.0,13155.0,68.0,1539.0,,5685.0,0.8947,101524.0
2015-10-01,2015Q4,19410.0,11679.0,9315.0,9285.0,30.0,2135.0,,1341.0,0.7976,110809.0
2016-01-01,2016Q1,20560.0,19232.0,12051.0,11959.0,92.0,6164.0,,3845.0,0.6266,122768.0
2016-04-01,2016Q2,18005.0,18027.0,15229.0,15207.0,22.0,3865.0,,3153.0,0.8448,137975.0
2016-07-01,2016Q3,13818.0,18859.0,13404.0,13112.0,292.0,5924.0,,2949.0,0.7107,151087.0
2016-10-01,2016Q4,19893.0,18900.0,18081.0,17902.0,179.0,-500.0,,716.0,0.9567,168989.0
2017-01-01,2017Q1,20251.0,26684.0,20561.0,20508.0,53.0,5112.0,,2433.0,0.7705,189497.0
2017-04-01,2017Q2,18083.0,9605.0,6535.0,6483.0,52.0,1263.0,,2084.0,0.6804,195980.0
2017-07-01,2017Q3,18446.0,17084.0,14861.0,14731.0,130.0,2316.0,,3932.0,0.8699,210711.0
2017-10-01,2017Q4,28444.0,14669.0,10542.0,10450.0,92.0,2958.0,,4018.0,0.7187,221161.0
2018-01-01,2018Q1,22435.0,22611.0,18622.0,18582.0,40.0,2240.0,,4760.0,0.8236,239743.0
2018-04-01,2018Q2,18147.0,21705.0,20814.0,20811.0,3.0,-574.0,,2156.0,0.9589,260554.0
2018-07-01,2018Q3,11492.0,10878.0,7246.0,7250.0,-4.0,2682.0,,3362.0,0.6661,267804.0
2018-10-01,2018Q4,21180.0,11283.0,10494.0,10356.0,138.0,360.0,,2221.0,0.9301,278160.0
2019-01-01,2019Q1,17857.0,13872.0,9263.0,9283.0,-20.0,3196.0,,2728.0,0.6677,287443.0
2019-04-01,2019Q2,18195.0,18961.0,14452.0,14501.0,-49.0,4586.0,,2446.0,0.7622,301944.0
2019-07-01,2019Q3,14143.0,15704.0,11168.0,11140.0,28.0,3973.0,,4003.0,0.7112,313084.0
2019-10-01,2019Q4,17961.0,8641.0,6790.0,6646.0,144.0,774.0,,7481.0,0.7858,319730.0
2020-01-01,2020Q1,18144.0,8630.0,2511.0,2403.0,108.0,3768.0,,4128.0,0.291,322133.0
2020-04-01,2020Q2,22452.0,9950.0,6052.0,5956.0,96.0,3036.0,,6955.0,0.6082,328089.0
2020-07-01,2020Q3,28039.0,8356.0,4557.0,4608.0,-51.0,3283.0,,9421.0,0.5454,332697.0
2020-10-01,2020Q4,29458.0,7214.0,433.0,451.0,-18.0,6912.0,,27838.0,0.06,333148.0
2021-01-01,2021Q1,27310.0,14420.0,7496.0,7420.0,76.0,4559.0,,10542.0,0.5198,340568.0
2021-04-01,2021Q2,30985.0,17419.0,10905.0,10770.0,135.0,3925.0,,3623.0,0.626,351338.0
2021-07-01,2021Q3,26188.0,15701.0,10776.0,10685.0,91.0,2310.0,,3073.0,0.6863,362023.0
2021-10-01,2021Q4,33490.0,14099.0,12287.0,12168.0,119.0,482.0,,3755.0,0.8715,374191.0
2022-01-01,2022Q1,32110.0,29484.0,14782.0,14668.0,114.0,11019.0,,256.0,0.5014,388859.0
2022-04-01,2022Q2,25882.0,14187.0,10486.0,10244.0,242.0,2133.0,,3815.0,0.7391,399103.0
2022-07-01,2022Q3,19112.0,5559.0,-401.0,-486.0,85.0,1084.0,,-4119.0,-0.0721,398617.0
2022-10-01,2022Q4,24124.0,2688.0,-8028.0,-8053.0,25.0,5721.0,,10931.0,-2.9866,390564.0
2023-01-01,2023Q1,20149.0,21008.0,5512.0,5017.0,495.0,9831.0,,4716.0,0.2624,395581.0
2023-04-01,2023Q2,25197.0,16544.0,5386.0,5271.0,115.0,5557.0,,5223.0,0.3256,400852.0
2023-07-01,2023Q3,26337.0,9838.0,3647.0,3488.0,159.0,1595.0,,1013.0,0.3707,404340.0
2023-10-01,2023Q4,34768.0,7874.0,1408.0,1275.0,133.0,2982.0,,3390.0,0.1788,405615.0
2024-01-01,2024Q1,30788.0,19803.0,7431.0,7307.0,124.0,6258.0,,-326.0,0.3752,412922.0
2024-04-01,2024Q2,23680.0,9670.0,2663.0,2537.0,126.0,3235.0,,5458.0,0.2754,415459.0
2024-07-01,2024Q3,25618.0,2356.0,2372.0,2387.0,-15.0,-2742.0,,1610.0,1.0068,417846.0
2024-10-01,2024Q4,34467.0,7547.0,7127.0,7033.0,94.0,2934.0,,4138.0,0.9443,424879.0
2025-01-01,2025Q1,30333.0,7268.0,789.0,653.0,136.0,3347.0,,-87.0,0.1086,425532.0
2025-04-01,2025Q2,37201.0,-7612.0,-12237.0,-12391.0,154.0,5064.0,,16002.0,1.6076,413141.0
2025-07-01,2025Q3,46913.0,11284.0,3776.0,3759.0,17.0,4408.0,,5116.0,0.3346,416900.0
2025-10-01,2025Q4,69942.0,8715.0,355.0,318.0,37.0,5052.0,,-996.0,0.0407,417218.0
2026-01-01,2026Q1,62535.0,7986.0,-2821.0,-2883.0,62.0,7742.0,,-4655.0,-0.3532,414335.0
2026-04-01,2026Q2,58491.0,6171.0,2039.0,2020.0,19.0,2929.0,,786.0,0.3304,416355.0
