insurer,uid,as_of,partial_year,item,amount_ntd_k,source_capture
旺旺友聯產物保險股份有限公司,03110001,2021-08,True,銀行存款,4543961.0,20210920023611
旺旺友聯產物保險股份有限公司,03110001,2021-08,True,有價證券,6863703.0,20210920023611
旺旺友聯產物保險股份有限公司,03110001,2021-08,True,不動產,1853409.0,20210920023611
旺旺友聯產物保險股份有限公司,03110001,2021-08,True,放款,0.0,20210920023611
旺旺友聯產物保險股份有限公司,03110001,2021-08,True,專案運用及公共投資,0.0,20210920023611
旺旺友聯產物保險股份有限公司,03110001,2021-08,True,國外投資,9365.0,20210920023611
旺旺友聯產物保險股份有限公司,03110001,2021-08,True,保險相關事業,0.0,20210920023611
旺旺友聯產物保險股份有限公司,03110001,2021-08,True,衍生性商品,0.0,20210920023611
旺旺友聯產物保險股份有限公司,03110001,2021-08,True,其他,0.0,20210920023611
旺旺友聯產物保險股份有限公司,03110001,2021-08,True,資金運用總計,13270438.0,20210920023611
旺旺友聯產物保險股份有限公司,03110001,2020-12,False,銀行存款,4025434.0,20210920023611
旺旺友聯產物保險股份有限公司,03110001,2020-12,False,有價證券,6753274.0,20210920023611
旺旺友聯產物保險股份有限公司,03110001,2020-12,False,不動產,1854975.0,20210920023611
旺旺友聯產物保險股份有限公司,03110001,2020-12,False,放款,0.0,20210920023611
旺旺友聯產物保險股份有限公司,03110001,2020-12,False,專案運用及公共投資,0.0,20210920023611
旺旺友聯產物保險股份有限公司,03110001,2020-12,False,國外投資,66344.0,20210920023611
旺旺友聯產物保險股份有限公司,03110001,2020-12,False,保險相關事業,0.0,20210920023611
旺旺友聯產物保險股份有限公司,03110001,2020-12,False,衍生性商品,0.0,20210920023611
旺旺友聯產物保險股份有限公司,03110001,2020-12,False,其他,0.0,20210920023611
旺旺友聯產物保險股份有限公司,03110001,2020-12,False,資金運用總計,12700027.0,20210920023611
旺旺友聯產物保險股份有限公司,03110001,2019-12,False,銀行存款,4370140.0,20210920023611
旺旺友聯產物保險股份有限公司,03110001,2019-12,False,有價證券,5499992.0,20210920023611
旺旺友聯產物保險股份有限公司,03110001,2019-12,False,不動產,1854889.0,20210920023611
旺旺友聯產物保險股份有限公司,03110001,2019-12,False,放款,0.0,20210920023611
旺旺友聯產物保險股份有限公司,03110001,2019-12,False,專案運用及公共投資,0.0,20210920023611
旺旺友聯產物保險股份有限公司,03110001,2019-12,False,國外投資,314500.0,20210920023611
旺旺友聯產物保險股份有限公司,03110001,2019-12,False,保險相關事業,0.0,20210920023611
旺旺友聯產物保險股份有限公司,03110001,2019-12,False,衍生性商品,0.0,20210920023611
旺旺友聯產物保險股份有限公司,03110001,2019-12,False,其他,0.0,20210920023611
旺旺友聯產物保險股份有限公司,03110001,2019-12,False,資金運用總計,12039521.0,20210920023611
旺旺友聯產物保險股份有限公司,03110001,2018-12,False,銀行存款,6148649.0,20210920023611
旺旺友聯產物保險股份有限公司,03110001,2018-12,False,有價證券,3439413.0,20210920023611
旺旺友聯產物保險股份有限公司,03110001,2018-12,False,不動產,1778286.0,20210920023611
旺旺友聯產物保險股份有限公司,03110001,2018-12,False,放款,0.0,20210920023611
旺旺友聯產物保險股份有限公司,03110001,2018-12,False,專案運用及公共投資,0.0,20210920023611
旺旺友聯產物保險股份有限公司,03110001,2018-12,False,國外投資,146909.0,20210920023611
旺旺友聯產物保險股份有限公司,03110001,2018-12,False,保險相關事業,0.0,20210920023611
旺旺友聯產物保險股份有限公司,03110001,2018-12,False,衍生性商品,0.0,20210920023611
旺旺友聯產物保險股份有限公司,03110001,2018-12,False,其他,0.0,20210920023611
旺旺友聯產物保險股份有限公司,03110001,2018-12,False,資金運用總計,11513257.0,20210920023611
旺旺友聯產物保險股份有限公司,03110001,2022-05,True,銀行存款,4834473.0,20220517174919
旺旺友聯產物保險股份有限公司,03110001,2022-05,True,有價證券,6963192.0,20220517174919
旺旺友聯產物保險股份有限公司,03110001,2022-05,True,不動產,2016117.0,20220517174919
旺旺友聯產物保險股份有限公司,03110001,2022-05,True,放款,0.0,20220517174919
旺旺友聯產物保險股份有限公司,03110001,2022-05,True,專案運用及公共投資,0.0,20220517174919
旺旺友聯產物保險股份有限公司,03110001,2022-05,True,國外投資,117881.0,20220517174919
旺旺友聯產物保險股份有限公司,03110001,2022-05,True,保險相關事業,0.0,20220517174919
旺旺友聯產物保險股份有限公司,03110001,2022-05,True,衍生性商品,0.0,20220517174919
旺旺友聯產物保險股份有限公司,03110001,2022-05,True,其他,0.0,20220517174919
旺旺友聯產物保險股份有限公司,03110001,2022-05,True,資金運用總計,13931663.0,20220517174919
旺旺友聯產物保險股份有限公司,03110001,2021-12,False,銀行存款,5297270.0,20220517174919
旺旺友聯產物保險股份有限公司,03110001,2021-12,False,有價證券,6556872.0,20220517174919
旺旺友聯產物保險股份有限公司,03110001,2021-12,False,不動產,2020990.0,20220517174919
旺旺友聯產物保險股份有限公司,03110001,2021-12,False,放款,0.0,20220517174919
旺旺友聯產物保險股份有限公司,03110001,2021-12,False,專案運用及公共投資,0.0,20220517174919
旺旺友聯產物保險股份有限公司,03110001,2021-12,False,國外投資,154412.0,20220517174919
旺旺友聯產物保險股份有限公司,03110001,2021-12,False,保險相關事業,0.0,20220517174919
旺旺友聯產物保險股份有限公司,03110001,2021-12,False,衍生性商品,0.0,20220517174919
旺旺友聯產物保險股份有限公司,03110001,2021-12,False,其他,0.0,20220517174919
旺旺友聯產物保險股份有限公司,03110001,2021-12,False,資金運用總計,14029544.0,20220517174919
旺旺友聯產物保險股份有限公司,03110001,2022-09,True,銀行存款,4690986.0,20230204091206
旺旺友聯產物保險股份有限公司,03110001,2022-09,True,有價證券,6251870.0,20230204091206
旺旺友聯產物保險股份有限公司,03110001,2022-09,True,不動產,2035093.0,20230204091206
旺旺友聯產物保險股份有限公司,03110001,2022-09,True,放款,0.0,20230204091206
旺旺友聯產物保險股份有限公司,03110001,2022-09,True,專案運用及公共投資,0.0,20230204091206
旺旺友聯產物保險股份有限公司,03110001,2022-09,True,國外投資,169214.0,20230204091206
旺旺友聯產物保險股份有限公司,03110001,2022-09,True,保險相關事業,0.0,20230204091206
旺旺友聯產物保險股份有限公司,03110001,2022-09,True,衍生性商品,0.0,20230204091206
旺旺友聯產物保險股份有限公司,03110001,2022-09,True,其他,0.0,20230204091206
旺旺友聯產物保險股份有限公司,03110001,2022-09,True,資金運用總計,13147163.0,20230204091206
旺旺友聯產物保險股份有限公司,03110001,2023-09,True,銀行存款,4698627.0,20240223202959
旺旺友聯產物保險股份有限公司,03110001,2023-09,True,有價證券,7362839.0,20240223202959
旺旺友聯產物保險股份有限公司,03110001,2023-09,True,不動產,2039556.0,20240223202959
旺旺友聯產物保險股份有限公司,03110001,2023-09,True,放款,0.0,20240223202959
旺旺友聯產物保險股份有限公司,03110001,2023-09,True,專案運用及公共投資,0.0,20240223202959
旺旺友聯產物保險股份有限公司,03110001,2023-09,True,國外投資,85682.0,20240223202959
旺旺友聯產物保險股份有限公司,03110001,2023-09,True,保險相關事業,0.0,20240223202959
旺旺友聯產物保險股份有限公司,03110001,2023-09,True,衍生性商品,0.0,20240223202959
旺旺友聯產物保險股份有限公司,03110001,2023-09,True,其他,0.0,20240223202959
旺旺友聯產物保險股份有限公司,03110001,2023-09,True,資金運用總計,14186704.0,20240223202959
旺旺友聯產物保險股份有限公司,03110001,2022-12,False,銀行存款,3970742.0,20240223202959
旺旺友聯產物保險股份有限公司,03110001,2022-12,False,有價證券,6807759.0,20240223202959
旺旺友聯產物保險股份有限公司,03110001,2022-12,False,不動產,2050693.0,20240223202959
旺旺友聯產物保險股份有限公司,03110001,2022-12,False,放款,0.0,20240223202959
旺旺友聯產物保險股份有限公司,03110001,2022-12,False,專案運用及公共投資,0.0,20240223202959
旺旺友聯產物保險股份有限公司,03110001,2022-12,False,國外投資,172415.0,20240223202959
旺旺友聯產物保險股份有限公司,03110001,2022-12,False,保險相關事業,0.0,20240223202959
旺旺友聯產物保險股份有限公司,03110001,2022-12,False,衍生性商品,0.0,20240223202959
旺旺友聯產物保險股份有限公司,03110001,2022-12,False,其他,0.0,20240223202959
旺旺友聯產物保險股份有限公司,03110001,2022-12,False,資金運用總計,13001609.0,20240223202959
旺旺友聯產物保險股份有限公司,03110001,2024-05,True,銀行存款,3876948.0,20240618153608
旺旺友聯產物保險股份有限公司,03110001,2024-05,True,有價證券,9001085.0,20240618153608
旺旺友聯產物保險股份有限公司,03110001,2024-05,True,不動產,2244269.0,20240618153608
旺旺友聯產物保險股份有限公司,03110001,2024-05,True,放款,0.0,20240618153608
旺旺友聯產物保險股份有限公司,03110001,2024-05,True,專案運用及公共投資,0.0,20240618153608
旺旺友聯產物保險股份有限公司,03110001,2024-05,True,國外投資,186048.0,20240618153608
旺旺友聯產物保險股份有限公司,03110001,2024-05,True,保險相關事業,0.0,20240618153608
旺旺友聯產物保險股份有限公司,03110001,2024-05,True,衍生性商品,0.0,20240618153608
旺旺友聯產物保險股份有限公司,03110001,2024-05,True,其他,0.0,20240618153608
旺旺友聯產物保險股份有限公司,03110001,2024-05,True,資金運用總計,15308350.0,20240618153608
旺旺友聯產物保險股份有限公司,03110001,2023-12,False,銀行存款,4569610.0,20240618153608
旺旺友聯產物保險股份有限公司,03110001,2023-12,False,有價證券,7730736.0,20240618153608
旺旺友聯產物保險股份有限公司,03110001,2023-12,False,不動產,2248226.0,20240618153608
旺旺友聯產物保險股份有限公司,03110001,2023-12,False,放款,0.0,20240618153608
旺旺友聯產物保險股份有限公司,03110001,2023-12,False,專案運用及公共投資,0.0,20240618153608
旺旺友聯產物保險股份有限公司,03110001,2023-12,False,國外投資,117743.0,20240618153608
旺旺友聯產物保險股份有限公司,03110001,2023-12,False,保險相關事業,0.0,20240618153608
旺旺友聯產物保險股份有限公司,03110001,2023-12,False,衍生性商品,0.0,20240618153608
旺旺友聯產物保險股份有限公司,03110001,2023-12,False,其他,0.0,20240618153608
旺旺友聯產物保險股份有限公司,03110001,2023-12,False,資金運用總計,14666315.0,20240618153608
泰安產物保險股份有限公司,03336704,2019-05,True,銀行存款,3925908.0,20190821212441
泰安產物保險股份有限公司,03336704,2019-05,True,有價證券,6612938.0,20190821212441
泰安產物保險股份有限公司,03336704,2019-05,True,不動產,1232395.0,20190821212441
泰安產物保險股份有限公司,03336704,2019-05,True,放款,0.0,20190821212441
泰安產物保險股份有限公司,03336704,2019-05,True,專案運用及公共投資,66818.0,20190821212441
泰安產物保險股份有限公司,03336704,2019-05,True,國外投資,1025240.0,20190821212441
泰安產物保險股份有限公司,03336704,2019-05,True,保險相關事業,0.0,20190821212441
泰安產物保險股份有限公司,03336704,2019-05,True,衍生性商品,0.0,20190821212441
泰安產物保險股份有限公司,03336704,2019-05,True,其他,0.0,20190821212441
泰安產物保險股份有限公司,03336704,2019-05,True,資金運用總計,12863299.0,20190821212441
泰安產物保險股份有限公司,03336704,2018-12,False,銀行存款,3763805.0,20190821212441
泰安產物保險股份有限公司,03336704,2018-12,False,有價證券,6749362.0,20190821212441
泰安產物保險股份有限公司,03336704,2018-12,False,不動產,1223800.0,20190821212441
泰安產物保險股份有限公司,03336704,2018-12,False,放款,0.0,20190821212441
泰安產物保險股份有限公司,03336704,2018-12,False,專案運用及公共投資,71573.0,20190821212441
泰安產物保險股份有限公司,03336704,2018-12,False,國外投資,1018740.0,20190821212441
泰安產物保險股份有限公司,03336704,2018-12,False,保險相關事業,0.0,20190821212441
泰安產物保險股份有限公司,03336704,2018-12,False,衍生性商品,0.0,20190821212441
泰安產物保險股份有限公司,03336704,2018-12,False,其他,12449.0,20190821212441
泰安產物保險股份有限公司,03336704,2018-12,False,資金運用總計,12839729.0,20190821212441
泰安產物保險股份有限公司,03336704,2017-12,False,銀行存款,5102057.0,20190821212441
泰安產物保險股份有限公司,03336704,2017-12,False,有價證券,5233372.0,20190821212441
泰安產物保險股份有限公司,03336704,2017-12,False,不動產,1246936.0,20190821212441
泰安產物保險股份有限公司,03336704,2017-12,False,放款,0.0,20190821212441
泰安產物保險股份有限公司,03336704,2017-12,False,專案運用及公共投資,98097.0,20190821212441
泰安產物保險股份有限公司,03336704,2017-12,False,國外投資,601492.0,20190821212441
泰安產物保險股份有限公司,03336704,2017-12,False,保險相關事業,0.0,20190821212441
泰安產物保險股份有限公司,03336704,2017-12,False,衍生性商品,6822.0,20190821212441
泰安產物保險股份有限公司,03336704,2017-12,False,其他,14002.0,20190821212441
泰安產物保險股份有限公司,03336704,2017-12,False,資金運用總計,12302778.0,20190821212441
泰安產物保險股份有限公司,03336704,2016-12,False,銀行存款,4111274.0,20190821212441
泰安產物保險股份有限公司,03336704,2016-12,False,有價證券,5496199.0,20190821212441
泰安產物保險股份有限公司,03336704,2016-12,False,不動產,1270316.0,20190821212441
泰安產物保險股份有限公司,03336704,2016-12,False,放款,0.0,20190821212441
泰安產物保險股份有限公司,03336704,2016-12,False,專案運用及公共投資,141538.0,20190821212441
泰安產物保險股份有限公司,03336704,2016-12,False,國外投資,834497.0,20190821212441
泰安產物保險股份有限公司,03336704,2016-12,False,保險相關事業,0.0,20190821212441
泰安產物保險股份有限公司,03336704,2016-12,False,衍生性商品,0.0,20190821212441
泰安產物保險股份有限公司,03336704,2016-12,False,其他,15559.0,20190821212441
泰安產物保險股份有限公司,03336704,2016-12,False,資金運用總計,11869383.0,20190821212441
泰安產物保險股份有限公司,03336704,2019-11,True,銀行存款,2530759.0,20191212063052
泰安產物保險股份有限公司,03336704,2019-11,True,有價證券,4843130.0,20191212063052
泰安產物保險股份有限公司,03336704,2019-11,True,不動產,5011853.0,20191212063052
泰安產物保險股份有限公司,03336704,2019-11,True,放款,0.0,20191212063052
泰安產物保險股份有限公司,03336704,2019-11,True,專案運用及公共投資,67090.0,20191212063052
泰安產物保險股份有限公司,03336704,2019-11,True,國外投資,576566.0,20191212063052
泰安產物保險股份有限公司,03336704,2019-11,True,保險相關事業,0.0,20191212063052
泰安產物保險股份有限公司,03336704,2019-11,True,衍生性商品,790.0,20191212063052
泰安產物保險股份有限公司,03336704,2019-11,True,其他,0.0,20191212063052
泰安產物保險股份有限公司,03336704,2019-11,True,資金運用總計,13030188.0,20191212063052
泰安產物保險股份有限公司,03336704,2021-05,True,銀行存款,2536156.0,20210625105243
泰安產物保險股份有限公司,03336704,2021-05,True,有價證券,6631360.0,20210625105243
泰安產物保險股份有限公司,03336704,2021-05,True,不動產,4958636.0,20210625105243
泰安產物保險股份有限公司,03336704,2021-05,True,放款,0.0,20210625105243
泰安產物保險股份有限公司,03336704,2021-05,True,專案運用及公共投資,67037.0,20210625105243
泰安產物保險股份有限公司,03336704,2021-05,True,國外投資,561139.0,20210625105243
泰安產物保險股份有限公司,03336704,2021-05,True,保險相關事業,0.0,20210625105243
泰安產物保險股份有限公司,03336704,2021-05,True,衍生性商品,11598.0,20210625105243
泰安產物保險股份有限公司,03336704,2021-05,True,其他,0.0,20210625105243
泰安產物保險股份有限公司,03336704,2021-05,True,資金運用總計,14765926.0,20210625105243
泰安產物保險股份有限公司,03336704,2020-12,False,銀行存款,2827912.0,20210625105243
泰安產物保險股份有限公司,03336704,2020-12,False,有價證券,6266782.0,20210625105243
泰安產物保險股份有限公司,03336704,2020-12,False,不動產,4967134.0,20210625105243
泰安產物保險股份有限公司,03336704,2020-12,False,放款,0.0,20210625105243
泰安產物保險股份有限公司,03336704,2020-12,False,專案運用及公共投資,72841.0,20210625105243
泰安產物保險股份有限公司,03336704,2020-12,False,國外投資,561773.0,20210625105243
泰安產物保險股份有限公司,03336704,2020-12,False,保險相關事業,0.0,20210625105243
泰安產物保險股份有限公司,03336704,2020-12,False,衍生性商品,22835.0,20210625105243
泰安產物保險股份有限公司,03336704,2020-12,False,其他,0.0,20210625105243
泰安產物保險股份有限公司,03336704,2020-12,False,資金運用總計,14719277.0,20210625105243
泰安產物保險股份有限公司,03336704,2019-12,False,銀行存款,2761526.0,20210625105243
泰安產物保險股份有限公司,03336704,2019-12,False,有價證券,5164545.0,20210625105243
泰安產物保險股份有限公司,03336704,2019-12,False,不動產,5002310.0,20210625105243
泰安產物保險股份有限公司,03336704,2019-12,False,放款,0.0,20210625105243
泰安產物保險股份有限公司,03336704,2019-12,False,專案運用及公共投資,69254.0,20210625105243
泰安產物保險股份有限公司,03336704,2019-12,False,國外投資,531028.0,20210625105243
泰安產物保險股份有限公司,03336704,2019-12,False,保險相關事業,0.0,20210625105243
泰安產物保險股份有限公司,03336704,2019-12,False,衍生性商品,6262.0,20210625105243
泰安產物保險股份有限公司,03336704,2019-12,False,其他,0.0,20210625105243
泰安產物保險股份有限公司,03336704,2019-12,False,資金運用總計,13534925.0,20210625105243
泰安產物保險股份有限公司,03336704,2021-11,True,銀行存款,2860698.0,20211202194242
泰安產物保險股份有限公司,03336704,2021-11,True,有價證券,7143633.0,20211202194242
泰安產物保險股份有限公司,03336704,2021-11,True,不動產,4952268.0,20211202194242
泰安產物保險股份有限公司,03336704,2021-11,True,放款,0.0,20211202194242
泰安產物保險股份有限公司,03336704,2021-11,True,專案運用及公共投資,47107.0,20211202194242
泰安產物保險股份有限公司,03336704,2021-11,True,國外投資,375309.0,20211202194242
泰安產物保險股份有限公司,03336704,2021-11,True,保險相關事業,0.0,20211202194242
泰安產物保險股份有限公司,03336704,2021-11,True,衍生性商品,3964.0,20211202194242
泰安產物保險股份有限公司,03336704,2021-11,True,其他,0.0,20211202194242
泰安產物保險股份有限公司,03336704,2021-11,True,資金運用總計,15382979.0,20211202194242
泰安產物保險股份有限公司,03336704,2022-05,True,銀行存款,2944610.0,20220517182032
泰安產物保險股份有限公司,03336704,2022-05,True,有價證券,7673913.0,20220517182032
泰安產物保險股份有限公司,03336704,2022-05,True,不動產,5125049.0,20220517182032
泰安產物保險股份有限公司,03336704,2022-05,True,放款,0.0,20220517182032
泰安產物保險股份有限公司,03336704,2022-05,True,專案運用及公共投資,35237.0,20220517182032
泰安產物保險股份有限公司,03336704,2022-05,True,國外投資,387481.0,20220517182032
泰安產物保險股份有限公司,03336704,2022-05,True,保險相關事業,0.0,20220517182032
泰安產物保險股份有限公司,03336704,2022-05,True,衍生性商品,0.0,20220517182032
泰安產物保險股份有限公司,03336704,2022-05,True,其他,0.0,20220517182032
泰安產物保險股份有限公司,03336704,2022-05,True,資金運用總計,16166290.0,20220517182032
泰安產物保險股份有限公司,03336704,2021-12,False,銀行存款,3388947.0,20220517182032
泰安產物保險股份有限公司,03336704,2021-12,False,有價證券,7573398.0,20220517182032
泰安產物保險股份有限公司,03336704,2021-12,False,不動產,5128958.0,20220517182032
泰安產物保險股份有限公司,03336704,2021-12,False,放款,0.0,20220517182032
泰安產物保險股份有限公司,03336704,2021-12,False,專案運用及公共投資,38203.0,20220517182032
泰安產物保險股份有限公司,03336704,2021-12,False,國外投資,374308.0,20220517182032
泰安產物保險股份有限公司,03336704,2021-12,False,保險相關事業,0.0,20220517182032
泰安產物保險股份有限公司,03336704,2021-12,False,衍生性商品,5603.0,20220517182032
泰安產物保險股份有限公司,03336704,2021-12,False,其他,0.0,20220517182032
泰安產物保險股份有限公司,03336704,2021-12,False,資金運用總計,16509417.0,20220517182032
泰安產物保險股份有限公司,03336704,2022-11,True,銀行存款,3368763.0,20221206112923
泰安產物保險股份有限公司,03336704,2022-11,True,有價證券,3979932.0,20221206112923
泰安產物保險股份有限公司,03336704,2022-11,True,不動產,5103974.0,20221206112923
泰安產物保險股份有限公司,03336704,2022-11,True,放款,0.0,20221206112923
泰安產物保險股份有限公司,03336704,2022-11,True,專案運用及公共投資,33148.0,20221206112923
泰安產物保險股份有限公司,03336704,2022-11,True,國外投資,588696.0,20221206112923
泰安產物保險股份有限公司,03336704,2022-11,True,保險相關事業,0.0,20221206112923
泰安產物保險股份有限公司,03336704,2022-11,True,衍生性商品,-28805.0,20221206112923
泰安產物保險股份有限公司,03336704,2022-11,True,其他,0.0,20221206112923
泰安產物保險股份有限公司,03336704,2022-11,True,資金運用總計,13045708.0,20221206112923
泰安產物保險股份有限公司,03336704,2023-08,True,銀行存款,3284686.0,20230926032601
泰安產物保險股份有限公司,03336704,2023-08,True,有價證券,4492695.0,20230926032601
泰安產物保險股份有限公司,03336704,2023-08,True,不動產,5072253.0,20230926032601
泰安產物保險股份有限公司,03336704,2023-08,True,放款,0.0,20230926032601
泰安產物保險股份有限公司,03336704,2023-08,True,專案運用及公共投資,34150.0,20230926032601
泰安產物保險股份有限公司,03336704,2023-08,True,國外投資,669943.0,20230926032601
泰安產物保險股份有限公司,03336704,2023-08,True,保險相關事業,0.0,20230926032601
泰安產物保險股份有限公司,03336704,2023-08,True,衍生性商品,-6441.0,20230926032601
泰安產物保險股份有限公司,03336704,2023-08,True,其他,0.0,20230926032601
泰安產物保險股份有限公司,03336704,2023-08,True,資金運用總計,13547286.0,20230926032601
泰安產物保險股份有限公司,03336704,2022-12,False,銀行存款,3606117.0,20230926032601
泰安產物保險股份有限公司,03336704,2022-12,False,有價證券,3869857.0,20230926032601
泰安產物保險股份有限公司,03336704,2022-12,False,不動產,5093434.0,20230926032601
泰安產物保險股份有限公司,03336704,2022-12,False,放款,0.0,20230926032601
泰安產物保險股份有限公司,03336704,2022-12,False,專案運用及公共投資,30837.0,20230926032601
泰安產物保險股份有限公司,03336704,2022-12,False,國外投資,576259.0,20230926032601
泰安產物保險股份有限公司,03336704,2022-12,False,保險相關事業,0.0,20230926032601
泰安產物保險股份有限公司,03336704,2022-12,False,衍生性商品,-3884.0,20230926032601
泰安產物保險股份有限公司,03336704,2022-12,False,其他,0.0,20230926032601
泰安產物保險股份有限公司,03336704,2022-12,False,資金運用總計,13172620.0,20230926032601
保誠人壽保險股份有限公司,03358805,2021-08,True,銀行存款,1606618.0,20211015192835
保誠人壽保險股份有限公司,03358805,2021-08,True,有價證券,93354322.0,20211015192835
保誠人壽保險股份有限公司,03358805,2021-08,True,不動產,32178.0,20211015192835
保誠人壽保險股份有限公司,03358805,2021-08,True,放款,4672085.0,20211015192835
保誠人壽保險股份有限公司,03358805,2021-08,True,專案運用及公共投資,0.0,20211015192835
保誠人壽保險股份有限公司,03358805,2021-08,True,國外投資,106585826.0,20211015192835
保誠人壽保險股份有限公司,03358805,2021-08,True,保險相關事業,0.0,20211015192835
保誠人壽保險股份有限公司,03358805,2021-08,True,衍生性商品,101075.0,20211015192835
保誠人壽保險股份有限公司,03358805,2021-08,True,其他,0.0,20211015192835
保誠人壽保險股份有限公司,03358805,2021-08,True,資金運用總計,206352104.0,20211015192835
保誠人壽保險股份有限公司,03358805,2020-12,False,銀行存款,2003001.0,20211015192835
保誠人壽保險股份有限公司,03358805,2020-12,False,有價證券,93770348.0,20211015192835
保誠人壽保險股份有限公司,03358805,2020-12,False,不動產,32178.0,20211015192835
保誠人壽保險股份有限公司,03358805,2020-12,False,放款,4815158.0,20211015192835
保誠人壽保險股份有限公司,03358805,2020-12,False,專案運用及公共投資,0.0,20211015192835
保誠人壽保險股份有限公司,03358805,2020-12,False,國外投資,101784823.0,20211015192835
保誠人壽保險股份有限公司,03358805,2020-12,False,保險相關事業,0.0,20211015192835
保誠人壽保險股份有限公司,03358805,2020-12,False,衍生性商品,645286.0,20211015192835
保誠人壽保險股份有限公司,03358805,2020-12,False,其他,0.0,20211015192835
保誠人壽保險股份有限公司,03358805,2020-12,False,資金運用總計,203050794.0,20211015192835
保誠人壽保險股份有限公司,03358805,2019-12,False,銀行存款,1546015.0,20211015192835
保誠人壽保險股份有限公司,03358805,2019-12,False,有價證券,78125832.0,20211015192835
保誠人壽保險股份有限公司,03358805,2019-12,False,不動產,32178.0,20211015192835
保誠人壽保險股份有限公司,03358805,2019-12,False,放款,5293414.0,20211015192835
保誠人壽保險股份有限公司,03358805,2019-12,False,專案運用及公共投資,0.0,20211015192835
保誠人壽保險股份有限公司,03358805,2019-12,False,國外投資,87492578.0,20211015192835
保誠人壽保險股份有限公司,03358805,2019-12,False,保險相關事業,0.0,20211015192835
保誠人壽保險股份有限公司,03358805,2019-12,False,衍生性商品,447057.0,20211015192835
保誠人壽保險股份有限公司,03358805,2019-12,False,其他,2208.0,20211015192835
保誠人壽保險股份有限公司,03358805,2019-12,False,資金運用總計,172939282.0,20211015192835
保誠人壽保險股份有限公司,03358805,2018-12,False,銀行存款,1127114.0,20211015192835
保誠人壽保險股份有限公司,03358805,2018-12,False,有價證券,66965941.0,20211015192835
保誠人壽保險股份有限公司,03358805,2018-12,False,不動產,32178.0,20211015192835
保誠人壽保險股份有限公司,03358805,2018-12,False,放款,6409403.0,20211015192835
保誠人壽保險股份有限公司,03358805,2018-12,False,專案運用及公共投資,52394.0,20211015192835
保誠人壽保險股份有限公司,03358805,2018-12,False,國外投資,68682633.0,20211015192835
保誠人壽保險股份有限公司,03358805,2018-12,False,保險相關事業,0.0,20211015192835
保誠人壽保險股份有限公司,03358805,2018-12,False,衍生性商品,1763.0,20211015192835
保誠人壽保險股份有限公司,03358805,2018-12,False,其他,7777.0,20211015192835
保誠人壽保險股份有限公司,03358805,2018-12,False,資金運用總計,143279203.0,20211015192835
華南產物保險股份有限公司,03415101,2022-05,True,銀行存款,4393954.0,20220522104713
華南產物保險股份有限公司,03415101,2022-05,True,有價證券,5565902.0,20220522104713
華南產物保險股份有限公司,03415101,2022-05,True,不動產,794949.0,20220522104713
華南產物保險股份有限公司,03415101,2022-05,True,放款,236428.0,20220522104713
華南產物保險股份有限公司,03415101,2022-05,True,專案運用及公共投資,106466.0,20220522104713
華南產物保險股份有限公司,03415101,2022-05,True,國外投資,5571568.0,20220522104713
華南產物保險股份有限公司,03415101,2022-05,True,保險相關事業,0.0,20220522104713
華南產物保險股份有限公司,03415101,2022-05,True,衍生性商品,-85240.0,20220522104713
華南產物保險股份有限公司,03415101,2022-05,True,其他,701932.0,20220522104713
華南產物保險股份有限公司,03415101,2022-05,True,資金運用總計,17285959.0,20220522104713
華南產物保險股份有限公司,03415101,2021-12,False,銀行存款,3814723.0,20220522104713
華南產物保險股份有限公司,03415101,2021-12,False,有價證券,5714984.0,20220522104713
華南產物保險股份有限公司,03415101,2021-12,False,不動產,796456.0,20220522104713
華南產物保險股份有限公司,03415101,2021-12,False,放款,216870.0,20220522104713
華南產物保險股份有限公司,03415101,2021-12,False,專案運用及公共投資,111250.0,20220522104713
華南產物保險股份有限公司,03415101,2021-12,False,國外投資,5674343.0,20220522104713
華南產物保險股份有限公司,03415101,2021-12,False,保險相關事業,0.0,20220522104713
華南產物保險股份有限公司,03415101,2021-12,False,衍生性商品,14894.0,20220522104713
華南產物保險股份有限公司,03415101,2021-12,False,其他,668594.0,20220522104713
華南產物保險股份有限公司,03415101,2021-12,False,資金運用總計,17012114.0,20220522104713
華南產物保險股份有限公司,03415101,2020-12,False,銀行存款,3723284.0,20220522104713
華南產物保險股份有限公司,03415101,2020-12,False,有價證券,4918403.0,20220522104713
華南產物保險股份有限公司,03415101,2020-12,False,不動產,802481.0,20220522104713
華南產物保險股份有限公司,03415101,2020-12,False,放款,249367.0,20220522104713
華南產物保險股份有限公司,03415101,2020-12,False,專案運用及公共投資,106392.0,20220522104713
華南產物保險股份有限公司,03415101,2020-12,False,國外投資,5424094.0,20220522104713
華南產物保險股份有限公司,03415101,2020-12,False,保險相關事業,0.0,20220522104713
華南產物保險股份有限公司,03415101,2020-12,False,衍生性商品,13388.0,20220522104713
華南產物保險股份有限公司,03415101,2020-12,False,其他,585860.0,20220522104713
華南產物保險股份有限公司,03415101,2020-12,False,資金運用總計,15823269.0,20220522104713
華南產物保險股份有限公司,03415101,2019-12,False,銀行存款,3459589.0,20220522104713
華南產物保險股份有限公司,03415101,2019-12,False,有價證券,4619558.0,20220522104713
華南產物保險股份有限公司,03415101,2019-12,False,不動產,808411.0,20220522104713
華南產物保險股份有限公司,03415101,2019-12,False,放款,236869.0,20220522104713
華南產物保險股份有限公司,03415101,2019-12,False,專案運用及公共投資,97615.0,20220522104713
華南產物保險股份有限公司,03415101,2019-12,False,國外投資,5197873.0,20220522104713
華南產物保險股份有限公司,03415101,2019-12,False,保險相關事業,0.0,20220522104713
華南產物保險股份有限公司,03415101,2019-12,False,衍生性商品,136636.0,20220522104713
華南產物保險股份有限公司,03415101,2019-12,False,其他,224413.0,20220522104713
華南產物保險股份有限公司,03415101,2019-12,False,資金運用總計,14780964.0,20220522104713
華南產物保險股份有限公司,03415101,2022-09,True,銀行存款,3856943.0,20230201185326
華南產物保險股份有限公司,03415101,2022-09,True,有價證券,4975749.0,20230201185326
華南產物保險股份有限公司,03415101,2022-09,True,不動產,791937.0,20230201185326
華南產物保險股份有限公司,03415101,2022-09,True,放款,189026.0,20230201185326
華南產物保險股份有限公司,03415101,2022-09,True,專案運用及公共投資,114786.0,20230201185326
華南產物保險股份有限公司,03415101,2022-09,True,國外投資,5778721.0,20230201185326
華南產物保險股份有限公司,03415101,2022-09,True,保險相關事業,0.0,20230201185326
華南產物保險股份有限公司,03415101,2022-09,True,衍生性商品,-276241.0,20230201185326
華南產物保險股份有限公司,03415101,2022-09,True,其他,924763.0,20230201185326
華南產物保險股份有限公司,03415101,2022-09,True,資金運用總計,16355684.0,20230201185326
台灣人壽保險股份有限公司,03557017,2021-05,True,銀行存款,38708846.0,20210625100741
台灣人壽保險股份有限公司,03557017,2021-05,True,有價證券,413855291.0,20210625100741
台灣人壽保險股份有限公司,03557017,2021-05,True,不動產,84297349.0,20210625100741
台灣人壽保險股份有限公司,03557017,2021-05,True,放款,43097500.0,20210625100741
台灣人壽保險股份有限公司,03557017,2021-05,True,專案運用及公共投資,22111852.0,20210625100741
台灣人壽保險股份有限公司,03557017,2021-05,True,國外投資,1276508813.0,20210625100741
台灣人壽保險股份有限公司,03557017,2021-05,True,保險相關事業,3099500.0,20210625100741
台灣人壽保險股份有限公司,03557017,2021-05,True,衍生性商品,0.0,20210625100741
台灣人壽保險股份有限公司,03557017,2021-05,True,其他,3727563.0,20210625100741
台灣人壽保險股份有限公司,03557017,2021-05,True,資金運用總計,1885406714.0,20210625100741
台灣人壽保險股份有限公司,03557017,2020-12,False,銀行存款,42724006.0,20210625100741
台灣人壽保險股份有限公司,03557017,2020-12,False,有價證券,420936269.0,20210625100741
台灣人壽保險股份有限公司,03557017,2020-12,False,不動產,79441193.0,20210625100741
台灣人壽保險股份有限公司,03557017,2020-12,False,放款,43781418.0,20210625100741
台灣人壽保險股份有限公司,03557017,2020-12,False,專案運用及公共投資,20884468.0,20210625100741
台灣人壽保險股份有限公司,03557017,2020-12,False,國外投資,1263838253.0,20210625100741
台灣人壽保險股份有限公司,03557017,2020-12,False,保險相關事業,2993096.0,20210625100741
台灣人壽保險股份有限公司,03557017,2020-12,False,衍生性商品,0.0,20210625100741
台灣人壽保險股份有限公司,03557017,2020-12,False,其他,120233.0,20210625100741
台灣人壽保險股份有限公司,03557017,2020-12,False,資金運用總計,1874718936.0,20210625100741
台灣人壽保險股份有限公司,03557017,2019-12,False,銀行存款,43712757.0,20210625100741
台灣人壽保險股份有限公司,03557017,2019-12,False,有價證券,408141757.0,20210625100741
台灣人壽保險股份有限公司,03557017,2019-12,False,不動產,75896130.0,20210625100741
台灣人壽保險股份有限公司,03557017,2019-12,False,放款,47791210.0,20210625100741
台灣人壽保險股份有限公司,03557017,2019-12,False,專案運用及公共投資,13242581.0,20210625100741
台灣人壽保險股份有限公司,03557017,2019-12,False,國外投資,1221743580.0,20210625100741
台灣人壽保險股份有限公司,03557017,2019-12,False,保險相關事業,2892717.0,20210625100741
台灣人壽保險股份有限公司,03557017,2019-12,False,衍生性商品,0.0,20210625100741
台灣人壽保險股份有限公司,03557017,2019-12,False,其他,132077.0,20210625100741
台灣人壽保險股份有限公司,03557017,2019-12,False,資金運用總計,1813552809.0,20210625100741
台灣人壽保險股份有限公司,03557017,2018-12,False,銀行存款,63199693.0,20210625100741
台灣人壽保險股份有限公司,03557017,2018-12,False,有價證券,290540423.0,20210625100741
台灣人壽保險股份有限公司,03557017,2018-12,False,不動產,56862974.0,20210625100741
台灣人壽保險股份有限公司,03557017,2018-12,False,放款,45768624.0,20210625100741
台灣人壽保險股份有限公司,03557017,2018-12,False,專案運用及公共投資,19264831.0,20210625100741
台灣人壽保險股份有限公司,03557017,2018-12,False,國外投資,1147986967.0,20210625100741
台灣人壽保險股份有限公司,03557017,2018-12,False,保險相關事業,3199556.0,20210625100741
台灣人壽保險股份有限公司,03557017,2018-12,False,衍生性商品,0.0,20210625100741
台灣人壽保險股份有限公司,03557017,2018-12,False,其他,15053912.0,20210625100741
台灣人壽保險股份有限公司,03557017,2018-12,False,資金運用總計,1641876980.0,20210625100741
台灣人壽保險股份有限公司,03557017,2023-05,True,銀行存款,43454254.0,20230803062751
台灣人壽保險股份有限公司,03557017,2023-05,True,有價證券,342462659.0,20230803062751
台灣人壽保險股份有限公司,03557017,2023-05,True,不動產,95293009.0,20230803062751
台灣人壽保險股份有限公司,03557017,2023-05,True,放款,51579069.0,20230803062751
台灣人壽保險股份有限公司,03557017,2023-05,True,專案運用及公共投資,34567044.0,20230803062751
台灣人壽保險股份有限公司,03557017,2023-05,True,國外投資,1361119025.0,20230803062751
台灣人壽保險股份有限公司,03557017,2023-05,True,保險相關事業,-2237878.0,20230803062751
台灣人壽保險股份有限公司,03557017,2023-05,True,衍生性商品,0.0,20230803062751
台灣人壽保險股份有限公司,03557017,2023-05,True,其他,3086079.0,20230803062751
台灣人壽保險股份有限公司,03557017,2023-05,True,資金運用總計,1929323261.0,20230803062751
台灣人壽保險股份有限公司,03557017,2022-12,False,銀行存款,39374631.0,20230803062751
台灣人壽保險股份有限公司,03557017,2022-12,False,有價證券,331471376.0,20230803062751
台灣人壽保險股份有限公司,03557017,2022-12,False,不動產,95092971.0,20230803062751
台灣人壽保險股份有限公司,03557017,2022-12,False,放款,50850676.0,20230803062751
台灣人壽保險股份有限公司,03557017,2022-12,False,專案運用及公共投資,31004940.0,20230803062751
台灣人壽保險股份有限公司,03557017,2022-12,False,國外投資,1377177300.0,20230803062751
台灣人壽保險股份有限公司,03557017,2022-12,False,保險相關事業,-3103744.0,20230803062751
台灣人壽保險股份有限公司,03557017,2022-12,False,衍生性商品,0.0,20230803062751
台灣人壽保險股份有限公司,03557017,2022-12,False,其他,2716887.0,20230803062751
台灣人壽保險股份有限公司,03557017,2022-12,False,資金運用總計,1924585037.0,20230803062751
台灣人壽保險股份有限公司,03557017,2021-12,False,銀行存款,42231598.0,20230803062751
台灣人壽保險股份有限公司,03557017,2021-12,False,有價證券,412691563.0,20230803062751
台灣人壽保險股份有限公司,03557017,2021-12,False,不動產,85846390.0,20230803062751
台灣人壽保險股份有限公司,03557017,2021-12,False,放款,44350821.0,20230803062751
台灣人壽保險股份有限公司,03557017,2021-12,False,專案運用及公共投資,27153909.0,20230803062751
台灣人壽保險股份有限公司,03557017,2021-12,False,國外投資,1308315635.0,20230803062751
台灣人壽保險股份有限公司,03557017,2021-12,False,保險相關事業,3098961.0,20230803062751
台灣人壽保險股份有限公司,03557017,2021-12,False,衍生性商品,0.0,20230803062751
台灣人壽保險股份有限公司,03557017,2021-12,False,其他,195945.0,20230803062751
台灣人壽保險股份有限公司,03557017,2021-12,False,資金運用總計,1923884822.0,20230803062751
英屬百慕達商安達人壽保險股份有限公司台灣分公司,27927257,2022-09,True,銀行存款,925674.0,20230306190809
英屬百慕達商安達人壽保險股份有限公司台灣分公司,27927257,2022-09,True,有價證券,795270.0,20230306190809
英屬百慕達商安達人壽保險股份有限公司台灣分公司,27927257,2022-09,True,不動產,0.0,20230306190809
英屬百慕達商安達人壽保險股份有限公司台灣分公司,27927257,2022-09,True,放款,1933984.0,20230306190809
英屬百慕達商安達人壽保險股份有限公司台灣分公司,27927257,2022-09,True,專案運用及公共投資,0.0,20230306190809
英屬百慕達商安達人壽保險股份有限公司台灣分公司,27927257,2022-09,True,國外投資,4002913.0,20230306190809
英屬百慕達商安達人壽保險股份有限公司台灣分公司,27927257,2022-09,True,保險相關事業,0.0,20230306190809
英屬百慕達商安達人壽保險股份有限公司台灣分公司,27927257,2022-09,True,衍生性商品,0.0,20230306190809
英屬百慕達商安達人壽保險股份有限公司台灣分公司,27927257,2022-09,True,其他,0.0,20230306190809
英屬百慕達商安達人壽保險股份有限公司台灣分公司,27927257,2022-09,True,資金運用總計,7657841.0,20230306190809
英屬百慕達商安達人壽保險股份有限公司台灣分公司,27927257,2021-12,False,銀行存款,1873557.0,20230306190809
英屬百慕達商安達人壽保險股份有限公司台灣分公司,27927257,2021-12,False,有價證券,866975.0,20230306190809
英屬百慕達商安達人壽保險股份有限公司台灣分公司,27927257,2021-12,False,不動產,0.0,20230306190809
英屬百慕達商安達人壽保險股份有限公司台灣分公司,27927257,2021-12,False,放款,1438115.0,20230306190809
英屬百慕達商安達人壽保險股份有限公司台灣分公司,27927257,2021-12,False,專案運用及公共投資,0.0,20230306190809
英屬百慕達商安達人壽保險股份有限公司台灣分公司,27927257,2021-12,False,國外投資,3714973.0,20230306190809
英屬百慕達商安達人壽保險股份有限公司台灣分公司,27927257,2021-12,False,保險相關事業,0.0,20230306190809
英屬百慕達商安達人壽保險股份有限公司台灣分公司,27927257,2021-12,False,衍生性商品,0.0,20230306190809
英屬百慕達商安達人壽保險股份有限公司台灣分公司,27927257,2021-12,False,其他,0.0,20230306190809
英屬百慕達商安達人壽保險股份有限公司台灣分公司,27927257,2021-12,False,資金運用總計,7893620.0,20230306190809
英屬百慕達商安達人壽保險股份有限公司台灣分公司,27927257,2020-12,False,銀行存款,1263581.0,20230306190809
英屬百慕達商安達人壽保險股份有限公司台灣分公司,27927257,2020-12,False,有價證券,1003544.0,20230306190809
英屬百慕達商安達人壽保險股份有限公司台灣分公司,27927257,2020-12,False,不動產,0.0,20230306190809
英屬百慕達商安達人壽保險股份有限公司台灣分公司,27927257,2020-12,False,放款,983665.0,20230306190809
英屬百慕達商安達人壽保險股份有限公司台灣分公司,27927257,2020-12,False,專案運用及公共投資,0.0,20230306190809
英屬百慕達商安達人壽保險股份有限公司台灣分公司,27927257,2020-12,False,國外投資,3384243.0,20230306190809
英屬百慕達商安達人壽保險股份有限公司台灣分公司,27927257,2020-12,False,保險相關事業,0.0,20230306190809
英屬百慕達商安達人壽保險股份有限公司台灣分公司,27927257,2020-12,False,衍生性商品,0.0,20230306190809
英屬百慕達商安達人壽保險股份有限公司台灣分公司,27927257,2020-12,False,其他,0.0,20230306190809
英屬百慕達商安達人壽保險股份有限公司台灣分公司,27927257,2020-12,False,資金運用總計,6635033.0,20230306190809
英屬百慕達商安達人壽保險股份有限公司台灣分公司,27927257,2019-12,False,銀行存款,285119.0,20230306190809
英屬百慕達商安達人壽保險股份有限公司台灣分公司,27927257,2019-12,False,有價證券,630890.0,20230306190809
英屬百慕達商安達人壽保險股份有限公司台灣分公司,27927257,2019-12,False,不動產,0.0,20230306190809
英屬百慕達商安達人壽保險股份有限公司台灣分公司,27927257,2019-12,False,放款,1744449.0,20230306190809
英屬百慕達商安達人壽保險股份有限公司台灣分公司,27927257,2019-12,False,專案運用及公共投資,0.0,20230306190809
英屬百慕達商安達人壽保險股份有限公司台灣分公司,27927257,2019-12,False,國外投資,2635550.0,20230306190809
英屬百慕達商安達人壽保險股份有限公司台灣分公司,27927257,2019-12,False,保險相關事業,0.0,20230306190809
英屬百慕達商安達人壽保險股份有限公司台灣分公司,27927257,2019-12,False,衍生性商品,0.0,20230306190809
英屬百慕達商安達人壽保險股份有限公司台灣分公司,27927257,2019-12,False,其他,0.0,20230306190809
英屬百慕達商安達人壽保險股份有限公司台灣分公司,27927257,2019-12,False,資金運用總計,5296008.0,20230306190809
富邦人壽保險股份有限公司,27935073,2022-05,True,銀行存款,86008258.0,20220617184938
富邦人壽保險股份有限公司,27935073,2022-05,True,有價證券,1174565994.0,20220617184938
富邦人壽保險股份有限公司,27935073,2022-05,True,不動產,269993981.0,20220617184938
富邦人壽保險股份有限公司,27935073,2022-05,True,放款,205528303.0,20220617184938
富邦人壽保險股份有限公司,27935073,2022-05,True,專案運用及公共投資,10599318.0,20220617184938
富邦人壽保險股份有限公司,27935073,2022-05,True,國外投資,3037867119.0,20220617184938
富邦人壽保險股份有限公司,27935073,2022-05,True,保險相關事業,0.0,20220617184938
富邦人壽保險股份有限公司,27935073,2022-05,True,衍生性商品,52545.0,20220617184938
富邦人壽保險股份有限公司,27935073,2022-05,True,其他,0.0,20220617184938
富邦人壽保險股份有限公司,27935073,2022-05,True,資金運用總計,4784615518.0,20220617184938
富邦人壽保險股份有限公司,27935073,2021-12,False,銀行存款,64340779.0,20220617184938
富邦人壽保險股份有限公司,27935073,2021-12,False,有價證券,1216354003.0,20220617184938
富邦人壽保險股份有限公司,27935073,2021-12,False,不動產,269077438.0,20220617184938
富邦人壽保險股份有限公司,27935073,2021-12,False,放款,212168074.0,20220617184938
富邦人壽保險股份有限公司,27935073,2021-12,False,專案運用及公共投資,11141766.0,20220617184938
富邦人壽保險股份有限公司,27935073,2021-12,False,國外投資,3031253809.0,20220617184938
富邦人壽保險股份有限公司,27935073,2021-12,False,保險相關事業,0.0,20220617184938
富邦人壽保險股份有限公司,27935073,2021-12,False,衍生性商品,211835.0,20220617184938
富邦人壽保險股份有限公司,27935073,2021-12,False,其他,0.0,20220617184938
富邦人壽保險股份有限公司,27935073,2021-12,False,資金運用總計,4804547704.0,20220617184938
富邦人壽保險股份有限公司,27935073,2020-12,False,銀行存款,130632217.0,20220617184938
富邦人壽保險股份有限公司,27935073,2020-12,False,有價證券,1148008417.0,20220617184938
富邦人壽保險股份有限公司,27935073,2020-12,False,不動產,265326051.0,20220617184938
富邦人壽保險股份有限公司,27935073,2020-12,False,放款,229444078.0,20220617184938
富邦人壽保險股份有限公司,27935073,2020-12,False,專案運用及公共投資,8176050.0,20220617184938
富邦人壽保險股份有限公司,27935073,2020-12,False,國外投資,2705253359.0,20220617184938
富邦人壽保險股份有限公司,27935073,2020-12,False,保險相關事業,0.0,20220617184938
富邦人壽保險股份有限公司,27935073,2020-12,False,衍生性商品,347707.0,20220617184938
富邦人壽保險股份有限公司,27935073,2020-12,False,其他,0.0,20220617184938
富邦人壽保險股份有限公司,27935073,2020-12,False,資金運用總計,4487187879.0,20220617184938
富邦人壽保險股份有限公司,27935073,2019-12,False,銀行存款,72703615.0,20220617184938
富邦人壽保險股份有限公司,27935073,2019-12,False,有價證券,1073754051.0,20220617184938
富邦人壽保險股份有限公司,27935073,2019-12,False,不動產,207311225.0,20220617184938
富邦人壽保險股份有限公司,27935073,2019-12,False,放款,226923157.0,20220617184938
富邦人壽保險股份有限公司,27935073,2019-12,False,專案運用及公共投資,6798239.0,20220617184938
富邦人壽保險股份有限公司,27935073,2019-12,False,國外投資,2524767859.0,20220617184938
富邦人壽保險股份有限公司,27935073,2019-12,False,保險相關事業,0.0,20220617184938
富邦人壽保險股份有限公司,27935073,2019-12,False,衍生性商品,390618.0,20220617184938
富邦人壽保險股份有限公司,27935073,2019-12,False,其他,0.0,20220617184938
富邦人壽保險股份有限公司,27935073,2019-12,False,資金運用總計,4112648764.0,20220617184938
法商科法斯產物保險股份有限公司台灣分公司,28437399,2024-05,True,銀行存款,29633.0,20240715092152
法商科法斯產物保險股份有限公司台灣分公司,28437399,2024-05,True,有價證券,0.0,20240715092152
法商科法斯產物保險股份有限公司台灣分公司,28437399,2024-05,True,不動產,0.0,20240715092152
法商科法斯產物保險股份有限公司台灣分公司,28437399,2024-05,True,放款,0.0,20240715092152
法商科法斯產物保險股份有限公司台灣分公司,28437399,2024-05,True,專案運用及公共投資,0.0,20240715092152
法商科法斯產物保險股份有限公司台灣分公司,28437399,2024-05,True,國外投資,513850.0,20240715092152
法商科法斯產物保險股份有限公司台灣分公司,28437399,2024-05,True,保險相關事業,0.0,20240715092152
法商科法斯產物保險股份有限公司台灣分公司,28437399,2024-05,True,衍生性商品,0.0,20240715092152
法商科法斯產物保險股份有限公司台灣分公司,28437399,2024-05,True,其他,0.0,20240715092152
法商科法斯產物保險股份有限公司台灣分公司,28437399,2024-05,True,資金運用總計,543483.0,20240715092152
法商科法斯產物保險股份有限公司台灣分公司,28437399,2023-12,False,銀行存款,30867.0,20240715092152
法商科法斯產物保險股份有限公司台灣分公司,28437399,2023-12,False,有價證券,0.0,20240715092152
法商科法斯產物保險股份有限公司台灣分公司,28437399,2023-12,False,不動產,0.0,20240715092152
法商科法斯產物保險股份有限公司台灣分公司,28437399,2023-12,False,放款,0.0,20240715092152
法商科法斯產物保險股份有限公司台灣分公司,28437399,2023-12,False,專案運用及公共投資,0.0,20240715092152
法商科法斯產物保險股份有限公司台灣分公司,28437399,2023-12,False,國外投資,525041.0,20240715092152
法商科法斯產物保險股份有限公司台灣分公司,28437399,2023-12,False,保險相關事業,0.0,20240715092152
法商科法斯產物保險股份有限公司台灣分公司,28437399,2023-12,False,衍生性商品,0.0,20240715092152
法商科法斯產物保險股份有限公司台灣分公司,28437399,2023-12,False,其他,0.0,20240715092152
法商科法斯產物保險股份有限公司台灣分公司,28437399,2023-12,False,資金運用總計,555908.0,20240715092152
法商科法斯產物保險股份有限公司台灣分公司,28437399,2022-12,False,銀行存款,15231.0,20240715092152
法商科法斯產物保險股份有限公司台灣分公司,28437399,2022-12,False,有價證券,0.0,20240715092152
法商科法斯產物保險股份有限公司台灣分公司,28437399,2022-12,False,不動產,0.0,20240715092152
法商科法斯產物保險股份有限公司台灣分公司,28437399,2022-12,False,放款,0.0,20240715092152
法商科法斯產物保險股份有限公司台灣分公司,28437399,2022-12,False,專案運用及公共投資,0.0,20240715092152
法商科法斯產物保險股份有限公司台灣分公司,28437399,2022-12,False,國外投資,475185.0,20240715092152
法商科法斯產物保險股份有限公司台灣分公司,28437399,2022-12,False,保險相關事業,0.0,20240715092152
法商科法斯產物保險股份有限公司台灣分公司,28437399,2022-12,False,衍生性商品,0.0,20240715092152
法商科法斯產物保險股份有限公司台灣分公司,28437399,2022-12,False,其他,0.0,20240715092152
法商科法斯產物保險股份有限公司台灣分公司,28437399,2022-12,False,資金運用總計,490416.0,20240715092152
法商科法斯產物保險股份有限公司台灣分公司,28437399,2021-12,False,銀行存款,41959.0,20240715092152
法商科法斯產物保險股份有限公司台灣分公司,28437399,2021-12,False,有價證券,0.0,20240715092152
法商科法斯產物保險股份有限公司台灣分公司,28437399,2021-12,False,不動產,0.0,20240715092152
法商科法斯產物保險股份有限公司台灣分公司,28437399,2021-12,False,放款,0.0,20240715092152
法商科法斯產物保險股份有限公司台灣分公司,28437399,2021-12,False,專案運用及公共投資,0.0,20240715092152
法商科法斯產物保險股份有限公司台灣分公司,28437399,2021-12,False,國外投資,293540.0,20240715092152
法商科法斯產物保險股份有限公司台灣分公司,28437399,2021-12,False,保險相關事業,0.0,20240715092152
法商科法斯產物保險股份有限公司台灣分公司,28437399,2021-12,False,衍生性商品,0.0,20240715092152
法商科法斯產物保險股份有限公司台灣分公司,28437399,2021-12,False,其他,0.0,20240715092152
法商科法斯產物保險股份有限公司台灣分公司,28437399,2021-12,False,資金運用總計,335499.0,20240715092152
合作金庫人壽保險股份有限公司,28990860,2016-05,True,銀行存款,1393434.0,20160613030632
合作金庫人壽保險股份有限公司,28990860,2016-05,True,有價證券,29362647.0,20160613030632
合作金庫人壽保險股份有限公司,28990860,2016-05,True,不動產,0.0,20160613030632
合作金庫人壽保險股份有限公司,28990860,2016-05,True,放款,328767.0,20160613030632
合作金庫人壽保險股份有限公司,28990860,2016-05,True,專案運用及公共投資,0.0,20160613030632
合作金庫人壽保險股份有限公司,28990860,2016-05,True,國外投資,19271945.0,20160613030632
合作金庫人壽保險股份有限公司,28990860,2016-05,True,保險相關事業,0.0,20160613030632
合作金庫人壽保險股份有限公司,28990860,2016-05,True,衍生性商品,0.0,20160613030632
合作金庫人壽保險股份有限公司,28990860,2016-05,True,其他,0.0,20160613030632
合作金庫人壽保險股份有限公司,28990860,2016-05,True,資金運用總計,50356793.0,20160613030632
合作金庫人壽保險股份有限公司,28990860,2015-12,False,銀行存款,1448964.0,20160613030632
合作金庫人壽保險股份有限公司,28990860,2015-12,False,有價證券,29574047.0,20160613030632
合作金庫人壽保險股份有限公司,28990860,2015-12,False,不動產,0.0,20160613030632
合作金庫人壽保險股份有限公司,28990860,2015-12,False,放款,331924.0,20160613030632
合作金庫人壽保險股份有限公司,28990860,2015-12,False,專案運用及公共投資,0.0,20160613030632
合作金庫人壽保險股份有限公司,28990860,2015-12,False,國外投資,19283743.0,20160613030632
合作金庫人壽保險股份有限公司,28990860,2015-12,False,保險相關事業,0.0,20160613030632
合作金庫人壽保險股份有限公司,28990860,2015-12,False,衍生性商品,0.0,20160613030632
合作金庫人壽保險股份有限公司,28990860,2015-12,False,其他,0.0,20160613030632
合作金庫人壽保險股份有限公司,28990860,2015-12,False,資金運用總計,50638678.0,20160613030632
合作金庫人壽保險股份有限公司,28990860,2014-12,False,銀行存款,1520722.0,20160613030632
合作金庫人壽保險股份有限公司,28990860,2014-12,False,有價證券,36320006.0,20160613030632
合作金庫人壽保險股份有限公司,28990860,2014-12,False,不動產,0.0,20160613030632
合作金庫人壽保險股份有限公司,28990860,2014-12,False,放款,399056.0,20160613030632
合作金庫人壽保險股份有限公司,28990860,2014-12,False,專案運用及公共投資,0.0,20160613030632
合作金庫人壽保險股份有限公司,28990860,2014-12,False,國外投資,16797215.0,20160613030632
合作金庫人壽保險股份有限公司,28990860,2014-12,False,保險相關事業,0.0,20160613030632
合作金庫人壽保險股份有限公司,28990860,2014-12,False,衍生性商品,0.0,20160613030632
合作金庫人壽保險股份有限公司,28990860,2014-12,False,其他,0.0,20160613030632
合作金庫人壽保險股份有限公司,28990860,2014-12,False,資金運用總計,55036999.0,20160613030632
合作金庫人壽保險股份有限公司,28990860,2013-12,False,銀行存款,2713536.0,20160613030632
合作金庫人壽保險股份有限公司,28990860,2013-12,False,有價證券,40973314.0,20160613030632
合作金庫人壽保險股份有限公司,28990860,2013-12,False,不動產,0.0,20160613030632
合作金庫人壽保險股份有限公司,28990860,2013-12,False,放款,118169.0,20160613030632
合作金庫人壽保險股份有限公司,28990860,2013-12,False,專案運用及公共投資,0.0,20160613030632
合作金庫人壽保險股份有限公司,28990860,2013-12,False,國外投資,16682002.0,20160613030632
合作金庫人壽保險股份有限公司,28990860,2013-12,False,保險相關事業,0.0,20160613030632
合作金庫人壽保險股份有限公司,28990860,2013-12,False,衍生性商品,0.0,20160613030632
合作金庫人壽保險股份有限公司,28990860,2013-12,False,其他,0.0,20160613030632
合作金庫人壽保險股份有限公司,28990860,2013-12,False,資金運用總計,60487021.0,20160613030632
國際康健人壽保險股份有限公司,53023050,2020-12,False,銀行存款,2035477.0,20210411062950
國際康健人壽保險股份有限公司,53023050,2020-12,False,有價證券,21521605.0,20210411062950
國際康健人壽保險股份有限公司,53023050,2020-12,False,不動產,0.0,20210411062950
國際康健人壽保險股份有限公司,53023050,2020-12,False,放款,580838.0,20210411062950
國際康健人壽保險股份有限公司,53023050,2020-12,False,專案運用及公共投資,0.0,20210411062950
國際康健人壽保險股份有限公司,53023050,2020-12,False,國外投資,6343779.0,20210411062950
國際康健人壽保險股份有限公司,53023050,2020-12,False,保險相關事業,0.0,20210411062950
國際康健人壽保險股份有限公司,53023050,2020-12,False,衍生性商品,0.0,20210411062950
國際康健人壽保險股份有限公司,53023050,2020-12,False,其他,0.0,20210411062950
國際康健人壽保險股份有限公司,53023050,2020-12,False,資金運用總計,30481699.0,20210411062950
國際康健人壽保險股份有限公司,53023050,2019-12,False,銀行存款,1189378.0,20210411062950
國際康健人壽保險股份有限公司,53023050,2019-12,False,有價證券,21782132.0,20210411062950
國際康健人壽保險股份有限公司,53023050,2019-12,False,不動產,0.0,20210411062950
國際康健人壽保險股份有限公司,53023050,2019-12,False,放款,500664.0,20210411062950
國際康健人壽保險股份有限公司,53023050,2019-12,False,專案運用及公共投資,0.0,20210411062950
國際康健人壽保險股份有限公司,53023050,2019-12,False,國外投資,2484395.0,20210411062950
國際康健人壽保險股份有限公司,53023050,2019-12,False,保險相關事業,0.0,20210411062950
國際康健人壽保險股份有限公司,53023050,2019-12,False,衍生性商品,0.0,20210411062950
國際康健人壽保險股份有限公司,53023050,2019-12,False,其他,0.0,20210411062950
國際康健人壽保險股份有限公司,53023050,2019-12,False,資金運用總計,25956569.0,20210411062950
國際康健人壽保險股份有限公司,53023050,2018-12,False,銀行存款,1178283.0,20210411062950
國際康健人壽保險股份有限公司,53023050,2018-12,False,有價證券,18057666.0,20210411062950
國際康健人壽保險股份有限公司,53023050,2018-12,False,不動產,0.0,20210411062950
國際康健人壽保險股份有限公司,53023050,2018-12,False,放款,422364.0,20210411062950
國際康健人壽保險股份有限公司,53023050,2018-12,False,專案運用及公共投資,0.0,20210411062950
國際康健人壽保險股份有限公司,53023050,2018-12,False,國外投資,2009336.0,20210411062950
國際康健人壽保險股份有限公司,53023050,2018-12,False,保險相關事業,0.0,20210411062950
國際康健人壽保險股份有限公司,53023050,2018-12,False,衍生性商品,0.0,20210411062950
國際康健人壽保險股份有限公司,53023050,2018-12,False,其他,0.0,20210411062950
國際康健人壽保險股份有限公司,53023050,2018-12,False,資金運用總計,21667649.0,20210411062950
國際康健人壽保險股份有限公司,53023050,2017-12,False,銀行存款,1020046.0,20210411062950
國際康健人壽保險股份有限公司,53023050,2017-12,False,有價證券,17619700.0,20210411062950
國際康健人壽保險股份有限公司,53023050,2017-12,False,不動產,0.0,20210411062950
國際康健人壽保險股份有限公司,53023050,2017-12,False,放款,338353.0,20210411062950
國際康健人壽保險股份有限公司,53023050,2017-12,False,專案運用及公共投資,0.0,20210411062950
國際康健人壽保險股份有限公司,53023050,2017-12,False,國外投資,0.0,20210411062950
國際康健人壽保險股份有限公司,53023050,2017-12,False,保險相關事業,0.0,20210411062950
國際康健人壽保險股份有限公司,53023050,2017-12,False,衍生性商品,0.0,20210411062950
國際康健人壽保險股份有限公司,53023050,2017-12,False,其他,0.0,20210411062950
國際康健人壽保險股份有限公司,53023050,2017-12,False,資金運用總計,18978099.0,20210411062950
安達國際人壽保險股份有限公司,53023050,2022-09,True,銀行存款,1963703.0,20230204083724
安達國際人壽保險股份有限公司,53023050,2022-09,True,有價證券,22160573.0,20230204083724
安達國際人壽保險股份有限公司,53023050,2022-09,True,不動產,0.0,20230204083724
安達國際人壽保險股份有限公司,53023050,2022-09,True,放款,678594.0,20230204083724
安達國際人壽保險股份有限公司,53023050,2022-09,True,專案運用及公共投資,0.0,20230204083724
安達國際人壽保險股份有限公司,53023050,2022-09,True,國外投資,6842636.0,20230204083724
安達國際人壽保險股份有限公司,53023050,2022-09,True,保險相關事業,0.0,20230204083724
安達國際人壽保險股份有限公司,53023050,2022-09,True,衍生性商品,0.0,20230204083724
安達國際人壽保險股份有限公司,53023050,2022-09,True,其他,0.0,20230204083724
安達國際人壽保險股份有限公司,53023050,2022-09,True,資金運用總計,31645506.0,20230204083724
安達國際人壽保險股份有限公司,53023050,2021-12,False,銀行存款,1311593.0,20230204083724
安達國際人壽保險股份有限公司,53023050,2021-12,False,有價證券,23126245.0,20230204083724
安達國際人壽保險股份有限公司,53023050,2021-12,False,不動產,0.0,20230204083724
安達國際人壽保險股份有限公司,53023050,2021-12,False,放款,674473.0,20230204083724
安達國際人壽保險股份有限公司,53023050,2021-12,False,專案運用及公共投資,0.0,20230204083724
安達國際人壽保險股份有限公司,53023050,2021-12,False,國外投資,7287273.0,20230204083724
安達國際人壽保險股份有限公司,53023050,2021-12,False,保險相關事業,0.0,20230204083724
安達國際人壽保險股份有限公司,53023050,2021-12,False,衍生性商品,0.0,20230204083724
安達國際人壽保險股份有限公司,53023050,2021-12,False,其他,0.0,20230204083724
安達國際人壽保險股份有限公司,53023050,2021-12,False,資金運用總計,32399584.0,20230204083724
安達國際人壽保險股份有限公司,53023050,2020-12,False,銀行存款,2035477.0,20230204083724
安達國際人壽保險股份有限公司,53023050,2020-12,False,有價證券,21521605.0,20230204083724
安達國際人壽保險股份有限公司,53023050,2020-12,False,不動產,0.0,20230204083724
安達國際人壽保險股份有限公司,53023050,2020-12,False,放款,580838.0,20230204083724
安達國際人壽保險股份有限公司,53023050,2020-12,False,專案運用及公共投資,0.0,20230204083724
安達國際人壽保險股份有限公司,53023050,2020-12,False,國外投資,6343779.0,20230204083724
安達國際人壽保險股份有限公司,53023050,2020-12,False,保險相關事業,0.0,20230204083724
安達國際人壽保險股份有限公司,53023050,2020-12,False,衍生性商品,0.0,20230204083724
安達國際人壽保險股份有限公司,53023050,2020-12,False,其他,0.0,20230204083724
安達國際人壽保險股份有限公司,53023050,2020-12,False,資金運用總計,30481699.0,20230204083724
安達國際人壽保險股份有限公司,53023050,2019-12,False,銀行存款,1189378.0,20230204083724
安達國際人壽保險股份有限公司,53023050,2019-12,False,有價證券,21782132.0,20230204083724
安達國際人壽保險股份有限公司,53023050,2019-12,False,不動產,0.0,20230204083724
安達國際人壽保險股份有限公司,53023050,2019-12,False,放款,500664.0,20230204083724
安達國際人壽保險股份有限公司,53023050,2019-12,False,專案運用及公共投資,0.0,20230204083724
安達國際人壽保險股份有限公司,53023050,2019-12,False,國外投資,2484395.0,20230204083724
安達國際人壽保險股份有限公司,53023050,2019-12,False,保險相關事業,0.0,20230204083724
安達國際人壽保險股份有限公司,53023050,2019-12,False,衍生性商品,0.0,20230204083724
安達國際人壽保險股份有限公司,53023050,2019-12,False,其他,0.0,20230204083724
安達國際人壽保險股份有限公司,53023050,2019-12,False,資金運用總計,25956569.0,20230204083724
比利時商裕利安宜產物保險股份有限公司台灣分公司,58027533,2023-09,True,銀行存款,76853.0,20240223204924
比利時商裕利安宜產物保險股份有限公司台灣分公司,58027533,2023-09,True,有價證券,303010.0,20240223204924
比利時商裕利安宜產物保險股份有限公司台灣分公司,58027533,2023-09,True,不動產,0.0,20240223204924
比利時商裕利安宜產物保險股份有限公司台灣分公司,58027533,2023-09,True,放款,0.0,20240223204924
比利時商裕利安宜產物保險股份有限公司台灣分公司,58027533,2023-09,True,專案運用及公共投資,0.0,20240223204924
比利時商裕利安宜產物保險股份有限公司台灣分公司,58027533,2023-09,True,國外投資,75183.0,20240223204924
比利時商裕利安宜產物保險股份有限公司台灣分公司,58027533,2023-09,True,保險相關事業,0.0,20240223204924
比利時商裕利安宜產物保險股份有限公司台灣分公司,58027533,2023-09,True,衍生性商品,0.0,20240223204924
比利時商裕利安宜產物保險股份有限公司台灣分公司,58027533,2023-09,True,其他,0.0,20240223204924
比利時商裕利安宜產物保險股份有限公司台灣分公司,58027533,2023-09,True,資金運用總計,455046.0,20240223204924
比利時商裕利安宜產物保險股份有限公司台灣分公司,58027533,2022-12,False,銀行存款,125584.0,20240223204924
比利時商裕利安宜產物保險股份有限公司台灣分公司,58027533,2022-12,False,有價證券,255713.0,20240223204924
比利時商裕利安宜產物保險股份有限公司台灣分公司,58027533,2022-12,False,不動產,0.0,20240223204924
比利時商裕利安宜產物保險股份有限公司台灣分公司,58027533,2022-12,False,放款,0.0,20240223204924
比利時商裕利安宜產物保險股份有限公司台灣分公司,58027533,2022-12,False,專案運用及公共投資,0.0,20240223204924
比利時商裕利安宜產物保險股份有限公司台灣分公司,58027533,2022-12,False,國外投資,32334.0,20240223204924
比利時商裕利安宜產物保險股份有限公司台灣分公司,58027533,2022-12,False,保險相關事業,0.0,20240223204924
比利時商裕利安宜產物保險股份有限公司台灣分公司,58027533,2022-12,False,衍生性商品,0.0,20240223204924
比利時商裕利安宜產物保險股份有限公司台灣分公司,58027533,2022-12,False,其他,0.0,20240223204924
比利時商裕利安宜產物保險股份有限公司台灣分公司,58027533,2022-12,False,資金運用總計,413631.0,20240223204924
比利時商裕利安宜產物保險股份有限公司台灣分公司,58027533,2021-12,False,銀行存款,70218.0,20240223204924
比利時商裕利安宜產物保險股份有限公司台灣分公司,58027533,2021-12,False,有價證券,256936.0,20240223204924
比利時商裕利安宜產物保險股份有限公司台灣分公司,58027533,2021-12,False,不動產,0.0,20240223204924
比利時商裕利安宜產物保險股份有限公司台灣分公司,58027533,2021-12,False,放款,0.0,20240223204924
比利時商裕利安宜產物保險股份有限公司台灣分公司,58027533,2021-12,False,專案運用及公共投資,0.0,20240223204924
比利時商裕利安宜產物保險股份有限公司台灣分公司,58027533,2021-12,False,國外投資,41684.0,20240223204924
比利時商裕利安宜產物保險股份有限公司台灣分公司,58027533,2021-12,False,保險相關事業,0.0,20240223204924
比利時商裕利安宜產物保險股份有限公司台灣分公司,58027533,2021-12,False,衍生性商品,0.0,20240223204924
比利時商裕利安宜產物保險股份有限公司台灣分公司,58027533,2021-12,False,其他,0.0,20240223204924
比利時商裕利安宜產物保險股份有限公司台灣分公司,58027533,2021-12,False,資金運用總計,368838.0,20240223204924
比利時商裕利安宜產物保險股份有限公司台灣分公司,58027533,2020-12,False,銀行存款,73808.0,20240223204924
比利時商裕利安宜產物保險股份有限公司台灣分公司,58027533,2020-12,False,有價證券,150429.0,20240223204924
比利時商裕利安宜產物保險股份有限公司台灣分公司,58027533,2020-12,False,不動產,0.0,20240223204924
比利時商裕利安宜產物保險股份有限公司台灣分公司,58027533,2020-12,False,放款,0.0,20240223204924
比利時商裕利安宜產物保險股份有限公司台灣分公司,58027533,2020-12,False,專案運用及公共投資,0.0,20240223204924
比利時商裕利安宜產物保險股份有限公司台灣分公司,58027533,2020-12,False,國外投資,22587.0,20240223204924
比利時商裕利安宜產物保險股份有限公司台灣分公司,58027533,2020-12,False,保險相關事業,0.0,20240223204924
比利時商裕利安宜產物保險股份有限公司台灣分公司,58027533,2020-12,False,衍生性商品,0.0,20240223204924
比利時商裕利安宜產物保險股份有限公司台灣分公司,58027533,2020-12,False,其他,0.0,20240223204924
比利時商裕利安宜產物保險股份有限公司台灣分公司,58027533,2020-12,False,資金運用總計,246824.0,20240223204924
全球人壽保險股份有限公司,70817744,2024-05,True,銀行存款,16502281.0,20240520204027
全球人壽保險股份有限公司,70817744,2024-05,True,有價證券,364840157.0,20240520204027
全球人壽保險股份有限公司,70817744,2024-05,True,不動產,62553947.0,20240520204027
全球人壽保險股份有限公司,70817744,2024-05,True,放款,36724706.0,20240520204027
全球人壽保險股份有限公司,70817744,2024-05,True,專案運用及公共投資,14183743.0,20240520204027
全球人壽保險股份有限公司,70817744,2024-05,True,國外投資,904512242.0,20240520204027
全球人壽保險股份有限公司,70817744,2024-05,True,保險相關事業,0.0,20240520204027
全球人壽保險股份有限公司,70817744,2024-05,True,衍生性商品,-6482592.0,20240520204027
全球人壽保險股份有限公司,70817744,2024-05,True,其他,6217925.0,20240520204027
全球人壽保險股份有限公司,70817744,2024-05,True,資金運用總計,1399052409.0,20240520204027
全球人壽保險股份有限公司,70817744,2023-12,False,銀行存款,15022427.0,20240520204027
全球人壽保險股份有限公司,70817744,2023-12,False,有價證券,348161181.0,20240520204027
全球人壽保險股份有限公司,70817744,2023-12,False,不動產,62339866.0,20240520204027
全球人壽保險股份有限公司,70817744,2023-12,False,放款,37024941.0,20240520204027
全球人壽保險股份有限公司,70817744,2023-12,False,專案運用及公共投資,13532524.0,20240520204027
全球人壽保險股份有限公司,70817744,2023-12,False,國外投資,883738678.0,20240520204027
全球人壽保險股份有限公司,70817744,2023-12,False,保險相關事業,0.0,20240520204027
全球人壽保險股份有限公司,70817744,2023-12,False,衍生性商品,9402910.0,20240520204027
全球人壽保險股份有限公司,70817744,2023-12,False,其他,2404953.0,20240520204027
全球人壽保險股份有限公司,70817744,2023-12,False,資金運用總計,1371627480.0,20240520204027
全球人壽保險股份有限公司,70817744,2022-12,False,銀行存款,17339949.0,20240520204027
全球人壽保險股份有限公司,70817744,2022-12,False,有價證券,331851389.0,20240520204027
全球人壽保險股份有限公司,70817744,2022-12,False,不動產,62086797.0,20240520204027
全球人壽保險股份有限公司,70817744,2022-12,False,放款,33733515.0,20240520204027
全球人壽保險股份有限公司,70817744,2022-12,False,專案運用及公共投資,9244712.0,20240520204027
全球人壽保險股份有限公司,70817744,2022-12,False,國外投資,838349693.0,20240520204027
全球人壽保險股份有限公司,70817744,2022-12,False,保險相關事業,0.0,20240520204027
全球人壽保險股份有限公司,70817744,2022-12,False,衍生性商品,1079699.0,20240520204027
全球人壽保險股份有限公司,70817744,2022-12,False,其他,243676.0,20240520204027
全球人壽保險股份有限公司,70817744,2022-12,False,資金運用總計,1293929430.0,20240520204027
全球人壽保險股份有限公司,70817744,2021-12,False,銀行存款,27670958.0,20240520204027
全球人壽保險股份有限公司,70817744,2021-12,False,有價證券,370682285.0,20240520204027
全球人壽保險股份有限公司,70817744,2021-12,False,不動產,56793090.0,20240520204027
全球人壽保險股份有限公司,70817744,2021-12,False,放款,34589487.0,20240520204027
全球人壽保險股份有限公司,70817744,2021-12,False,專案運用及公共投資,8406570.0,20240520204027
全球人壽保險股份有限公司,70817744,2021-12,False,國外投資,754955517.0,20240520204027
全球人壽保險股份有限公司,70817744,2021-12,False,保險相關事業,0.0,20240520204027
全球人壽保險股份有限公司,70817744,2021-12,False,衍生性商品,2812131.0,20240520204027
全球人壽保險股份有限公司,70817744,2021-12,False,其他,243575.0,20240520204027
全球人壽保險股份有限公司,70817744,2021-12,False,資金運用總計,1256153613.0,20240520204027
富邦產物保險股份有限公司,70826461,2021-05,True,銀行存款,6964167.0,20210625103452
富邦產物保險股份有限公司,70826461,2021-05,True,有價證券,35814739.0,20210625103452
富邦產物保險股份有限公司,70826461,2021-05,True,不動產,14252491.0,20210625103452
富邦產物保險股份有限公司,70826461,2021-05,True,放款,0.0,20210625103452
富邦產物保險股份有限公司,70826461,2021-05,True,專案運用及公共投資,1523390.0,20210625103452
富邦產物保險股份有限公司,70826461,2021-05,True,國外投資,26320379.0,20210625103452
富邦產物保險股份有限公司,70826461,2021-05,True,保險相關事業,0.0,20210625103452
富邦產物保險股份有限公司,70826461,2021-05,True,衍生性商品,0.0,20210625103452
富邦產物保險股份有限公司,70826461,2021-05,True,其他,0.0,20210625103452
富邦產物保險股份有限公司,70826461,2021-05,True,資金運用總計,84875166.0,20210625103452
富邦產物保險股份有限公司,70826461,2020-12,False,銀行存款,6799446.0,20210625103452
富邦產物保險股份有限公司,70826461,2020-12,False,有價證券,32845415.0,20210625103452
富邦產物保險股份有限公司,70826461,2020-12,False,不動產,14265139.0,20210625103452
富邦產物保險股份有限公司,70826461,2020-12,False,放款,0.0,20210625103452
富邦產物保險股份有限公司,70826461,2020-12,False,專案運用及公共投資,1331435.0,20210625103452
富邦產物保險股份有限公司,70826461,2020-12,False,國外投資,26589454.0,20210625103452
富邦產物保險股份有限公司,70826461,2020-12,False,保險相關事業,0.0,20210625103452
富邦產物保險股份有限公司,70826461,2020-12,False,衍生性商品,0.0,20210625103452
富邦產物保險股份有限公司,70826461,2020-12,False,其他,0.0,20210625103452
富邦產物保險股份有限公司,70826461,2020-12,False,資金運用總計,81830889.0,20210625103452
富邦產物保險股份有限公司,70826461,2019-12,False,銀行存款,5872574.0,20210625103452
富邦產物保險股份有限公司,70826461,2019-12,False,有價證券,29107029.0,20210625103452
富邦產物保險股份有限公司,70826461,2019-12,False,不動產,12923897.0,20210625103452
富邦產物保險股份有限公司,70826461,2019-12,False,放款,0.0,20210625103452
富邦產物保險股份有限公司,70826461,2019-12,False,專案運用及公共投資,1129085.0,20210625103452
富邦產物保險股份有限公司,70826461,2019-12,False,國外投資,26916382.0,20210625103452
富邦產物保險股份有限公司,70826461,2019-12,False,保險相關事業,0.0,20210625103452
富邦產物保險股份有限公司,70826461,2019-12,False,衍生性商品,0.0,20210625103452
富邦產物保險股份有限公司,70826461,2019-12,False,其他,0.0,20210625103452
富邦產物保險股份有限公司,70826461,2019-12,False,資金運用總計,75948967.0,20210625103452
富邦產物保險股份有限公司,70826461,2018-12,False,銀行存款,4941406.0,20210625103452
富邦產物保險股份有限公司,70826461,2018-12,False,有價證券,23793397.0,20210625103452
富邦產物保險股份有限公司,70826461,2018-12,False,不動產,12987180.0,20210625103452
富邦產物保險股份有限公司,70826461,2018-12,False,放款,0.0,20210625103452
富邦產物保險股份有限公司,70826461,2018-12,False,專案運用及公共投資,988065.0,20210625103452
富邦產物保險股份有限公司,70826461,2018-12,False,國外投資,24814569.0,20210625103452
富邦產物保險股份有限公司,70826461,2018-12,False,保險相關事業,0.0,20210625103452
富邦產物保險股份有限公司,70826461,2018-12,False,衍生性商品,0.0,20210625103452
富邦產物保險股份有限公司,70826461,2018-12,False,其他,0.0,20210625103452
富邦產物保險股份有限公司,70826461,2018-12,False,資金運用總計,67524617.0,20210625103452
富邦產物保險股份有限公司,70826461,2021-08,True,銀行存款,7007042.0,20210920025010
富邦產物保險股份有限公司,70826461,2021-08,True,有價證券,36861953.0,20210920025010
富邦產物保險股份有限公司,70826461,2021-08,True,不動產,14319057.0,20210920025010
富邦產物保險股份有限公司,70826461,2021-08,True,放款,0.0,20210920025010
富邦產物保險股份有限公司,70826461,2021-08,True,專案運用及公共投資,1758825.0,20210920025010
富邦產物保險股份有限公司,70826461,2021-08,True,國外投資,26090198.0,20210920025010
富邦產物保險股份有限公司,70826461,2021-08,True,保險相關事業,0.0,20210920025010
富邦產物保險股份有限公司,70826461,2021-08,True,衍生性商品,0.0,20210920025010
富邦產物保險股份有限公司,70826461,2021-08,True,其他,0.0,20210920025010
富邦產物保險股份有限公司,70826461,2021-08,True,資金運用總計,86037075.0,20210920025010
富邦產物保險股份有限公司,70826461,2023-11,True,銀行存款,7693098.0,20231115043159
富邦產物保險股份有限公司,70826461,2023-11,True,有價證券,6323313.0,20231115043159
富邦產物保險股份有限公司,70826461,2023-11,True,不動產,15170895.0,20231115043159
富邦產物保險股份有限公司,70826461,2023-11,True,放款,0.0,20231115043159
富邦產物保險股份有限公司,70826461,2023-11,True,專案運用及公共投資,1754730.0,20231115043159
富邦產物保險股份有限公司,70826461,2023-11,True,國外投資,10442959.0,20231115043159
富邦產物保險股份有限公司,70826461,2023-11,True,保險相關事業,0.0,20231115043159
富邦產物保險股份有限公司,70826461,2023-11,True,衍生性商品,0.0,20231115043159
富邦產物保險股份有限公司,70826461,2023-11,True,其他,0.0,20231115043159
富邦產物保險股份有限公司,70826461,2023-11,True,資金運用總計,41384995.0,20231115043159
富邦產物保險股份有限公司,70826461,2022-12,False,銀行存款,6945263.0,20231115043159
富邦產物保險股份有限公司,70826461,2022-12,False,有價證券,9541805.0,20231115043159
富邦產物保險股份有限公司,70826461,2022-12,False,不動產,14735186.0,20231115043159
富邦產物保險股份有限公司,70826461,2022-12,False,放款,0.0,20231115043159
富邦產物保險股份有限公司,70826461,2022-12,False,專案運用及公共投資,1815495.0,20231115043159
富邦產物保險股份有限公司,70826461,2022-12,False,國外投資,9545014.0,20231115043159
富邦產物保險股份有限公司,70826461,2022-12,False,保險相關事業,0.0,20231115043159
富邦產物保險股份有限公司,70826461,2022-12,False,衍生性商品,0.0,20231115043159
富邦產物保險股份有限公司,70826461,2022-12,False,其他,0.0,20231115043159
富邦產物保險股份有限公司,70826461,2022-12,False,資金運用總計,42582763.0,20231115043159
富邦產物保險股份有限公司,70826461,2021-12,False,銀行存款,9445269.0,20231115043159
富邦產物保險股份有限公司,70826461,2021-12,False,有價證券,38917342.0,20231115043159
富邦產物保險股份有限公司,70826461,2021-12,False,不動產,14546183.0,20231115043159
富邦產物保險股份有限公司,70826461,2021-12,False,放款,0.0,20231115043159
富邦產物保險股份有限公司,70826461,2021-12,False,專案運用及公共投資,1966141.0,20231115043159
富邦產物保險股份有限公司,70826461,2021-12,False,國外投資,26617690.0,20231115043159
富邦產物保險股份有限公司,70826461,2021-12,False,保險相關事業,0.0,20231115043159
富邦產物保險股份有限公司,70826461,2021-12,False,衍生性商品,0.0,20231115043159
富邦產物保險股份有限公司,70826461,2021-12,False,其他,0.0,20231115043159
富邦產物保險股份有限公司,70826461,2021-12,False,資金運用總計,91492625.0,20231115043159
國泰世紀產物保險股份有限公司,84445772,2019-05,True,銀行存款,6905547.0,20190819195346
國泰世紀產物保險股份有限公司,84445772,2019-05,True,有價證券,10794605.0,20190819195346
國泰世紀產物保險股份有限公司,84445772,2019-05,True,不動產,0.0,20190819195346
國泰世紀產物保險股份有限公司,84445772,2019-05,True,放款,231446.0,20190819195346
國泰世紀產物保險股份有限公司,84445772,2019-05,True,專案運用及公共投資,0.0,20190819195346
國泰世紀產物保險股份有限公司,84445772,2019-05,True,國外投資,11388952.0,20190819195346
國泰世紀產物保險股份有限公司,84445772,2019-05,True,保險相關事業,0.0,20190819195346
國泰世紀產物保險股份有限公司,84445772,2019-05,True,衍生性商品,-58518.0,20190819195346
國泰世紀產物保險股份有限公司,84445772,2019-05,True,其他,0.0,20190819195346
國泰世紀產物保險股份有限公司,84445772,2019-05,True,資金運用總計,29262032.0,20190819195346
國泰世紀產物保險股份有限公司,84445772,2018-12,False,銀行存款,6720482.0,20190819195346
國泰世紀產物保險股份有限公司,84445772,2018-12,False,有價證券,9528517.0,20190819195346
國泰世紀產物保險股份有限公司,84445772,2018-12,False,不動產,0.0,20190819195346
國泰世紀產物保險股份有限公司,84445772,2018-12,False,放款,236816.0,20190819195346
國泰世紀產物保險股份有限公司,84445772,2018-12,False,專案運用及公共投資,0.0,20190819195346
國泰世紀產物保險股份有限公司,84445772,2018-12,False,國外投資,10921606.0,20190819195346
國泰世紀產物保險股份有限公司,84445772,2018-12,False,保險相關事業,0.0,20190819195346
國泰世紀產物保險股份有限公司,84445772,2018-12,False,衍生性商品,-43761.0,20190819195346
國泰世紀產物保險股份有限公司,84445772,2018-12,False,其他,0.0,20190819195346
國泰世紀產物保險股份有限公司,84445772,2018-12,False,資金運用總計,27363660.0,20190819195346
國泰世紀產物保險股份有限公司,84445772,2017-12,False,銀行存款,5016072.0,20190819195346
國泰世紀產物保險股份有限公司,84445772,2017-12,False,有價證券,12448680.0,20190819195346
國泰世紀產物保險股份有限公司,84445772,2017-12,False,不動產,0.0,20190819195346
國泰世紀產物保險股份有限公司,84445772,2017-12,False,放款,251769.0,20190819195346
國泰世紀產物保險股份有限公司,84445772,2017-12,False,專案運用及公共投資,0.0,20190819195346
國泰世紀產物保險股份有限公司,84445772,2017-12,False,國外投資,10956978.0,20190819195346
國泰世紀產物保險股份有限公司,84445772,2017-12,False,保險相關事業,0.0,20190819195346
國泰世紀產物保險股份有限公司,84445772,2017-12,False,衍生性商品,87282.0,20190819195346
國泰世紀產物保險股份有限公司,84445772,2017-12,False,其他,0.0,20190819195346
國泰世紀產物保險股份有限公司,84445772,2017-12,False,資金運用總計,28760781.0,20190819195346
國泰世紀產物保險股份有限公司,84445772,2016-12,False,銀行存款,4733987.0,20190819195346
國泰世紀產物保險股份有限公司,84445772,2016-12,False,有價證券,11692867.0,20190819195346
國泰世紀產物保險股份有限公司,84445772,2016-12,False,不動產,0.0,20190819195346
國泰世紀產物保險股份有限公司,84445772,2016-12,False,放款,354812.0,20190819195346
國泰世紀產物保險股份有限公司,84445772,2016-12,False,專案運用及公共投資,0.0,20190819195346
國泰世紀產物保險股份有限公司,84445772,2016-12,False,國外投資,10536962.0,20190819195346
國泰世紀產物保險股份有限公司,84445772,2016-12,False,保險相關事業,0.0,20190819195346
國泰世紀產物保險股份有限公司,84445772,2016-12,False,衍生性商品,-14591.0,20190819195346
國泰世紀產物保險股份有限公司,84445772,2016-12,False,其他,0.0,20190819195346
國泰世紀產物保險股份有限公司,84445772,2016-12,False,資金運用總計,27304037.0,20190819195346
國泰世紀產物保險股份有限公司,84445772,2020-08,True,銀行存款,5422080.0,20200929223011
國泰世紀產物保險股份有限公司,84445772,2020-08,True,有價證券,14436773.0,20200929223011
國泰世紀產物保險股份有限公司,84445772,2020-08,True,不動產,0.0,20200929223011
國泰世紀產物保險股份有限公司,84445772,2020-08,True,放款,216875.0,20200929223011
國泰世紀產物保險股份有限公司,84445772,2020-08,True,專案運用及公共投資,0.0,20200929223011
國泰世紀產物保險股份有限公司,84445772,2020-08,True,國外投資,11533264.0,20200929223011
國泰世紀產物保險股份有限公司,84445772,2020-08,True,保險相關事業,0.0,20200929223011
國泰世紀產物保險股份有限公司,84445772,2020-08,True,衍生性商品,94926.0,20200929223011
國泰世紀產物保險股份有限公司,84445772,2020-08,True,其他,0.0,20200929223011
國泰世紀產物保險股份有限公司,84445772,2020-08,True,資金運用總計,31703918.0,20200929223011
國泰世紀產物保險股份有限公司,84445772,2019-12,False,銀行存款,6948506.0,20200929223011
國泰世紀產物保險股份有限公司,84445772,2019-12,False,有價證券,13282012.0,20200929223011
國泰世紀產物保險股份有限公司,84445772,2019-12,False,不動產,0.0,20200929223011
國泰世紀產物保險股份有限公司,84445772,2019-12,False,放款,229848.0,20200929223011
國泰世紀產物保險股份有限公司,84445772,2019-12,False,專案運用及公共投資,0.0,20200929223011
國泰世紀產物保險股份有限公司,84445772,2019-12,False,國外投資,11591391.0,20200929223011
國泰世紀產物保險股份有限公司,84445772,2019-12,False,保險相關事業,0.0,20200929223011
國泰世紀產物保險股份有限公司,84445772,2019-12,False,衍生性商品,105194.0,20200929223011
國泰世紀產物保險股份有限公司,84445772,2019-12,False,其他,0.0,20200929223011
國泰世紀產物保險股份有限公司,84445772,2019-12,False,資金運用總計,32156951.0,20200929223011
國泰世紀產物保險股份有限公司,84445772,2020-12,False,銀行存款,5430559.0,20210411061324
國泰世紀產物保險股份有限公司,84445772,2020-12,False,有價證券,15393802.0,20210411061324
國泰世紀產物保險股份有限公司,84445772,2020-12,False,不動產,0.0,20210411061324
國泰世紀產物保險股份有限公司,84445772,2020-12,False,放款,195315.0,20210411061324
國泰世紀產物保險股份有限公司,84445772,2020-12,False,專案運用及公共投資,0.0,20210411061324
國泰世紀產物保險股份有限公司,84445772,2020-12,False,國外投資,11667197.0,20210411061324
國泰世紀產物保險股份有限公司,84445772,2020-12,False,保險相關事業,0.0,20210411061324
國泰世紀產物保險股份有限公司,84445772,2020-12,False,衍生性商品,151347.0,20210411061324
國泰世紀產物保險股份有限公司,84445772,2020-12,False,其他,0.0,20210411061324
國泰世紀產物保險股份有限公司,84445772,2020-12,False,資金運用總計,32838220.0,20210411061324
國泰世紀產物保險股份有限公司,84445772,2021-05,True,銀行存款,5442180.0,20210618201208
國泰世紀產物保險股份有限公司,84445772,2021-05,True,有價證券,16584389.0,20210618201208
國泰世紀產物保險股份有限公司,84445772,2021-05,True,不動產,0.0,20210618201208
國泰世紀產物保險股份有限公司,84445772,2021-05,True,放款,205557.0,20210618201208
國泰世紀產物保險股份有限公司,84445772,2021-05,True,專案運用及公共投資,0.0,20210618201208
國泰世紀產物保險股份有限公司,84445772,2021-05,True,國外投資,11641820.0,20210618201208
國泰世紀產物保險股份有限公司,84445772,2021-05,True,保險相關事業,0.0,20210618201208
國泰世紀產物保險股份有限公司,84445772,2021-05,True,衍生性商品,56690.0,20210618201208
國泰世紀產物保險股份有限公司,84445772,2021-05,True,其他,21842.0,20210618201208
國泰世紀產物保險股份有限公司,84445772,2021-05,True,資金運用總計,33952478.0,20210618201208
國泰世紀產物保險股份有限公司,84445772,2021-09,True,銀行存款,6068387.0,20220122071205
國泰世紀產物保險股份有限公司,84445772,2021-09,True,有價證券,15147511.0,20220122071205
國泰世紀產物保險股份有限公司,84445772,2021-09,True,不動產,0.0,20220122071205
國泰世紀產物保險股份有限公司,84445772,2021-09,True,放款,183262.0,20220122071205
國泰世紀產物保險股份有限公司,84445772,2021-09,True,專案運用及公共投資,0.0,20220122071205
國泰世紀產物保險股份有限公司,84445772,2021-09,True,國外投資,12037750.0,20220122071205
國泰世紀產物保險股份有限公司,84445772,2021-09,True,保險相關事業,0.0,20220122071205
國泰世紀產物保險股份有限公司,84445772,2021-09,True,衍生性商品,39464.0,20220122071205
國泰世紀產物保險股份有限公司,84445772,2021-09,True,其他,21843.0,20220122071205
國泰世紀產物保險股份有限公司,84445772,2021-09,True,資金運用總計,33498217.0,20220122071205
國泰世紀產物保險股份有限公司,84445772,2024-05,True,銀行存款,4814788.0,20240602082352
國泰世紀產物保險股份有限公司,84445772,2024-05,True,有價證券,14115972.0,20240602082352
國泰世紀產物保險股份有限公司,84445772,2024-05,True,不動產,0.0,20240602082352
國泰世紀產物保險股份有限公司,84445772,2024-05,True,放款,113488.0,20240602082352
國泰世紀產物保險股份有限公司,84445772,2024-05,True,專案運用及公共投資,0.0,20240602082352
國泰世紀產物保險股份有限公司,84445772,2024-05,True,國外投資,12533839.0,20240602082352
國泰世紀產物保險股份有限公司,84445772,2024-05,True,保險相關事業,0.0,20240602082352
國泰世紀產物保險股份有限公司,84445772,2024-05,True,衍生性商品,-183967.0,20240602082352
國泰世紀產物保險股份有限公司,84445772,2024-05,True,其他,3189906.0,20240602082352
國泰世紀產物保險股份有限公司,84445772,2024-05,True,資金運用總計,34584026.0,20240602082352
國泰世紀產物保險股份有限公司,84445772,2023-12,False,銀行存款,4966881.0,20240602082352
國泰世紀產物保險股份有限公司,84445772,2023-12,False,有價證券,12651647.0,20240602082352
國泰世紀產物保險股份有限公司,84445772,2023-12,False,不動產,0.0,20240602082352
國泰世紀產物保險股份有限公司,84445772,2023-12,False,放款,123077.0,20240602082352
國泰世紀產物保險股份有限公司,84445772,2023-12,False,專案運用及公共投資,0.0,20240602082352
國泰世紀產物保險股份有限公司,84445772,2023-12,False,國外投資,12472229.0,20240602082352
國泰世紀產物保險股份有限公司,84445772,2023-12,False,保險相關事業,0.0,20240602082352
國泰世紀產物保險股份有限公司,84445772,2023-12,False,衍生性商品,-4521.0,20240602082352
國泰世紀產物保險股份有限公司,84445772,2023-12,False,其他,2603109.0,20240602082352
國泰世紀產物保險股份有限公司,84445772,2023-12,False,資金運用總計,32812422.0,20240602082352
國泰世紀產物保險股份有限公司,84445772,2022-12,False,銀行存款,9650086.0,20240602082352
國泰世紀產物保險股份有限公司,84445772,2022-12,False,有價證券,9963858.0,20240602082352
國泰世紀產物保險股份有限公司,84445772,2022-12,False,不動產,0.0,20240602082352
國泰世紀產物保險股份有限公司,84445772,2022-12,False,放款,137944.0,20240602082352
國泰世紀產物保險股份有限公司,84445772,2022-12,False,專案運用及公共投資,0.0,20240602082352
國泰世紀產物保險股份有限公司,84445772,2022-12,False,國外投資,12706339.0,20240602082352
國泰世紀產物保險股份有限公司,84445772,2022-12,False,保險相關事業,0.0,20240602082352
國泰世紀產物保險股份有限公司,84445772,2022-12,False,衍生性商品,-137159.0,20240602082352
國泰世紀產物保險股份有限公司,84445772,2022-12,False,其他,5754433.0,20240602082352
國泰世紀產物保險股份有限公司,84445772,2022-12,False,資金運用總計,38075501.0,20240602082352
國泰世紀產物保險股份有限公司,84445772,2021-12,False,銀行存款,6477970.0,20240602082352
國泰世紀產物保險股份有限公司,84445772,2021-12,False,有價證券,15938542.0,20240602082352
國泰世紀產物保險股份有限公司,84445772,2021-12,False,不動產,0.0,20240602082352
國泰世紀產物保險股份有限公司,84445772,2021-12,False,放款,186462.0,20240602082352
國泰世紀產物保險股份有限公司,84445772,2021-12,False,專案運用及公共投資,0.0,20240602082352
國泰世紀產物保險股份有限公司,84445772,2021-12,False,國外投資,12283677.0,20240602082352
國泰世紀產物保險股份有限公司,84445772,2021-12,False,保險相關事業,0.0,20240602082352
國泰世紀產物保險股份有限公司,84445772,2021-12,False,衍生性商品,45557.0,20240602082352
國泰世紀產物保險股份有限公司,84445772,2021-12,False,其他,21844.0,20240602082352
國泰世紀產物保險股份有限公司,84445772,2021-12,False,資金運用總計,34954052.0,20240602082352
