event_id,lang,year,url,page,period,total_fx_cost_bps,cost_ambiguous,cost_components,components_ok,cost_series,fx_assets_bond_pct,fx_reserve_ntd_bn,pie_sum_ok,pie_bound_by,cs_ndf_policy_pct,cs_ndf_pct,naked_usd_pct,naked_other_pct,naked_usd_other_pct,equity_fund_pct,fvoci_equity_pct,fvtpl_equity_pct
128,CH,2014,https://www.irpro.co/2881/events/128/CH/1H2014_Fubon presentation_CH_4NNDNF6rN2nh.pdf,26,1H14,84,,[],,"{""1H14"": 84, ""1H13"": 62}",,,True,comma_adjacency,76.6,,3.5,5.9,,14.0,,
128,EN,2014,https://www.irpro.co/2881/events/128/EN/1H2014_Fubon presentation_EN_6JCnFnnf3yBD.pdf,26,1H14,84,,[],,"{""1H13"": 62, ""1H14"": 84}",,,False,comma_adjacency,,,3.5,5.9,,,,
129,CH,2014,https://www.irpro.co/2881/events/129/CH/1H2014_Fubon presentation_EN_F2B72q2gi4Aa.pdf,26,1H14,84,,[],,"{""1H13"": 62, ""1H14"": 84}",,,False,comma_adjacency,,,3.5,5.9,,,,
129,EN,2014,https://www.irpro.co/2881/events/129/EN/1H2014_Fubon presentation_EN_Pj3MGyrCeRjd.pdf,26,1H14,84,,[],,"{""1H13"": 62, ""1H14"": 84}",,,False,comma_adjacency,,,3.5,5.9,,,,
125,CH,2014,https://www.irpro.co/2881/events/125/CH/1Q14_Fubon presentation_CH_GQaJn6TcLYn3.pdf,25,1Q14,56,,[],False,"{""1Q13"": 48, ""1Q14"": 56}",,,,comma_adjacency,,,,,,,,
125,EN,2014,https://www.irpro.co/2881/events/125/EN/1Q14_Fubon presentation_EN_hYIl1j65at6G.pdf,25,1Q14,56,,[],False,"{""1Q13"": 48, ""1Q14"": 56}",,,,comma_adjacency,,,,,,,,
123,CH,2014,https://www.irpro.co/2881/events/123/CH/4Q13_result_chi_Dyui7Ke6edBg.pdf,24,2013,68,,[],,"{""2012"": 74, ""2013"": 68}",,,,comma_adjacency,,,,,,,,
123,EN,2014,https://www.irpro.co/2881/events/123/EN/4Q13_result_eng_NrPcyJfubDej.pdf,24,2013,68,,[],,"{""2012"": 74, ""2013"": 68}",,,,comma_adjacency,,,,,,,,
124,CH,2014,https://www.irpro.co/2881/events/124/CH/4Q13_result_eng_GccAuf2b5b3A.pdf,24,2013,68,,[],,"{""2012"": 74, ""2013"": 68}",,,,comma_adjacency,,,,,,,,
124,EN,2014,https://www.irpro.co/2881/events/124/EN/4Q13_result_eng_b4bHHcgnaG1J.pdf,24,2013,68,,[],,"{""2012"": 74, ""2013"": 68}",,,,comma_adjacency,,,,,,,,
136,CH,2014,https://www.irpro.co/2881/events/136/CH/3Q14_presentation_chi_dPrjTnKDfyNF.pdf,26,9M14,72,,[],,"{""9M14"": 72, ""9M13"": 67}",,,True,comma_adjacency,75.8,,9.9,2.4,,11.9,,
136,EN,2014,https://www.irpro.co/2881/events/136/EN/3Q14_presentation_eng_3N11uJYJm7kl.pdf,26,9M14,72,,[],,"{""9M14"": 72, ""9M13"": 67}",,,False,comma_adjacency,,,9.9,2.4,,,,
152,CH,2015,https://www.irpro.co/2881/events/152/CH/Presentation - 1H15 - Chi_hAcJfLBtJkCM.pdf,26,1H15,85,,[],,"{""1H15"": 85, ""1H14"": 84, ""2Q15"": 68, ""1Q15"": 103}",,,True,comma_adjacency,75.5,,7.4,2.2,,14.9,,
152,EN,2015,https://www.irpro.co/2881/events/152/EN/Presentation - 1H15 - Chi_1cgGTiFNAQnb.pdf,26,1H15,85,,[],,"{""1H15"": 85, ""1H14"": 84, ""2Q15"": 68, ""1Q15"": 103}",,,True,comma_adjacency,75.5,,7.4,2.2,,14.9,,
162,CH,2015,https://www.irpro.co/2881/events/162/CH/Presentation - 1H15 - Eng_LYc8F7tKnga7.pdf,26,1H15,85,,[],,"{""1H15"": 85, ""1Q15"": 103, ""2Q15"": 68, ""1H14"": 84}",,,False,comma_adjacency,,,7.4,2.2,,,,
162,EN,2015,https://www.irpro.co/2881/events/162/EN/Presentation - 1H15 - Eng_J3ALK4UbTRAf.pdf,26,1H15,85,,[],,"{""1H15"": 85, ""1Q15"": 103, ""2Q15"": 68, ""1H14"": 84}",,,False,comma_adjacency,,,7.4,2.2,,,,
144,CH,2015,https://www.irpro.co/2881/events/144/CH/Presentation - 4Q14 - Chi_Lcp3JQEbaJc2.pdf,28,2014,58,,[],,"{""2014"": 58, ""2013"": 68}",,,True,comma_adjacency,76.3,,7.9,2.0,,13.8,,
144,EN,2015,https://www.irpro.co/2881/events/144/EN/Presentation_4Q14_Eng_fA6AdC6TIJFL.pdf,28,2014,58,,[],,"{""2013"": 68, ""2014"": 58}",,,False,comma_adjacency,76.3,,7.9,2.0,,,,
145,CH,2015,https://www.irpro.co/2881/events/145/CH/Presentation - 4Q14 - Chi_pUAqc6P66UIJ.pdf,28,2014,58,,[],,"{""2014"": 58, ""2013"": 68}",,,True,comma_adjacency,76.3,,7.9,2.0,,13.8,,
145,EN,2015,https://www.irpro.co/2881/events/145/EN/Presentation_4Q14_Eng_9iBGTENA9C4B.pdf,28,2014,58,,[],,"{""2013"": 68, ""2014"": 58}",,,False,comma_adjacency,76.3,,7.9,2.0,,,,
165,CH,2015,https://www.irpro.co/2881/events/165/CH/Presentation- 3Q15- Chi_unqBqLmcMP6p.pdf,25,9M15,-28,,[],,"{""2Q15"": -68, ""9M14"": -72, ""3Q15"": 78, ""1Q15"": 103, ""9M15"": -28}",,,True,comma_adjacency,75.2,,10.2,1.4,,13.2,,
165,EN,2015,https://www.irpro.co/2881/events/165/EN/Presentation- 3Q15-Eng_c2mCR6khitJ2.pdf,25,9M15,-28,,[],,"{""9M14"": -72, ""1Q15"": -103, ""3Q15"": 78, ""2Q15"": -68, ""9M15"": -28}",,,False,comma_adjacency,,,10.2,1.4,,,,
194,CH,2016,https://www.irpro.co/2881/events/194/CH/Presentation 1H16_C_8UE4NRMr3kNE.pdf,24,1H16,-75,,"[-45, -30]",True,"{""1H15"": -85, ""1H16"": -75}",,,False,comma_adjacency,,,8.6,4.1,,11.7,,
194,EN,2016,https://www.irpro.co/2881/events/194/EN/Presentation 1H16_C_J6HY3cPtNBJ4.pdf,24,1H16,-75,,"[-45, -30]",True,"{""1H15"": -85, ""1H16"": -75}",,,False,comma_adjacency,,,8.6,4.1,,11.7,,
286,EN,2016,https://www.irpro.co/2881/events/286/EN/20210202135307-1.pdf,24,1H16,-75,,"[-45, -30]",True,"{""1H16"": -75, ""1H15"": -85}",,,False,comma_adjacency,,,8.6,4.1,,,,
287,CH,2016,https://www.irpro.co/2881/events/287/CH/20210202141003-1.pdf,24,1H16,-75,,"[-45, -30]",True,"{""1H16"": -75, ""1H15"": -85}",,,False,comma_adjacency,,,8.6,4.1,,,,
187,CH,2016,https://www.irpro.co/2881/events/187/CH/Presentation 1Q16_CH_3Phnn3GcbHJA.pdf,24,1Q16,-101,,"[-65, -36]",True,"{""1Q16"": -101, ""1Q15"": -103}",,,False,comma_adjacency,,,8.1,4.3,,12.9,,
187,EN,2016,https://www.irpro.co/2881/events/187/EN/Presentation 1Q16_EN_Nm4mnltaT31F.pdf,24,1Q16,-101,,"[-65, -36]",True,"{""1Q16"": -101, ""1Q15"": -103}",,,False,comma_adjacency,,,8.1,4.3,,,,
179,CH,2016,https://www.irpro.co/2881/events/179/CH/Presentation- 2015-Chi_InCgLnfjyGpI.pdf,28,2015,-28,,[-28],True,"{""2015"": -28, ""2014"": -58}",,,False,comma_adjacency,,,10.8,1.5,,12.1,,
179,EN,2016,https://www.irpro.co/2881/events/179/EN/Presentation- 2015-Eng_Ll42G2ND1DHj.pdf,28,2015,-28,,[-28],True,"{""2014"": -58, ""2015"": -28}",,,False,comma_adjacency,,,10.8,1.5,,,,
198,CH,2016,https://www.irpro.co/2881/events/198/CH/Presentation 3Q16_C_3rqAk71np6An.pdf,25,9M16,-109,,"[-64, -45]",True,"{""9M15"": -28, ""9M16"": -109}",,,False,comma_adjacency,,,5.4,1.6,,11.3,,
198,EN,2016,https://www.irpro.co/2881/events/198/EN/Presentation 3Q16_E_lRFJpkjJhTJk.pdf,25,9M16,-109,,"[-64, -45]",True,"{""9M16"": -109, ""9M15"": -28}",,,False,comma_adjacency,,,5.4,,,,,
213,CH,2017,https://www.irpro.co/2881/events/213/CH/Presentation_2Q17_CH_B2Am1BT339jY.pdf,24,1H17,-169,,"[-88, -81]",True,"{""1H17"": -169, ""2Q17"": -137, ""1Q17"": -203, ""1H16"": -75}",,,False,comma_adjacency,,,1.0,1.6,,17.3,,
213,EN,2017,https://www.irpro.co/2881/events/213/EN/Presentation_2Q17_CH_FPAgyunFTnAL.pdf,24,1H17,-169,,"[-88, -81]",True,"{""1H17"": -169, ""2Q17"": -137, ""1Q17"": -203, ""1H16"": -75}",,,False,comma_adjacency,,,1.0,1.6,,17.3,,
214,CH,2017,https://www.irpro.co/2881/events/214/CH/Presentation_2Q17_EN_Fjai8MM7K6uF.pdf,24,1H17,-169,,"[-88, -81]",True,"{""2Q17"": -137, ""1Q17"": -203, ""1H17"": -169, ""1H16"": -75}",,,False,comma_adjacency,,,1.0,1.6,,,,
214,EN,2017,https://www.irpro.co/2881/events/214/EN/Presentation_2Q17_EN_Jka74GdFDBYJ.pdf,24,1H17,-169,,"[-88, -81]",True,"{""2Q17"": -137, ""1Q17"": -203, ""1H17"": -169, ""1H16"": -75}",,,False,comma_adjacency,,,1.0,1.6,,,,
205,CH,2017,https://www.irpro.co/2881/events/205/CH/Presentation_1Q17_EN_BJTPdJ42tHJ3.pdf,24,1Q17,-203,,"[-116, -87]",True,"{""1Q16"": -101, ""1Q17"": -203}",,,False,comma_adjacency,,,3.2,1.3,,,,
205,EN,2017,https://www.irpro.co/2881/events/205/EN/Presentation_1Q17_EN_NtaRd6EEDfH2.pdf,24,1Q17,-203,,"[-116, -87]",True,"{""1Q16"": -101, ""1Q17"": -203}",,,False,comma_adjacency,,,3.2,1.3,,,,
202,CH,2017,https://www.irpro.co/2881/events/202/CH/Presentation_2016_C_FAEdJfrBeMie.pdf,28,2016,-90,,"[-52, -38]",True,"{""2016"": -90, ""2015"": -28}",,,False,comma_adjacency,,,10.9,1.1,,11.1,,
202,EN,2017,https://www.irpro.co/2881/events/202/EN/Presentation_2016_C_2JQ62Yh6aH2j.pdf,28,2016,-90,,"[-52, -38]",True,"{""2016"": -90, ""2015"": -28}",,,False,comma_adjacency,,,10.9,1.1,,11.1,,
203,CH,2017,https://www.irpro.co/2881/events/203/CH/Presentation_2016_E_naMyDbb9aNJf.pdf,28,2016,-90,,"[-52, -38]",True,"{""2016"": -90, ""2015"": -28}",,,False,comma_adjacency,,,10.9,1.1,,,,
203,EN,2017,https://www.irpro.co/2881/events/203/EN/Presentation_2016_E_3NQFBHbpJcAb.pdf,28,2016,-90,,"[-52, -38]",True,"{""2016"": -90, ""2015"": -28}",,,False,comma_adjacency,,,10.9,1.1,,,,
217,CH,2017,https://www.irpro.co/2881/events/217/CH/Presentation_9M17_CH_ngt3JnRajLHJ.pdf,25,9M17,-142,,"[-85, -57]",True,"{""3Q17"": -88, ""2Q17"": -137, ""1Q17"": -203, ""9M16"": -109, ""9M17"": -142}",,,False,comma_adjacency,,,3.4,1.2,,15.9,,
217,EN,2017,https://www.irpro.co/2881/events/217/EN/Presentation_9M17_EN_jPcHcNBjNqn2.pdf,25,9M17,-142,,"[-85, -57]",True,"{""1Q17"": -203, ""9M17"": -142, ""9M16"": -109, ""2Q17"": -137, ""3Q17"": -88}",,,False,comma_adjacency,,,3.4,1.2,,,,
233,CH,2018,https://www.irpro.co/2881/events/233/CH/Presentation_2Q18_CH_pjrnETCENDcp.pdf,25,1H18,-131,,"[-130, -1]",True,"{""1H18"": -131, ""1H17"": -169}",,,True,comma_adjacency,92.4,,6.9,0.7,,,,
233,EN,2018,https://www.irpro.co/2881/events/233/EN/Presentation_2Q18_EN_6HJhLY5F4JPJ.pdf,25,1H18,-131,,"[-130, -1]",True,"{""1H17"": -169, ""1H18"": -131}",87.2,,True,comma_adjacency,92.4,,6.9,0.7,,,,
234,CH,2018,https://www.irpro.co/2881/events/234/CH/Presentation_2Q18_CH_bk8nbLA2h19H.pdf,25,1H18,-131,,"[-130, -1]",True,"{""1H18"": -131, ""1H17"": -169}",,,True,comma_adjacency,92.4,,6.9,0.7,,,,
234,EN,2018,https://www.irpro.co/2881/events/234/EN/Presentation_2Q18_EN_TimfELDipfTp.pdf,25,1H18,-131,,"[-130, -1]",True,"{""1H17"": -169, ""1H18"": -131}",87.2,,True,comma_adjacency,92.4,,6.9,0.7,,,,
226,CH,2018,https://www.irpro.co/2881/events/226/CH/Presentation_1Q18_CH_A46njjCc7FkT.pdf,25,1Q18,-149,,"[-125, -24]",True,"{""1Q18"": -149, ""1Q17"": -203}",,,True,comma_adjacency,95.2,,1.6,3.2,,,,
226,EN,2018,https://www.irpro.co/2881/events/226/EN/Presentation_1Q18_CH_LnH2A1NbRGKR.pdf,25,1Q18,-149,,"[-125, -24]",True,"{""1Q18"": -149, ""1Q17"": -203}",,,True,comma_adjacency,95.2,,1.6,3.2,,,,
227,CH,2018,https://www.irpro.co/2881/events/227/CH/Presentation_1Q18_EN_D8bcpBDHadbn.pdf,25,1Q18,-149,,"[-125, -24]",True,"{""1Q18"": -149, ""1Q17"": -203}",86.8,,True,comma_adjacency,95.2,,1.6,3.2,,,,
227,EN,2018,https://www.irpro.co/2881/events/227/EN/Presentation_1Q18_EN_E5HFccR4cd1E.pdf,25,1Q18,-149,,"[-125, -24]",True,"{""1Q18"": -149, ""1Q17"": -203}",86.8,,True,comma_adjacency,95.2,,1.6,3.2,,,,
220,CH,2018,https://www.irpro.co/2881/events/220/CH/Presentation_2017_CH_FKGkq6c4RCYT.pdf,29,2017,-133,,"[-89, -44]",True,"{""2017"": -133, ""2016"": -90}",,,False,comma_adjacency,,,,5.4,,,,
220,EN,2018,https://www.irpro.co/2881/events/220/EN/Presentation_2017_EN_fGab58YRNn1D.pdf,29,2017,-133,,"[-89, -44]",True,"{""2017"": -133, ""2016"": -90}",86.8,,False,comma_adjacency,,,1.3,5.4,,,,
221,CH,2018,https://www.irpro.co/2881/events/221/CH/Presentation_2017_CH_Kcg55pHJBNFD.pdf,29,2017,-133,,"[-89, -44]",True,"{""2017"": -133, ""2016"": -90}",,,False,comma_adjacency,,,,5.4,,,,
221,EN,2018,https://www.irpro.co/2881/events/221/EN/Presentation_2017_EN_LpAg3LL6TbIn.pdf,29,2017,-133,,"[-89, -44]",True,"{""2017"": -133, ""2016"": -90}",86.8,,False,comma_adjacency,,,1.3,5.4,,,,
237,CH,2018,https://www.irpro.co/2881/events/237/CH/Presentation_3Q18_CH_pfUi3769mEgI.pdf,26,9M18,-138,,"[-132, -6]",True,"{""9M18"": -138, ""9M17"": -142}",,,True,comma_adjacency,92.7,,4.9,2.4,,,,
237,EN,2018,https://www.irpro.co/2881/events/237/EN/Presentation_3Q18_CH_3cFfM4Q9RrcJ.pdf,26,9M18,-138,,"[-132, -6]",True,"{""9M18"": -138, ""9M17"": -142}",,,True,comma_adjacency,92.7,,4.9,2.4,,,,
238,CH,2018,https://www.irpro.co/2881/events/238/CH/Presentation_3Q18_EN_MBdnAdcYJif3.pdf,26,9M18,-138,,"[-132, -6]",True,"{""9M18"": -138, ""9M17"": -142}",87.0,,True,comma_adjacency,92.7,,4.9,2.4,,,,
238,EN,2018,https://www.irpro.co/2881/events/238/EN/Presentation_3Q18_EN_2mpBnDulmeu1.pdf,26,9M18,-138,,"[-132, -6]",True,"{""9M18"": -138, ""9M17"": -142}",87.0,,True,comma_adjacency,92.7,,4.9,2.4,,,,
257,CH,2019,https://www.irpro.co/2881/events/257/CH/Presentation_2Q19_CH_affFFgH6JAQY.pdf,28,1H19,-128,,"[-114, -14]",True,"{""1Q19"": -148, ""2Q19"": -108, ""1H18"": -131, ""1H19"": -128}",,,True,comma_adjacency,83.5,,13.9,2.6,,,,
257,EN,2019,https://www.irpro.co/2881/events/257/EN/Presentation_2Q19_CH_uL61RNUf13eh.pdf,28,1H19,-128,,"[-114, -14]",True,"{""1Q19"": -148, ""2Q19"": -108, ""1H18"": -131, ""1H19"": -128}",,,True,comma_adjacency,83.5,,13.9,2.6,,,,
258,CH,2019,https://www.irpro.co/2881/events/258/CH/Presentation_2Q19_EN_cAeYFJ2EaUB9.pdf,28,1H19,-128,,"[-114, -14]",True,"{""2Q19"": -108, ""1Q19"": -148, ""1H19"": -128, ""1H18"": -131}",84.9,,True,comma_adjacency,83.5,,13.9,2.6,,,,
258,EN,2019,https://www.irpro.co/2881/events/258/EN/Presentation_2Q19_EN_UcnNULRAQ52E.pdf,28,1H19,-128,,"[-114, -14]",True,"{""2Q19"": -108, ""1Q19"": -148, ""1H19"": -128, ""1H18"": -131}",84.9,,True,comma_adjacency,83.5,,13.9,2.6,,,,
248,CH,2019,https://www.irpro.co/2881/events/248/CH/Presentation_1Q19_CH_mF5ktiljcJgI.pdf,26,1Q19,-148,,"[-127, -21]",True,"{""4Q18"": -209, ""1Q19"": -148, ""1Q18"": -149}",,,True,comma_adjacency,85.3,,13.1,1.6,,,,
248,EN,2019,https://www.irpro.co/2881/events/248/EN/Presentation_1Q19_CH_KLa3gPJLlLjJ.pdf,26,1Q19,-148,,"[-127, -21]",True,"{""4Q18"": -209, ""1Q19"": -148, ""1Q18"": -149}",,,True,comma_adjacency,85.3,,13.1,1.6,,,,
249,CH,2019,https://www.irpro.co/2881/events/249/CH/Presentation_1Q19_EN_HiyMlBGyL6n2.pdf,26,1Q19,-148,,"[-127, -21]",True,"{""4Q18"": -209, ""1Q19"": -148, ""1Q18"": -149}",84.5,,True,comma_adjacency,85.3,,13.1,1.6,,,,
249,EN,2019,https://www.irpro.co/2881/events/249/EN/Presentation_1Q19_EN_16AJ49ECbk2n.pdf,26,1Q19,-148,,"[-127, -21]",True,"{""4Q18"": -209, ""1Q19"": -148, ""1Q18"": -149}",84.5,,True,comma_adjacency,85.3,,13.1,1.6,,,,
243,CH,2019,https://www.irpro.co/2881/events/243/CH/Presentation_2018_CH_UI34HHMB75JD.pdf,29,2018,-156,,"[-134, -13, -9]",True,"{""2018"": -156, ""2017"": -133}",,,True,comma_adjacency,87.7,,9.4,2.9,,,,
243,EN,2019,https://www.irpro.co/2881/events/243/EN/Presentation_2018_CH_EFFlnAML4mJm.pdf,29,2018,-156,,"[-134, -13, -9]",True,"{""2018"": -156, ""2017"": -133}",,,True,comma_adjacency,87.7,,9.4,2.9,,,,
246,CH,2019,https://www.irpro.co/2881/events/246/CH/Presentation_2018_EN_jAc6JYlEfYJn.pdf,29,2018,-156,,"[-134, -13, -9]",True,"{""2017"": -133, ""2018"": -156}",86.8,,True,comma_adjacency,87.7,,9.4,2.9,,,,
246,EN,2019,https://www.irpro.co/2881/events/246/EN/Presentation_2018_EN_ff1jcrHcFFk3.pdf,29,2018,-156,,"[-134, -13, -9]",True,"{""2017"": -133, ""2018"": -156}",86.8,,True,comma_adjacency,87.7,,9.4,2.9,,,,
263,CH,2019,https://www.irpro.co/2881/events/263/CH/Presentation_3Q19_CH_jpbbuDUHBjbk.pdf,26,9M19,-124,,"[-106, -18]",True,"{""2Q19"": -108, ""3Q19"": -117, ""1Q19"": -148, ""9M19"": -124, ""9M18"": -138}",,,True,comma_adjacency,89.4,,10.1,0.5,,,,
263,EN,2019,https://www.irpro.co/2881/events/263/EN/Presentation_3Q19_CH_2yRL7aA6bNBN.pdf,26,9M19,-124,,"[-106, -18]",True,"{""2Q19"": -108, ""3Q19"": -117, ""1Q19"": -148, ""9M19"": -124, ""9M18"": -138}",,,True,comma_adjacency,89.4,,10.1,0.5,,,,
264,CH,2019,https://www.irpro.co/2881/events/264/CH/Presentation_3Q19_EN_cJYD9mnM2JF3.pdf,26,9M19,-124,,"[-106, -18]",True,"{""9M18"": -138, ""2Q19"": -108, ""1Q19"": -148, ""9M19"": -124, ""3Q19"": -117}",82.2,,True,comma_adjacency,89.4,,10.1,0.5,,,,
264,EN,2019,https://www.irpro.co/2881/events/264/EN/Presentation_3Q19_EN_RF1u9dPAhmEm.pdf,26,9M19,-124,,"[-106, -18]",True,"{""9M18"": -138, ""2Q19"": -108, ""1Q19"": -148, ""9M19"": -124, ""3Q19"": -117}",82.2,,True,comma_adjacency,89.4,,10.1,0.5,,,,
274,CH,2020,https://www.irpro.co/2881/events/274/CH/Presentation_2Q20_CH_BAnBF77MrAiB.pdf,28,1H20,-102,,"[-60, -42]",True,"{""1Q20"": -88, ""1H19"": -128, ""2Q20"": -116, ""1H20"": -102}",,,True,comma_adjacency,86.3,,9.4,4.2,,,,
274,EN,2020,https://www.irpro.co/2881/events/274/EN/Presentation_2Q20_CH_BaUdn3ATJb3Q.pdf,28,1H20,-102,,"[-60, -42]",True,"{""1Q20"": -88, ""1H19"": -128, ""2Q20"": -116, ""1H20"": -102}",,,True,comma_adjacency,86.3,,9.4,4.2,,,,
275,CH,2020,https://www.irpro.co/2881/events/275/CH/Presentation_2Q20_EN_mDPFbUnBHbUR.pdf,28,1H20,-102,,"[-60, -42]",True,"{""2Q20"": -116, ""1Q20"": -88, ""1H19"": -128, ""1H20"": -102}",84.1,,True,comma_adjacency,86.3,,9.4,4.2,,,,
275,EN,2020,https://www.irpro.co/2881/events/275/EN/Presentation_2Q20_EN__6YnHhNtNcyQH.pdf,28,1H20,-102,,"[-60, -42]",True,"{""2Q20"": -116, ""1Q20"": -88, ""1H19"": -128, ""1H20"": -102}",84.1,,True,comma_adjacency,86.3,,9.4,4.2,,,,
270,CH,2020,https://www.irpro.co/2881/events/270/CH/Presentation_1Q20_EN_v2_g631C3Ll3IFj.pdf,28,1Q20,-88,,"[-70, -18]",True,"{""4Q19"": -191, ""1Q20"": -88, ""1Q19"": -148}",82.9,,True,comma_adjacency,86.6,,10.8,2.6,,,,
270,EN,2020,https://www.irpro.co/2881/events/270/EN/Presentation_1Q20_EN_KnBfch3nDlIH.pdf,28,1Q20,-88,,"[-70, -18]",True,"{""4Q19"": -191, ""1Q20"": -88, ""1Q19"": -148}",82.9,,True,comma_adjacency,86.6,,10.8,2.6,,,,
267,CH,2020,https://www.irpro.co/2881/events/267/CH/Presentation_4Q19_CH_v2_fKtjfA2AanlF.pdf,31,2019,-141,,"[-101, -28, -12]",True,"{""3Q19"": -117, ""2018"": -156, ""1Q19"": -148, ""2019"": -141, ""4Q19"": -191, ""2Q19"": -108}",,,True,comma_adjacency,88.8,,6.6,4.6,,,,
267,EN,2020,https://www.irpro.co/2881/events/267/EN/Presentation_4Q19_CH_1QARnJDygQ2D.pdf,31,2019,-141,,"[-101, -28, -12]",True,"{""3Q19"": -117, ""2018"": -156, ""1Q19"": -148, ""2019"": -141, ""4Q19"": -191, ""2Q19"": -108}",,,True,comma_adjacency,88.8,,6.6,4.6,,,,
268,CH,2020,https://www.irpro.co/2881/events/268/CH/Presentation_4Q19_EN_RenFfkRnJDGn.pdf,31,2019,-141,,"[-101, -28, -12]",True,"{""3Q19"": -117, ""1Q19"": -148, ""2018"": -156, ""2019"": -141, ""4Q19"": -191, ""2Q19"": -108}",83.0,,True,comma_adjacency,88.8,,6.6,4.6,,,,
268,EN,2020,https://www.irpro.co/2881/events/268/EN/Presentation_4Q19_EN_NHg2a22uAJbb.pdf,31,2019,-141,,"[-101, -28, -12]",True,"{""3Q19"": -117, ""1Q19"": -148, ""2018"": -156, ""2019"": -141, ""4Q19"": -191, ""2Q19"": -108}",83.0,,True,comma_adjacency,88.8,,6.6,4.6,,,,
309,CH,2021,https://www.irpro.co/2881/events/309/CH/20210820134119-1.pdf,19,1H21,-72,,"[-47, -25]",True,"{""1Q21"": -38, ""1H20"": -102, ""1H21"": -72, ""2Q21"": -106}",,,True,comma_adjacency,84.7,,11.9,3.4,,,,
310,CH,2021,https://www.irpro.co/2881/events/310/CH/20210820134037-1.pdf,19,1H21,-72,,"[-47, -25]",True,"{""1H21"": -72, ""1Q21"": -38, ""1H20"": -102, ""2Q21"": -106}",83.7,,True,comma_adjacency,84.7,,11.9,3.4,,,,
311,EN,2021,https://www.irpro.co/2881/events/311/EN/20210820134522-1.pdf,19,1H21,-72,,"[-47, -25]",True,"{""1Q21"": -38, ""1H20"": -102, ""1H21"": -72, ""2Q21"": -106}",,,True,comma_adjacency,84.7,,11.9,3.4,,,,
312,EN,2021,https://www.irpro.co/2881/events/312/EN/20210820134547-1.pdf,19,1H21,-72,,"[-47, -25]",True,"{""1H21"": -72, ""1Q21"": -38, ""1H20"": -102, ""2Q21"": -106}",83.7,,True,comma_adjacency,84.7,,11.9,3.4,,,,
295,CH,2021,https://www.irpro.co/2881/events/295/CH/20210520134858-1.pdf,18,1Q21,-38,,"[-26, -12]",True,"{""4Q20"": -84, ""1Q21"": -38, ""1Q20"": -88}",,,True,comma_adjacency,83.8,,15.1,1.1,,,,
296,CH,2021,https://www.irpro.co/2881/events/296/CH/20210526164205-1.pdf,18,1Q21,-38,,"[-26, -12]",True,"{""1Q20"": -88, ""4Q20"": -84, ""1Q21"": -38}",82.3,,True,comma_adjacency,83.8,,15.1,1.1,,,,
297,EN,2021,https://www.irpro.co/2881/events/297/EN/20210520135144-1.pdf,18,1Q21,-38,,"[-26, -12]",True,"{""4Q20"": -84, ""1Q21"": -38, ""1Q20"": -88}",,,True,comma_adjacency,83.8,,15.1,1.1,,,,
298,EN,2021,https://www.irpro.co/2881/events/298/EN/20210526164229-1.pdf,18,1Q21,-38,,"[-26, -12]",True,"{""1Q20"": -88, ""4Q20"": -84, ""1Q21"": -38}",82.3,,True,comma_adjacency,83.8,,15.1,1.1,,,,
290,CH,2021,https://www.irpro.co/2881/events/290/CH/20210331133121-1.pdf,28,2020,-93,,"[-48, -45]",True,"{""1Q20"": -88, ""2Q20"": -116, ""3Q20"": -84, ""4Q20"": -84, ""2019"": -141, ""2020"": -93}",,,True,comma_adjacency,85.5,,8.7,5.8,,,,
292,CH,2021,https://www.irpro.co/2881/events/292/CH/20210331133134-1.pdf,28,2020,-93,,"[-48, -45]",True,"{""1Q20"": -88, ""2Q20"": -116, ""3Q20"": -84, ""4Q20"": -84, ""2019"": -141, ""2020"": -93}",84.4,,True,comma_adjacency,85.5,,8.7,5.8,,,,
293,EN,2021,https://www.irpro.co/2881/events/293/EN/20210331133327-1.pdf,28,2020,-93,,"[-48, -45]",True,"{""1Q20"": -88, ""2Q20"": -116, ""3Q20"": -84, ""4Q20"": -84, ""2019"": -141, ""2020"": -93}",,,True,comma_adjacency,85.5,,8.7,5.8,,,,
294,EN,2021,https://www.irpro.co/2881/events/294/EN/20210331133338-1.pdf,28,2020,-93,,"[-48, -45]",True,"{""1Q20"": -88, ""2Q20"": -116, ""3Q20"": -84, ""4Q20"": -84, ""2019"": -141, ""2020"": -93}",84.4,,True,comma_adjacency,85.5,,8.7,5.8,,,,
321,CH,2021,https://www.irpro.co/2881/events/321/CH/20211201175441-1.pdf,19,9M21,-64,,"[-42, -22]",True,"{""9M21"": -64, ""9M20"": -96, ""1Q21"": -38, ""2Q21"": -106, ""3Q21"": -49}",,,True,comma_adjacency,87.9,,9.9,2.2,,,,
322,CH,2021,https://www.irpro.co/2881/events/322/CH/20211201175420-1.pdf,19,9M21,-64,,"[-42, -22]",True,"{""2Q21"": -106, ""1Q21"": -38, ""3Q21"": -49, ""9M21"": -64, ""9M20"": -96}",83.9,,True,comma_adjacency,87.9,,9.9,2.2,,,,
323,EN,2021,https://www.irpro.co/2881/events/323/EN/20211201180657-1.pdf,19,9M21,-64,,"[-42, -22]",True,"{""9M21"": -64, ""9M20"": -96, ""1Q21"": -38, ""2Q21"": -106, ""3Q21"": -49}",,,True,comma_adjacency,87.9,,9.9,2.2,,,,
324,EN,2021,https://www.irpro.co/2881/events/324/EN/20211201180635-1.pdf,19,9M21,-64,,"[-42, -22]",True,"{""2Q21"": -106, ""1Q21"": -38, ""3Q21"": -49, ""9M21"": -64, ""9M20"": -96}",83.9,,True,comma_adjacency,87.9,,9.9,2.2,,,,
361,CH,2022,https://www.irpro.co/2881/events/361/CH/20220819133014-1.pdf,18,1H22,52,,"[-29, 81]",True,"{""1H22"": 52, ""1Q22"": 56, ""1H21"": -72, ""2Q22"": 49}",83.6,,True,comma_adjacency,83.9,,16.0,0.1,,,,
362,CH,2022,https://www.irpro.co/2881/events/362/CH/20220819133008-1.pdf,18,1H22,52,,"[-29, 81]",True,"{""1H21"": -72, ""1H22"": 52, ""1Q22"": 56, ""2Q22"": 49}",,,True,comma_adjacency,83.9,,16.0,0.1,,,,
363,EN,2022,https://www.irpro.co/2881/events/363/EN/20220819133018-1.pdf,18,1H22,52,,"[-29, 81]",True,"{""1H22"": 52, ""1Q22"": 56, ""1H21"": -72, ""2Q22"": 49}",83.6,,True,comma_adjacency,83.9,,16.0,0.1,,,,
364,EN,2022,https://www.irpro.co/2881/events/364/EN/20220819133031-1.pdf,18,1H22,52,,"[-29, 81]",True,"{""1H21"": -72, ""1H22"": 52, ""1Q22"": 56, ""2Q22"": 49}",,,True,comma_adjacency,83.9,,16.0,0.1,,,,
349,CH,2022,https://www.irpro.co/2881/events/349/CH/20220609083940-1.pdf,18,1Q22,56,,"[-26, 82]",True,"{""1Q21"": -38, ""4Q21"": -91, ""1Q22"": 56}",83.6,,True,comma_adjacency,84.0,,13.6,2.4,,,,
350,EN,2022,https://www.irpro.co/2881/events/350/EN/20220609083656-1.pdf,18,1Q22,56,,"[-26, 82]",True,"{""1Q21"": -38, ""4Q21"": -91, ""1Q22"": 56}",83.6,,True,comma_adjacency,84.0,,13.6,2.4,,,,
351,EN,2022,https://www.irpro.co/2881/events/351/EN/20220609083616-1.pdf,18,1Q22,56,True,"[-26, 82]",True,"{""1Q21"": -38, ""1Q22"": 56, ""4Q21"": -91}",,,True,comma_adjacency,84.0,,13.6,2.4,,,,
352,CH,2022,https://www.irpro.co/2881/events/352/CH/20220609083901-1.pdf,18,1Q22,56,True,"[-26, 82]",True,"{""1Q21"": -38, ""1Q22"": 56, ""4Q21"": -91}",,,True,comma_adjacency,84.0,,13.6,2.4,,,,
327,CH,2022,https://www.irpro.co/2881/events/327/CH/20220311133137-1.pdf,24,2021,-71,,"[-39, -21, -11]",True,"{""1Q21"": -38, ""2Q21"": -106, ""4Q21"": -91, ""3Q21"": -49, ""2021"": -71, ""2020"": -93}",83.6,,True,comma_adjacency,89.7,,6.8,3.5,,,,
334,EN,2022,https://www.irpro.co/2881/events/334/EN/20220315113437-1.pdf,24,2021,-71,,"[-39, -21, -11]",True,"{""1Q21"": -38, ""2Q21"": -106, ""2020"": -93, ""4Q21"": -91, ""3Q21"": -49, ""2021"": -71}",,,True,comma_adjacency,89.7,,6.8,3.5,,,,
335,CH,2022,https://www.irpro.co/2881/events/335/CH/20220315113506-1.pdf,24,2021,-71,,"[-39, -21, -11]",True,"{""1Q21"": -38, ""2Q21"": -106, ""2020"": -93, ""4Q21"": -91, ""3Q21"": -49, ""2021"": -71}",,,True,comma_adjacency,89.7,,6.8,3.5,,,,
336,EN,2022,https://www.irpro.co/2881/events/336/EN/20220311134237-1.pdf,24,2021,-71,,"[-39, -21, -11]",True,"{""1Q21"": -38, ""2Q21"": -106, ""4Q21"": -91, ""3Q21"": -49, ""2021"": -71, ""2020"": -93}",83.6,,True,comma_adjacency,89.7,,6.8,3.5,,,,
371,CH,2022,https://www.irpro.co/2881/events/371/CH/20221125133936-1.pdf,18,9M22,79,True,"[-31, 110]",True,"{""3Q22"": 131, ""9M21"": -64, ""2Q22"": 49, ""1Q22"": 56, ""9M22"": 79}",83.8,,True,comma_adjacency,81.5,,18.3,0.2,,,,
372,CH,2022,https://www.irpro.co/2881/events/372/CH/20221125133813-1.pdf,18,9M22,79,True,"[-31, 110]",True,"{""3Q22"": 131, ""9M21"": -64, ""9M22"": 79, ""1Q22"": 56, ""2Q22"": 49}",,,True,comma_adjacency,81.5,,18.3,0.2,,,,
373,EN,2022,https://www.irpro.co/2881/events/373/EN/20221125134200-1.pdf,18,9M22,79,True,"[-31, 110]",True,"{""3Q22"": 131, ""9M21"": -64, ""2Q22"": 49, ""1Q22"": 56, ""9M22"": 79}",83.8,,True,comma_adjacency,81.5,,18.3,0.2,,,,
374,EN,2022,https://www.irpro.co/2881/events/374/EN/20221125134134-1.pdf,18,9M22,79,True,"[-31, 110]",True,"{""3Q22"": 131, ""9M21"": -64, ""9M22"": 79, ""1Q22"": 56, ""2Q22"": 49}",,,True,comma_adjacency,81.5,,18.3,0.2,,,,
409,CH,2023,https://www.irpro.co/2881/events/409/CH/20230824133041-1.pdf,18,1H23,-88,,"[-144, 56]",True,"{""1H22"": 52, ""1H23"": -88, ""1Q23"": -188, ""2Q23"": 12}",,,True,comma_adjacency,78.5,,19.3,2.3,,,,
410,CH,2023,https://www.irpro.co/2881/events/410/CH/20230824133050-1.pdf,19,1H23,-88,,"[-144, 56]",True,"{""1H23"": -88, ""1H22"": 52, ""1Q23"": -188, ""2Q23"": 12}",,,True,comma_adjacency,78.5,,19.3,2.3,,,,
411,EN,2023,https://www.irpro.co/2881/events/411/EN/20230824133108-1.pdf,18,1H23,-88,,"[-144, 56]",True,"{""1H22"": 52, ""1H23"": -88, ""1Q23"": -188, ""2Q23"": 12}",,,True,comma_adjacency,78.5,,19.3,2.3,,,,
412,EN,2023,https://www.irpro.co/2881/events/412/EN/20230824133117-1.pdf,19,1H23,-88,,"[-144, 56]",True,"{""1H23"": -88, ""1H22"": 52, ""1Q23"": -188, ""2Q23"": 12}",,,True,comma_adjacency,78.5,,19.3,2.3,,,,
397,CH,2023,https://www.irpro.co/2881/events/397/CH/20230518133024-1.pdf,19,1Q23,-188,,"[-141, -47]",True,"{""4Q22"": -227, ""1Q22"": 56, ""1Q23"": -188}",,,True,comma_adjacency,81.0,,14.9,4.1,,,,
398,CH,2023,https://www.irpro.co/2881/events/398/CH/20230529095311-1.pdf,19,1Q23,-188,,"[-141, -47]",True,"{""1Q23"": -188, ""1Q22"": 56, ""4Q22"": -227}",,,True,comma_adjacency,81.0,,14.9,4.1,,,,
399,EN,2023,https://www.irpro.co/2881/events/399/EN/20230518133020-1.pdf,19,1Q23,-188,,"[-141, -47]",True,"{""4Q22"": -227, ""1Q22"": 56, ""1Q23"": -188}",,,True,comma_adjacency,81.0,,14.9,4.1,,,,
400,EN,2023,https://www.irpro.co/2881/events/400/EN/20230529095753-1.pdf,19,1Q23,-188,,"[-141, -47]",True,"{""1Q23"": -188, ""1Q22"": 56, ""4Q22"": -227}",,,True,comma_adjacency,81.0,,14.9,4.1,,,,
389,CH,2023,https://www.irpro.co/2881/events/389/CH/20230316133024-1.pdf,23,2022,2,,"[-51, 53]",True,"{""1Q22"": 56, ""2021"": -71, ""3Q22"": 131, ""4Q22"": -227, ""2022"": 2, ""2Q22"": 49}",85.1,,True,comma_adjacency,82.5,,12.9,4.7,,,,
390,CH,2023,https://www.irpro.co/2881/events/390/CH/20230316133031-1.pdf,23,2022,2,,"[-51, 53]",True,"{""1Q22"": 56, ""2021"": -71, ""3Q22"": 131, ""2022"": 2, ""4Q22"": -227, ""2Q22"": 49}",,,True,comma_adjacency,82.5,,12.9,4.7,,,,
391,EN,2023,https://www.irpro.co/2881/events/391/EN/20230316133057-1.pdf,23,2022,2,,"[-51, 53]",True,"{""1Q22"": 56, ""2021"": -71, ""3Q22"": 131, ""4Q22"": -227, ""2022"": 2, ""2Q22"": 49}",85.1,,True,comma_adjacency,82.5,,12.9,4.7,,,,
392,EN,2023,https://www.irpro.co/2881/events/392/EN/20230316133050-1.pdf,23,2022,2,,"[-51, 53]",True,"{""1Q22"": 56, ""2021"": -71, ""3Q22"": 131, ""2022"": 2, ""4Q22"": -227, ""2Q22"": 49}",,,True,comma_adjacency,82.5,,12.9,4.7,,,,
422,CH,2023,https://www.irpro.co/2881/events/422/CH/20231117133004-1.pdf,19,9M23,-12,,"[-147, 135]",True,"{""3Q23"": 139, ""1Q23"": -188, ""9M23"": -12, ""2Q23"": 12, ""9M22"": 79}",,,True,comma_adjacency,76.3,,22.0,1.7,,,,
423,CH,2023,https://www.irpro.co/2881/events/423/CH/20231117133023-1.pdf,19,9M23,-12,,"[-147, 135]",True,"{""2Q23"": 12, ""1Q23"": -188, ""9M23"": -12, ""9M22"": 79, ""3Q23"": 139}",85.3,,True,comma_adjacency,76.3,,22.0,1.7,,,,
424,EN,2023,https://www.irpro.co/2881/events/424/EN/20231117133113-1.pdf,19,9M23,-12,,"[-147, 135]",True,"{""3Q23"": 139, ""1Q23"": -188, ""9M23"": -12, ""2Q23"": 12, ""9M22"": 79}",,,True,comma_adjacency,76.3,,22.0,1.7,,,,
425,EN,2023,https://www.irpro.co/2881/events/425/EN/20231117133233-1.pdf,19,9M23,-12,,"[-147, 135]",True,"{""2Q23"": 12, ""1Q23"": -188, ""9M23"": -12, ""9M22"": 79, ""3Q23"": 139}",85.3,,True,comma_adjacency,76.3,,22.0,1.7,,,,
471,CH,2024,https://www.irpro.co/2881/events/471/CH/20240829133446-1.pdf,18,1H24,-115,,"[-182, 67]",True,"{""2Q24"": -129, ""1H24"": -115, ""1Q24"": -102, ""1H23"": -88}",,,True,comma_adjacency,76.4,,20.5,3.1,,,,
472,CH,2024,https://www.irpro.co/2881/events/472/CH/20240829134220-1.pdf,18,1H24,-115,,"[-182, 67]",True,"{""1H24"": -115, ""1H23"": -88, ""1Q24"": -102, ""2Q24"": -129}",,,True,comma_adjacency,76.4,,20.5,3.1,,,,
452,CH,2024,https://www.irpro.co/2881/events/452/CH/20240523131939-1.pdf,18,1Q24,-102,,"[-198, 96]",True,"{""1Q23"": -188, ""4Q23"": -304, ""1Q24"": -102}",,,True,comma_adjacency,75.7,,23.3,1.0,,,,
453,CH,2024,https://www.irpro.co/2881/events/453/CH/20240523131904-1.pdf,18,1Q24,-102,,"[-198, 96]",True,"{""4Q23"": -304, ""1Q23"": -188, ""1Q24"": -102}",,,True,comma_adjacency,75.7,,23.3,1.0,,,,
454,EN,2024,https://www.irpro.co/2881/events/454/EN/20240523185045-1.pdf,18,1Q24,-102,,"[-198, 96]",True,"{""1Q23"": -188, ""4Q23"": -304, ""1Q24"": -102}",,,True,comma_adjacency,75.7,,23.3,1.0,,,,
455,EN,2024,https://www.irpro.co/2881/events/455/EN/20240523185017-1.pdf,18,1Q24,-102,,"[-198, 96]",True,"{""4Q23"": -304, ""1Q23"": -188, ""1Q24"": -102}",,,True,comma_adjacency,75.7,,23.3,1.0,,,,
438,CH,2024,https://www.irpro.co/2881/events/438/CH/20240322133027-1.pdf,23,2023,-85,,"[-160, 74]",True,"{""3Q23"": 139, ""2Q23"": 12, ""4Q23"": -304, ""2022"": 2, ""2023"": -85, ""1Q23"": -188}",,,True,comma_adjacency,87.8,,7.7,4.5,,,,
439,CH,2024,https://www.irpro.co/2881/events/439/CH/20240322133232-1.pdf,23,2023,-85,,"[-160, 74]",True,"{""1Q23"": -188, ""2023"": -85, ""2022"": 2, ""3Q23"": 139, ""4Q23"": -304, ""2Q23"": 12}",83.9,,True,comma_adjacency,87.8,,7.7,4.5,,,,
441,EN,2024,https://www.irpro.co/2881/events/441/EN/20240322133601-1.pdf,23,2023,-85,,"[-160, 74]",True,"{""3Q23"": 139, ""2Q23"": 12, ""4Q23"": -304, ""2022"": 2, ""2023"": -85, ""1Q23"": -188}",,,True,comma_adjacency,87.8,,7.7,4.5,,,,
480,CH,2024,https://www.irpro.co/2881/events/480/CH/20250311094155-1.pdf,18,9M24,-156,,"[-183, 27]",True,"{""9M24"": -156, ""9M23"": -12, ""3Q24"": -237, ""1Q24"": -102, ""2Q24"": -129}",,,True,comma_adjacency,80.6,,11.2,8.2,,,,
482,EN,2024,https://www.irpro.co/2881/events/482/EN/20241211095945-1.pdf,18,9M24,-156,,"[-183, 27]",True,"{""9M24"": -156, ""9M23"": -12, ""3Q24"": -237, ""1Q24"": -102, ""2Q24"": -129}",,,True,comma_adjacency,80.6,,11.2,8.2,,,,
521,CH,2025,https://www.irpro.co/2881/events/521/CH/20250825140247-1.pdf,19,1H25,-389,,"[-242, -147]",True,"{""1Q25"": -87, ""2Q25"": -700, ""1H24"": -115, ""1H25"": -389}",,,True,comma_adjacency,78.9,,11.9,9.2,,,,
522,CH,2025,https://www.irpro.co/2881/events/522/CH/20250825140302-1.pdf,19,1H25,-389,,"[-242, -147]",True,"{""2Q25"": -700, ""1Q25"": -87, ""1H25"": -389, ""1H24"": -115}",,,True,comma_adjacency,78.9,,11.9,9.2,,,,
523,EN,2025,https://www.irpro.co/2881/events/523/EN/20250825140335-1.pdf,19,1H25,-389,,"[-242, -147]",True,"{""1Q25"": -87, ""2Q25"": -700, ""1H24"": -115, ""1H25"": -389}",,,True,comma_adjacency,78.9,,11.9,9.2,,,,
524,EN,2025,https://www.irpro.co/2881/events/524/EN/20250825140323-1.pdf,19,1H25,-389,,"[-242, -147]",True,"{""2Q25"": -700, ""1Q25"": -87, ""1H25"": -389, ""1H24"": -115}",,,True,comma_adjacency,78.9,,11.9,9.2,,,,
505,CH,2025,https://www.irpro.co/2881/events/505/CH/20250605122509-1.pdf,19,1Q25,-87,,"[-116, 29]",True,"{""1Q24"": -102, ""1Q25"": -87, ""4Q24"": -96}",,,True,comma_adjacency,71.0,,27.2,1.9,,,,
506,CH,2025,https://www.irpro.co/2881/events/506/CH/20250605135111-1.pdf,19,1Q25,-87,,"[-116, 29]",True,"{""1Q24"": -102, ""1Q25"": -87, ""4Q24"": -96}",,,True,comma_adjacency,71.0,,27.2,1.9,,,,
507,EN,2025,https://www.irpro.co/2881/events/507/EN/20250605135138-1.pdf,19,1Q25,-87,,"[-116, 29]",True,"{""1Q24"": -102, ""1Q25"": -87, ""4Q24"": -96}",,,True,comma_adjacency,71.0,,27.2,1.9,,,,
508,EN,2025,https://www.irpro.co/2881/events/508/EN/20250605135155-1.pdf,19,1Q25,-87,,"[-116, 29]",True,"{""1Q24"": -102, ""1Q25"": -87, ""4Q24"": -96}",,,True,comma_adjacency,71.0,,27.2,1.9,,,,
493,CH,2025,https://www.irpro.co/2881/events/493/CH/20250317140157-1.pdf,23,2024,-141,,"[-175, 34]",True,"{""2023"": -85, ""1Q24"": -102, ""4Q24"": -96, ""2Q24"": -129, ""2024"": -141, ""3Q24"": -237}",,,True,comma_adjacency,74.6,,25.1,0.3,,,,
494,CH,2025,https://www.irpro.co/2881/events/494/CH/20250317140141-1.pdf,23,2024,-141,,"[-175, 34]",True,"{""1Q24"": -102, ""4Q24"": -96, ""3Q24"": -237, ""2Q24"": -129, ""2023"": -85, ""2024"": -141}",,,True,comma_adjacency,74.6,,25.1,0.3,,,,
495,EN,2025,https://www.irpro.co/2881/events/495/EN/20250317140234-1.pdf,23,2024,-141,,"[-175, 34]",True,"{""2023"": -85, ""1Q24"": -102, ""4Q24"": -96, ""2Q24"": -129, ""2024"": -141, ""3Q24"": -237}",,,True,comma_adjacency,74.6,,25.1,0.3,,,,
496,EN,2025,https://www.irpro.co/2881/events/496/EN/20250317140220-1.pdf,23,2024,-141,,"[-175, 34]",True,"{""1Q24"": -102, ""4Q24"": -96, ""3Q24"": -237, ""2Q24"": -129, ""2023"": -85, ""2024"": -141}",,,True,comma_adjacency,74.6,,25.1,0.3,,,,
538,EN,2025,https://www.irpro.co/2881/events/538/EN/20251124140129-1.pdf,19,9M25,-329,,"[-177, -152]",True,"{""9M24"": -156, ""2Q25"": -700, ""3Q25"": -207, ""9M25"": -329, ""1Q25"": -87}",,,True,comma_adjacency,61.8,,37.5,0.7,,,,
540,CH,2025,https://www.irpro.co/2881/events/540/CH/20251124140101-1.pdf,19,9M25,-329,,"[-177, -152]",True,"{""9M24"": -156, ""2Q25"": -700, ""3Q25"": -207, ""9M25"": -329, ""1Q25"": -87}",,,True,comma_adjacency,61.8,,37.5,0.7,,,,
543,CH,2025,https://www.irpro.co/2881/events/543/CH/20251124140112-1.pdf,19,9M25,-329,,"[-177, -152]",True,"{""9M24"": -156, ""2Q25"": -700, ""3Q25"": -207, ""9M25"": -329, ""1Q25"": -87}",,,True,comma_adjacency,61.8,,37.5,0.7,,,,
544,EN,2025,https://www.irpro.co/2881/events/544/EN/20251124140141-1.pdf,19,9M25,-329,,"[-177, -152]",True,"{""9M24"": -156, ""2Q25"": -700, ""3Q25"": -207, ""9M25"": -329, ""1Q25"": -87}",,,True,comma_adjacency,61.8,,37.5,0.7,,,,
582,CH,2026,https://www.irpro.co/2881/events/582/CH/20260824150648-1.pdf,21,1H26,-124,,"[-76, -48]",True,"{""2Q26"": -121, ""1H26"": -124, ""1Q26"": -126}",,153.7,False,note_identity,,,,,60.9,,8.5,6.0
583,CH,2026,https://www.irpro.co/2881/events/583/CH/20260824143022-1.pdf,21,1H26,-124,,"[-76, -48]",True,"{""2Q26"": -121, ""1H26"": -124, ""1Q26"": -126}",,153.7,False,note_identity,,,,,60.9,6.0,,
584,EN,2026,https://www.irpro.co/2881/events/584/EN/20260824150718-1.pdf,21,1H26,-124,,"[-76, -48]",True,"{""2Q26"": -121, ""1H26"": -124, ""1Q26"": -126}",,153.7,False,note_identity,,,,,60.9,,8.5,6.0
585,EN,2026,https://www.irpro.co/2881/events/585/EN/20260824143057-1.pdf,21,1H26,-124,,"[-76, -48]",True,"{""2Q26"": -121, ""1H26"": -124, ""1Q26"": -126}",,153.7,False,note_identity,,,,,60.9,6.0,,
573,CH,2026,https://www.irpro.co/2881/events/573/CH/20260525150501-1.pdf,23,1Q26,-126,,"[-76, -50]",True,"{""1Q26"": -126, ""4Q25"": -117, ""2Q25"": -700, ""3Q25"": -207, ""1Q25"": -87}",,,False,note_identity,,,,,63.7,,7.2,5.3
574,CH,2026,https://www.irpro.co/2881/events/574/CH/20260525150644-1.pdf,23,1Q26,-126,,"[-76, -50]",True,"{""1Q26"": -126, ""4Q25"": -117, ""2Q25"": -700, ""3Q25"": -207, ""1Q25"": -87}",,,False,note_identity,,,,,63.7,7.2,,5.3
575,EN,2026,https://www.irpro.co/2881/events/575/EN/20260525150603-1.pdf,23,1Q26,-126,,"[-76, -50]",True,"{""1Q26"": -126, ""4Q25"": -117, ""2Q25"": -700, ""3Q25"": -207, ""1Q25"": -87}",,,False,note_identity,,,,,63.7,,7.2,5.3
577,EN,2026,https://www.irpro.co/2881/events/577/EN/20260525150616-1.pdf,23,1Q26,-126,,"[-76, -50]",True,"{""1Q26"": -126, ""4Q25"": -117, ""2Q25"": -700, ""3Q25"": -207, ""1Q25"": -87}",,,False,note_identity,,,,,63.7,7.2,,5.3
553,CH,2026,https://www.irpro.co/2881/events/553/CH/20260316141621-1.pdf,22,2025,-276,,"[-146, -130]",True,"{""3Q25"": -207, ""4Q25"": -117, ""2Q25"": -700, ""2024"": -141, ""1Q25"": -87, ""2025"": -276}",,,True,comma_adjacency,57.7,,41.3,1.0,,,,
554,EN,2026,https://www.irpro.co/2881/events/554/EN/20260316141820-1.pdf,22,2025,-276,,"[-146, -130]",True,"{""3Q25"": -207, ""4Q25"": -117, ""2Q25"": -700, ""2024"": -141, ""1Q25"": -87, ""2025"": -276}",,,True,comma_adjacency,57.7,,41.3,1.0,,,,
557,CH,2026,https://www.irpro.co/2881/events/557/CH/20260316141634-1.pdf,22,2025,-276,,"[-146, -130]",True,"{""3Q25"": -207, ""4Q25"": -117, ""2Q25"": -700, ""2024"": -141, ""1Q25"": -87, ""2025"": -276}",,,True,comma_adjacency,57.7,,41.3,1.0,,,,
558,EN,2026,https://www.irpro.co/2881/events/558/EN/20260316141831-1.pdf,22,2025,-276,,"[-146, -130]",True,"{""3Q25"": -207, ""4Q25"": -117, ""2Q25"": -700, ""2024"": -141, ""1Q25"": -87, ""2025"": -276}",,,True,comma_adjacency,57.7,,41.3,1.0,,,,
