insurer_name,entity_id,obs_quarter,roc_year,quarter,vintage,basis,liabilities_to_assets_pct,reserves_to_assets_pct,reserves_change_pct,reserves_net_increase_to_premium_pct,affiliate_investment_to_equity_pct,first_year_premium_ratio_pct,renewal_premium_ratio_pct,new_business_expense_ratio_pct,premium_income_change_pct,equity_change_pct,net_income_change_pct,funds_utilisation_ratio_pct,persistency_13m_pct,persistency_25m_pct,roa_pct,roe_pct,net_investment_yield_pct,investment_return_pct,operating_margin_pct,pretax_margin_total_revenue_pct,net_margin_pct,eps_ntd,real_estate_and_mortgage_to_assets_pct,raw_record,file
臺銀人壽保險股份有限公司,,2026-04-01,115,2,2026-09-04,IFRS17,89.7,82.22,,10.69,,,,,50.89,,99.85,98.55,88.69,,,,,,,,,,,"{""AMOUNT1"": ""89.70"", ""AMOUNT10"": ""N/A"", ""AMOUNT11"": ""99.85"", ""AMOUNT12"": ""98.55"", ""AMOUNT13"": ""88.69"", ""AMOUNT14"": """", ""AMOUNT15"": ""N/A"", ""AMOUNT16"": ""N/A"", ""AMOUNT17"": ""N/A"", ""AMOUNT18"": ""N/A"", ""AMOUNT19"": ""N/A"", ""AMOUNT2"": ""82.22"", ""AMOUNT20"": ""N/A"", ""AMOUNT21"": ""N/A"", ""AMOUNT22"": ""N/A"", ""AMOUNT23"": ""N/A"", ""AMOUNT3"": ""N/A"", ""AMOUNT4"": ""10.69"", ""AMOUNT5"": """", ""AMOUNT6"": """", ""AMOUNT7"": """", ""AMOUNT8"": ""N/A"", ""AMOUNT9"": ""50.89"", ""ClaimQuarter"": ""2"", ""ClaimYear"": ""115"", ""INSURER_Name"": ""臺銀人壽保險股份有限公司""}",json-06161610_20260904.json
台灣人壽保險股份有限公司,taiwan_life,2026-04-01,115,2,2026-09-04,IFRS17,86.13,74.5,,14.75,,,,,99.25,,101.39,96.4,93.93,,,,,,,,,,,"{""AMOUNT1"": ""86.13"", ""AMOUNT10"": ""N/A"", ""AMOUNT11"": ""101.39"", ""AMOUNT12"": ""96.40"", ""AMOUNT13"": ""93.93"", ""AMOUNT14"": """", ""AMOUNT15"": ""N/A"", ""AMOUNT16"": ""N/A"", ""AMOUNT17"": ""N/A"", ""AMOUNT18"": ""N/A"", ""AMOUNT19"": ""N/A"", ""AMOUNT2"": ""74.50"", ""AMOUNT20"": ""N/A"", ""AMOUNT21"": ""N/A"", ""AMOUNT22"": ""N/A"", ""AMOUNT23"": ""N/A"", ""AMOUNT3"": ""N/A"", ""AMOUNT4"": ""14.75"", ""AMOUNT5"": """", ""AMOUNT6"": """", ""AMOUNT7"": """", ""AMOUNT8"": ""N/A"", ""AMOUNT9"": ""99.25"", ""ClaimQuarter"": ""2"", ""ClaimYear"": ""115"", ""INSURER_Name"": ""台灣人壽保險股份有限公司""}",json-06161610_20260904.json
保誠人壽保險股份有限公司,,2026-04-01,115,2,2026-09-04,IFRS17,93.73,88.94,,6.79,,,,,0.24,,100.39,98.41,97.59,,,,,,,,,,,"{""AMOUNT1"": ""93.73"", ""AMOUNT10"": ""N/A"", ""AMOUNT11"": ""100.39"", ""AMOUNT12"": ""98.41"", ""AMOUNT13"": ""97.59"", ""AMOUNT14"": """", ""AMOUNT15"": ""N/A"", ""AMOUNT16"": ""N/A"", ""AMOUNT17"": ""N/A"", ""AMOUNT18"": ""N/A"", ""AMOUNT19"": ""N/A"", ""AMOUNT2"": ""88.94"", ""AMOUNT20"": ""N/A"", ""AMOUNT21"": ""N/A"", ""AMOUNT22"": ""N/A"", ""AMOUNT23"": ""N/A"", ""AMOUNT3"": ""N/A"", ""AMOUNT4"": ""6.79"", ""AMOUNT5"": """", ""AMOUNT6"": """", ""AMOUNT7"": """", ""AMOUNT8"": ""N/A"", ""AMOUNT9"": ""0.24"", ""ClaimQuarter"": ""2"", ""ClaimYear"": ""115"", ""INSURER_Name"": ""保誠人壽保險股份有限公司""}",json-06161610_20260904.json
國泰人壽保險股份有限公司,cathay_life,2026-04-01,115,2,2026-09-04,IFRS17,89.62,76.27,,11.78,,,,,90.02,,98.13,97.73,95.13,,,,,,,,,,,"{""AMOUNT1"": ""89.62"", ""AMOUNT10"": ""N/A"", ""AMOUNT11"": ""98.13"", ""AMOUNT12"": ""97.73"", ""AMOUNT13"": ""95.13"", ""AMOUNT14"": """", ""AMOUNT15"": ""N/A"", ""AMOUNT16"": ""N/A"", ""AMOUNT17"": ""N/A"", ""AMOUNT18"": ""N/A"", ""AMOUNT19"": ""N/A"", ""AMOUNT2"": ""76.27"", ""AMOUNT20"": ""N/A"", ""AMOUNT21"": ""N/A"", ""AMOUNT22"": ""N/A"", ""AMOUNT23"": ""N/A"", ""AMOUNT3"": ""N/A"", ""AMOUNT4"": ""11.78"", ""AMOUNT5"": """", ""AMOUNT6"": """", ""AMOUNT7"": """", ""AMOUNT8"": ""N/A"", ""AMOUNT9"": ""90.02"", ""ClaimQuarter"": ""2"", ""ClaimYear"": ""115"", ""INSURER_Name"": ""國泰人壽保險股份有限公司""}",json-06161610_20260904.json
凱基人壽保險股份有限公司,kgi_life,2026-04-01,115,2,2026-09-04,IFRS17,86.81,75.46,,14.19,,,,,62.69,,101.13,97.05,95.31,,,,,,,,,,,"{""AMOUNT1"": ""86.81"", ""AMOUNT10"": ""N/A"", ""AMOUNT11"": ""101.13"", ""AMOUNT12"": ""97.05"", ""AMOUNT13"": ""95.31"", ""AMOUNT14"": """", ""AMOUNT15"": ""N/A"", ""AMOUNT16"": ""N/A"", ""AMOUNT17"": ""N/A"", ""AMOUNT18"": ""N/A"", ""AMOUNT19"": ""N/A"", ""AMOUNT2"": ""75.46"", ""AMOUNT20"": ""N/A"", ""AMOUNT21"": ""N/A"", ""AMOUNT22"": ""N/A"", ""AMOUNT23"": ""N/A"", ""AMOUNT3"": ""N/A"", ""AMOUNT4"": ""14.19"", ""AMOUNT5"": """", ""AMOUNT6"": """", ""AMOUNT7"": """", ""AMOUNT8"": ""N/A"", ""AMOUNT9"": ""62.69"", ""ClaimQuarter"": ""2"", ""ClaimYear"": ""115"", ""INSURER_Name"": ""凱基人壽保險股份有限公司""}",json-06161610_20260904.json
南山人壽保險股份有限公司,nanshan_life,2026-04-01,115,2,2026-09-04,IFRS17,90.16,78.18,,10.39,,,,,95.07,,98.96,96.42,94.7,,,,,,,,,,,"{""AMOUNT1"": ""90.16"", ""AMOUNT10"": ""N/A"", ""AMOUNT11"": ""98.96"", ""AMOUNT12"": ""96.42"", ""AMOUNT13"": ""94.70"", ""AMOUNT14"": """", ""AMOUNT15"": ""N/A"", ""AMOUNT16"": ""N/A"", ""AMOUNT17"": ""N/A"", ""AMOUNT18"": ""N/A"", ""AMOUNT19"": ""N/A"", ""AMOUNT2"": ""78.18"", ""AMOUNT20"": ""N/A"", ""AMOUNT21"": ""N/A"", ""AMOUNT22"": ""N/A"", ""AMOUNT23"": ""N/A"", ""AMOUNT3"": ""N/A"", ""AMOUNT4"": ""10.39"", ""AMOUNT5"": """", ""AMOUNT6"": """", ""AMOUNT7"": """", ""AMOUNT8"": ""N/A"", ""AMOUNT9"": ""95.07"", ""ClaimQuarter"": ""2"", ""ClaimYear"": ""115"", ""INSURER_Name"": ""南山人壽保險股份有限公司""}",json-06161610_20260904.json
國華人壽保險股份有限公司,,2013-01-01,102,1,2026-09-04,IFRS4,2861.78,,,,,,,48.3,,-11.53,,-1.53,92.4,83.8,,,,,,,,,,"{""AMOUNT1"": ""2861.78"", ""AMOUNT10"": ""-11.53"", ""AMOUNT11"": ""N/A"", ""AMOUNT12"": ""-1.53"", ""AMOUNT13"": ""92.40"", ""AMOUNT14"": ""83.80"", ""AMOUNT15"": ""N/A"", ""AMOUNT16"": ""N/A"", ""AMOUNT17"": ""N/A"", ""AMOUNT18"": ""N/A"", ""AMOUNT19"": ""N/A"", ""AMOUNT2"": ""N/A"", ""AMOUNT20"": ""N/A"", ""AMOUNT21"": ""N/A"", ""AMOUNT22"": ""N/A"", ""AMOUNT23"": ""N/A"", ""AMOUNT3"": ""N/A"", ""AMOUNT4"": ""N/A"", ""AMOUNT5"": ""N/A"", ""AMOUNT6"": ""N/A"", ""AMOUNT7"": ""N/A"", ""AMOUNT8"": ""48.30"", ""AMOUNT9"": ""N/A"", ""ClaimQuarter"": ""1"", ""ClaimYear"": ""102"", ""INSURER_Name"": ""國華人壽保險股份有限公司""}",json-06161610_20260904.json
新光人壽保險股份有限公司（115.1.1合併前）,shinkong_life,2025-10-01,114,4,2026-09-04,IFRS4,95.17,90.68,0.24,4.35,2.45,92.4,101.59,33.01,-0.35,5.41,360.18,99.79,96.97,93.52,-0.67,-14.43,0.83,0.79,-16.67,-16.43,-12.26,-3.13,6.95,"{""AMOUNT1"": ""95.17"", ""AMOUNT10"": ""5.41"", ""AMOUNT11"": ""360.18"", ""AMOUNT12"": ""99.79"", ""AMOUNT13"": ""96.97"", ""AMOUNT14"": ""93.52"", ""AMOUNT15"": ""-0.67"", ""AMOUNT16"": ""-14.43"", ""AMOUNT17"": ""0.83"", ""AMOUNT18"": ""0.79"", ""AMOUNT19"": ""-16.67"", ""AMOUNT2"": ""90.68"", ""AMOUNT20"": ""-16.43"", ""AMOUNT21"": ""-12.26"", ""AMOUNT22"": ""-3.13"", ""AMOUNT23"": ""6.95"", ""AMOUNT3"": ""0.24"", ""AMOUNT4"": ""4.35"", ""AMOUNT5"": ""2.45"", ""AMOUNT6"": ""92.40"", ""AMOUNT7"": ""101.59"", ""AMOUNT8"": ""33.01"", ""AMOUNT9"": ""-0.35"", ""ClaimQuarter"": ""4"", ""ClaimYear"": ""114"", ""INSURER_Name"": ""新光人壽保險股份有限公司（115.1.1合併前）""}",json-06161610_20260904.json
富邦人壽保險股份有限公司,fubon_life,2026-04-01,115,2,2026-09-04,IFRS17,85.68,72.05,,15.3,,,,,66.44,,100.31,97.02,95.47,,,,,,,,,,,"{""AMOUNT1"": ""85.68"", ""AMOUNT10"": ""N/A"", ""AMOUNT11"": ""100.31"", ""AMOUNT12"": ""97.02"", ""AMOUNT13"": ""95.47"", ""AMOUNT14"": """", ""AMOUNT15"": ""N/A"", ""AMOUNT16"": ""N/A"", ""AMOUNT17"": ""N/A"", ""AMOUNT18"": ""N/A"", ""AMOUNT19"": ""N/A"", ""AMOUNT2"": ""72.05"", ""AMOUNT20"": ""N/A"", ""AMOUNT21"": ""N/A"", ""AMOUNT22"": ""N/A"", ""AMOUNT23"": ""N/A"", ""AMOUNT3"": ""N/A"", ""AMOUNT4"": ""15.30"", ""AMOUNT5"": """", ""AMOUNT6"": """", ""AMOUNT7"": """", ""AMOUNT8"": ""N/A"", ""AMOUNT9"": ""66.44"", ""ClaimQuarter"": ""2"", ""ClaimYear"": ""115"", ""INSURER_Name"": ""富邦人壽保險股份有限公司""}",json-06161610_20260904.json
三商美邦人壽保險股份有限公司,,2026-04-01,115,2,2026-09-04,IFRS17,92.76,73.32,,8.8,,,,,14.38,,98.4,96.18,92.85,,,,,,,,,,,"{""AMOUNT1"": ""92.76"", ""AMOUNT10"": ""N/A"", ""AMOUNT11"": ""98.40"", ""AMOUNT12"": ""96.18"", ""AMOUNT13"": ""92.85"", ""AMOUNT14"": """", ""AMOUNT15"": ""N/A"", ""AMOUNT16"": ""N/A"", ""AMOUNT17"": ""N/A"", ""AMOUNT18"": ""N/A"", ""AMOUNT19"": ""N/A"", ""AMOUNT2"": ""73.32"", ""AMOUNT20"": ""N/A"", ""AMOUNT21"": ""N/A"", ""AMOUNT22"": ""N/A"", ""AMOUNT23"": ""N/A"", ""AMOUNT3"": ""N/A"", ""AMOUNT4"": ""8.80"", ""AMOUNT5"": """", ""AMOUNT6"": """", ""AMOUNT7"": """", ""AMOUNT8"": ""N/A"", ""AMOUNT9"": ""14.38"", ""ClaimQuarter"": ""2"", ""ClaimYear"": ""115"", ""INSURER_Name"": ""三商美邦人壽保險股份有限公司""}",json-06161610_20260904.json
朝陽人壽保險股份有限公司,,2017-01-01,106,1,2026-09-04,IFRS4,107.87,105.89,,,,,,60.49,,-15.03,,97.19,93.46,87.58,,,,,,,,,,"{""AMOUNT1"": ""107.87"", ""AMOUNT10"": ""-15.03"", ""AMOUNT11"": ""N/A"", ""AMOUNT12"": ""97.19"", ""AMOUNT13"": ""93.46"", ""AMOUNT14"": ""87.58"", ""AMOUNT15"": ""N/A"", ""AMOUNT16"": ""N/A"", ""AMOUNT17"": ""N/A"", ""AMOUNT18"": ""N/A"", ""AMOUNT19"": ""N/A"", ""AMOUNT2"": ""105.89"", ""AMOUNT20"": ""N/A"", ""AMOUNT21"": ""N/A"", ""AMOUNT22"": ""N/A"", ""AMOUNT23"": ""N/A"", ""AMOUNT3"": ""N/A"", ""AMOUNT4"": ""N/A"", ""AMOUNT5"": ""N/A"", ""AMOUNT6"": ""N/A"", ""AMOUNT7"": ""N/A"", ""AMOUNT8"": ""60.49"", ""AMOUNT9"": ""N/A"", ""ClaimQuarter"": ""1"", ""ClaimYear"": ""106"", ""INSURER_Name"": ""朝陽人壽保險股份有限公司""}",json-06161610_20260904.json
幸福人壽保險股份有限公司,,2015-04-01,104,2,2026-09-04,IFRS4,159.41,157.86,,,,,,14.5,,-1.22,,95.56,78.18,92.92,,,,,,,,,,"{""AMOUNT1"": ""159.41"", ""AMOUNT10"": ""-1.22"", ""AMOUNT11"": ""N/A"", ""AMOUNT12"": ""95.56"", ""AMOUNT13"": ""78.18"", ""AMOUNT14"": ""92.92"", ""AMOUNT15"": ""N/A"", ""AMOUNT16"": ""N/A"", ""AMOUNT17"": ""N/A"", ""AMOUNT18"": ""N/A"", ""AMOUNT19"": ""N/A"", ""AMOUNT2"": ""157.86"", ""AMOUNT20"": ""N/A"", ""AMOUNT21"": ""N/A"", ""AMOUNT22"": ""N/A"", ""AMOUNT23"": ""N/A"", ""AMOUNT3"": ""N/A"", ""AMOUNT4"": ""N/A"", ""AMOUNT5"": ""N/A"", ""AMOUNT6"": ""N/A"", ""AMOUNT7"": ""N/A"", ""AMOUNT8"": ""14.50"", ""AMOUNT9"": ""N/A"", ""ClaimQuarter"": ""2"", ""ClaimYear"": ""104"", ""INSURER_Name"": ""幸福人壽保險股份有限公司""}",json-06161610_20260904.json
遠雄人壽保險事業股份有限公司,,2026-04-01,115,2,2026-09-04,IFRS17,91.88,84.28,,8.22,,,,,24.3,,99.46,94.87,94.93,,,,,,,,,,,"{""AMOUNT1"": ""91.88"", ""AMOUNT10"": ""N/A"", ""AMOUNT11"": ""99.46"", ""AMOUNT12"": ""94.87"", ""AMOUNT13"": ""94.93"", ""AMOUNT14"": """", ""AMOUNT15"": ""N/A"", ""AMOUNT16"": ""N/A"", ""AMOUNT17"": ""N/A"", ""AMOUNT18"": ""N/A"", ""AMOUNT19"": ""N/A"", ""AMOUNT2"": ""84.28"", ""AMOUNT20"": ""N/A"", ""AMOUNT21"": ""N/A"", ""AMOUNT22"": ""N/A"", ""AMOUNT23"": ""N/A"", ""AMOUNT3"": ""N/A"", ""AMOUNT4"": ""8.22"", ""AMOUNT5"": """", ""AMOUNT6"": """", ""AMOUNT7"": """", ""AMOUNT8"": ""N/A"", ""AMOUNT9"": ""24.30"", ""ClaimQuarter"": ""2"", ""ClaimYear"": ""115"", ""INSURER_Name"": ""遠雄人壽保險事業股份有限公司""}",json-06161610_20260904.json
宏泰人壽保險股份有限公司,,2026-04-01,115,2,2026-09-04,IFRS17,93.74,89.53,,6.28,,,,,485.93,,99.32,94.2,93.12,,,,,,,,,,,"{""AMOUNT1"": ""93.74"", ""AMOUNT10"": ""N/A"", ""AMOUNT11"": ""99.32"", ""AMOUNT12"": ""94.20"", ""AMOUNT13"": ""93.12"", ""AMOUNT14"": """", ""AMOUNT15"": ""N/A"", ""AMOUNT16"": ""N/A"", ""AMOUNT17"": ""N/A"", ""AMOUNT18"": ""N/A"", ""AMOUNT19"": ""N/A"", ""AMOUNT2"": ""89.53"", ""AMOUNT20"": ""N/A"", ""AMOUNT21"": ""N/A"", ""AMOUNT22"": ""N/A"", ""AMOUNT23"": ""N/A"", ""AMOUNT3"": ""N/A"", ""AMOUNT4"": ""6.28"", ""AMOUNT5"": """", ""AMOUNT6"": """", ""AMOUNT7"": """", ""AMOUNT8"": ""N/A"", ""AMOUNT9"": ""485.93"", ""ClaimQuarter"": ""2"", ""ClaimYear"": ""115"", ""INSURER_Name"": ""宏泰人壽保險股份有限公司""}",json-06161610_20260904.json
安聯人壽保險股份有限公司,,2026-04-01,115,2,2026-09-04,IFRS17,93.85,78.26,,33.27,,,,,-7.91,,108.96,97.96,94.2,,,,,,,,,,,"{""AMOUNT1"": ""93.85"", ""AMOUNT10"": ""N/A"", ""AMOUNT11"": ""108.96"", ""AMOUNT12"": ""97.96"", ""AMOUNT13"": ""94.20"", ""AMOUNT14"": """", ""AMOUNT15"": ""N/A"", ""AMOUNT16"": ""N/A"", ""AMOUNT17"": ""N/A"", ""AMOUNT18"": ""N/A"", ""AMOUNT19"": ""N/A"", ""AMOUNT2"": ""78.26"", ""AMOUNT20"": ""N/A"", ""AMOUNT21"": ""N/A"", ""AMOUNT22"": ""N/A"", ""AMOUNT23"": ""N/A"", ""AMOUNT3"": ""N/A"", ""AMOUNT4"": ""33.27"", ""AMOUNT5"": """", ""AMOUNT6"": """", ""AMOUNT7"": """", ""AMOUNT8"": ""N/A"", ""AMOUNT9"": ""-7.91"", ""ClaimQuarter"": ""2"", ""ClaimYear"": ""115"", ""INSURER_Name"": ""安聯人壽保險股份有限公司""}",json-06161610_20260904.json
中華郵政股份有限公司,,2026-04-01,115,2,2026-09-04,IFRS17,90.96,86.72,,9.04,,,,,89.15,,96.12,92.56,88.62,,,,,,,,,,,"{""AMOUNT1"": ""90.96"", ""AMOUNT10"": ""N/A"", ""AMOUNT11"": ""96.12"", ""AMOUNT12"": ""92.56"", ""AMOUNT13"": ""88.62"", ""AMOUNT14"": """", ""AMOUNT15"": ""N/A"", ""AMOUNT16"": ""N/A"", ""AMOUNT17"": ""N/A"", ""AMOUNT18"": ""N/A"", ""AMOUNT19"": ""N/A"", ""AMOUNT2"": ""86.72"", ""AMOUNT20"": ""N/A"", ""AMOUNT21"": ""N/A"", ""AMOUNT22"": ""N/A"", ""AMOUNT23"": ""N/A"", ""AMOUNT3"": ""N/A"", ""AMOUNT4"": ""9.04"", ""AMOUNT5"": """", ""AMOUNT6"": """", ""AMOUNT7"": """", ""AMOUNT8"": ""N/A"", ""AMOUNT9"": ""89.15"", ""ClaimQuarter"": ""2"", ""ClaimYear"": ""115"", ""INSURER_Name"": ""中華郵政股份有限公司""}",json-06161610_20260904.json
第一金人壽保險股份有限公司,,2026-04-01,115,2,2026-09-04,IFRS17,90.27,81.35,,11.4,,,,,-2.21,,100.13,98.97,96.51,,,,,,,,,,,"{""AMOUNT1"": ""90.27"", ""AMOUNT10"": ""N/A"", ""AMOUNT11"": ""100.13"", ""AMOUNT12"": ""98.97"", ""AMOUNT13"": ""96.51"", ""AMOUNT14"": """", ""AMOUNT15"": ""N/A"", ""AMOUNT16"": ""N/A"", ""AMOUNT17"": ""N/A"", ""AMOUNT18"": ""N/A"", ""AMOUNT19"": ""N/A"", ""AMOUNT2"": ""81.35"", ""AMOUNT20"": ""N/A"", ""AMOUNT21"": ""N/A"", ""AMOUNT22"": ""N/A"", ""AMOUNT23"": ""N/A"", ""AMOUNT3"": ""N/A"", ""AMOUNT4"": ""11.40"", ""AMOUNT5"": """", ""AMOUNT6"": """", ""AMOUNT7"": """", ""AMOUNT8"": ""N/A"", ""AMOUNT9"": ""-2.21"", ""ClaimQuarter"": ""2"", ""ClaimYear"": ""115"", ""INSURER_Name"": ""第一金人壽保險股份有限公司""}",json-06161610_20260904.json
合作金庫人壽保險股份有限公司,,2026-04-01,115,2,2026-09-04,IFRS17,87.52,73.3,,24.59,,,,,-5.37,,101.35,99.09,96.64,,,,,,,,,,,"{""AMOUNT1"": ""87.52"", ""AMOUNT10"": ""N/A"", ""AMOUNT11"": ""101.35"", ""AMOUNT12"": ""99.09"", ""AMOUNT13"": ""96.64"", ""AMOUNT14"": """", ""AMOUNT15"": ""N/A"", ""AMOUNT16"": ""N/A"", ""AMOUNT17"": ""N/A"", ""AMOUNT18"": ""N/A"", ""AMOUNT19"": ""N/A"", ""AMOUNT2"": ""73.30"", ""AMOUNT20"": ""N/A"", ""AMOUNT21"": ""N/A"", ""AMOUNT22"": ""N/A"", ""AMOUNT23"": ""N/A"", ""AMOUNT3"": ""N/A"", ""AMOUNT4"": ""24.59"", ""AMOUNT5"": """", ""AMOUNT6"": """", ""AMOUNT7"": """", ""AMOUNT8"": ""N/A"", ""AMOUNT9"": ""-5.37"", ""ClaimQuarter"": ""2"", ""ClaimYear"": ""115"", ""INSURER_Name"": ""合作金庫人壽保險股份有限公司""}",json-06161610_20260904.json
新光人壽保險股份有限公司（原台新人壽）,shinkong_life,2026-04-01,115,2,2026-09-04,IFRS17,90.39,79.36,,10.0,,,,,43.09,,86.26,96.75,93.72,,,,,,,,,,,"{""AMOUNT1"": ""90.39"", ""AMOUNT10"": ""N/A"", ""AMOUNT11"": ""86.26"", ""AMOUNT12"": ""96.75"", ""AMOUNT13"": ""93.72"", ""AMOUNT14"": """", ""AMOUNT15"": ""N/A"", ""AMOUNT16"": ""N/A"", ""AMOUNT17"": ""N/A"", ""AMOUNT18"": ""N/A"", ""AMOUNT19"": ""N/A"", ""AMOUNT2"": ""79.36"", ""AMOUNT20"": ""N/A"", ""AMOUNT21"": ""N/A"", ""AMOUNT22"": ""N/A"", ""AMOUNT23"": ""N/A"", ""AMOUNT3"": ""N/A"", ""AMOUNT4"": ""10.00"", ""AMOUNT5"": """", ""AMOUNT6"": """", ""AMOUNT7"": """", ""AMOUNT8"": ""N/A"", ""AMOUNT9"": ""43.09"", ""ClaimQuarter"": ""2"", ""ClaimYear"": ""115"", ""INSURER_Name"": ""新光人壽保險股份有限公司（原台新人壽）""}",json-06161610_20260904.json
全球人壽保險股份有限公司,,2026-04-01,115,2,2026-09-04,IFRS17,92.16,85.31,,8.57,,,,,90.57,,99.54,98.88,94.77,,,,,,,,,,,"{""AMOUNT1"": ""92.16"", ""AMOUNT10"": ""N/A"", ""AMOUNT11"": ""99.54"", ""AMOUNT12"": ""98.88"", ""AMOUNT13"": ""94.77"", ""AMOUNT14"": """", ""AMOUNT15"": ""N/A"", ""AMOUNT16"": ""N/A"", ""AMOUNT17"": ""N/A"", ""AMOUNT18"": ""N/A"", ""AMOUNT19"": ""N/A"", ""AMOUNT2"": ""85.31"", ""AMOUNT20"": ""N/A"", ""AMOUNT21"": ""N/A"", ""AMOUNT22"": ""N/A"", ""AMOUNT23"": ""N/A"", ""AMOUNT3"": ""N/A"", ""AMOUNT4"": ""8.57"", ""AMOUNT5"": """", ""AMOUNT6"": """", ""AMOUNT7"": """", ""AMOUNT8"": ""N/A"", ""AMOUNT9"": ""90.57"", ""ClaimQuarter"": ""2"", ""ClaimYear"": ""115"", ""INSURER_Name"": ""全球人壽保險股份有限公司""}",json-06161610_20260904.json
元大人壽保險股份有限公司,,2026-04-01,115,2,2026-09-04,IFRS17,90.09,72.6,,11.63,,,,,40.73,,99.24,99.0,97.78,,,,,,,,,,,"{""AMOUNT1"": ""90.09"", ""AMOUNT10"": ""N/A"", ""AMOUNT11"": ""99.24"", ""AMOUNT12"": ""99.00"", ""AMOUNT13"": ""97.78"", ""AMOUNT14"": """", ""AMOUNT15"": ""N/A"", ""AMOUNT16"": ""N/A"", ""AMOUNT17"": ""N/A"", ""AMOUNT18"": ""N/A"", ""AMOUNT19"": ""N/A"", ""AMOUNT2"": ""72.60"", ""AMOUNT20"": ""N/A"", ""AMOUNT21"": ""N/A"", ""AMOUNT22"": ""N/A"", ""AMOUNT23"": ""N/A"", ""AMOUNT3"": ""N/A"", ""AMOUNT4"": ""11.63"", ""AMOUNT5"": """", ""AMOUNT6"": """", ""AMOUNT7"": """", ""AMOUNT8"": ""N/A"", ""AMOUNT9"": ""40.73"", ""ClaimQuarter"": ""2"", ""ClaimYear"": ""115"", ""INSURER_Name"": ""元大人壽保險股份有限公司""}",json-06161610_20260904.json
中國信託人壽保險股份有限公司,,2015-10-01,104,4,2026-09-04,IFRS4,94.83,85.85,35.37,90.98,51.27,87.81,143.4,12.44,6.97,-8.32,24.24,99.81,98.76,95.78,0.44,7.24,4.0,3.6,1.49,1.48,1.37,1.6,5.68,"{""AMOUNT1"": ""94.83"", ""AMOUNT10"": ""-8.32"", ""AMOUNT11"": ""24.24"", ""AMOUNT12"": ""99.81"", ""AMOUNT13"": ""98.76"", ""AMOUNT14"": ""95.78"", ""AMOUNT15"": ""0.44"", ""AMOUNT16"": ""7.24"", ""AMOUNT17"": ""4.00"", ""AMOUNT18"": ""3.60"", ""AMOUNT19"": ""1.49"", ""AMOUNT2"": ""85.85"", ""AMOUNT20"": ""1.48"", ""AMOUNT21"": ""1.37"", ""AMOUNT22"": ""1.60"", ""AMOUNT23"": ""5.68"", ""AMOUNT3"": ""35.37"", ""AMOUNT4"": ""90.98"", ""AMOUNT5"": ""51.27"", ""AMOUNT6"": ""87.81"", ""AMOUNT7"": ""143.40"", ""AMOUNT8"": ""12.44"", ""AMOUNT9"": ""6.97"", ""ClaimQuarter"": ""4"", ""ClaimYear"": ""104"", ""INSURER_Name"": ""中國信託人壽保險股份有限公司""}",json-06161610_20260904.json
安達國際人壽保險股份有限公司,,2026-04-01,115,2,2026-09-04,IFRS17,92.54,65.75,,30.63,,,,,9.13,,96.66,86.08,78.91,,,,,,,,,,,"{""AMOUNT1"": ""92.54"", ""AMOUNT10"": ""N/A"", ""AMOUNT11"": ""96.66"", ""AMOUNT12"": ""86.08"", ""AMOUNT13"": ""78.91"", ""AMOUNT14"": """", ""AMOUNT15"": ""N/A"", ""AMOUNT16"": ""N/A"", ""AMOUNT17"": ""N/A"", ""AMOUNT18"": ""N/A"", ""AMOUNT19"": ""N/A"", ""AMOUNT2"": ""65.75"", ""AMOUNT20"": ""N/A"", ""AMOUNT21"": ""N/A"", ""AMOUNT22"": ""N/A"", ""AMOUNT23"": ""N/A"", ""AMOUNT3"": ""N/A"", ""AMOUNT4"": ""30.63"", ""AMOUNT5"": """", ""AMOUNT6"": """", ""AMOUNT7"": """", ""AMOUNT8"": ""N/A"", ""AMOUNT9"": ""9.13"", ""ClaimQuarter"": ""2"", ""ClaimYear"": ""115"", ""INSURER_Name"": ""安達國際人壽保險股份有限公司""}",json-06161610_20260904.json
英屬百慕達商友邦人壽保險股份有限公司台灣分公司,,2026-04-01,115,2,2026-09-04,IFRS17,87.16,63.1,,12.85,,,,,35.06,,99.78,93.7,83.57,,,,,,,,,,,"{""AMOUNT1"": ""87.16"", ""AMOUNT10"": ""N/A"", ""AMOUNT11"": ""99.78"", ""AMOUNT12"": ""93.70"", ""AMOUNT13"": ""83.57"", ""AMOUNT14"": """", ""AMOUNT15"": ""N/A"", ""AMOUNT16"": ""N/A"", ""AMOUNT17"": ""N/A"", ""AMOUNT18"": ""N/A"", ""AMOUNT19"": ""N/A"", ""AMOUNT2"": ""63.10"", ""AMOUNT20"": ""N/A"", ""AMOUNT21"": ""N/A"", ""AMOUNT22"": ""N/A"", ""AMOUNT23"": ""N/A"", ""AMOUNT3"": ""N/A"", ""AMOUNT4"": ""12.85"", ""AMOUNT5"": """", ""AMOUNT6"": """", ""AMOUNT7"": """", ""AMOUNT8"": ""N/A"", ""AMOUNT9"": ""35.06"", ""ClaimQuarter"": ""2"", ""ClaimYear"": ""115"", ""INSURER_Name"": ""英屬百慕達商友邦人壽保險股份有限公司台灣分公司""}",json-06161610_20260904.json
英屬百慕達商宏利人壽保險國際股份有限公司台灣分公司,,2013-07-01,102,3,2026-09-04,IFRS4,97.05,61.96,,,,,,47.9,,-54.58,,101.14,96.85,90.0,,,,,,,,,,"{""AMOUNT1"": ""97.05"", ""AMOUNT10"": ""-54.58"", ""AMOUNT11"": ""N/A"", ""AMOUNT12"": ""101.14"", ""AMOUNT13"": ""96.85"", ""AMOUNT14"": ""90.00"", ""AMOUNT15"": ""N/A"", ""AMOUNT16"": ""N/A"", ""AMOUNT17"": ""N/A"", ""AMOUNT18"": ""N/A"", ""AMOUNT19"": ""N/A"", ""AMOUNT2"": ""61.96"", ""AMOUNT20"": ""N/A"", ""AMOUNT21"": ""N/A"", ""AMOUNT22"": ""N/A"", ""AMOUNT23"": ""N/A"", ""AMOUNT3"": ""N/A"", ""AMOUNT4"": ""N/A"", ""AMOUNT5"": ""N/A"", ""AMOUNT6"": ""N/A"", ""AMOUNT7"": ""N/A"", ""AMOUNT8"": ""47.90"", ""AMOUNT9"": ""N/A"", ""ClaimQuarter"": ""3"", ""ClaimYear"": ""102"", ""INSURER_Name"": ""英屬百慕達商宏利人壽保險國際股份有限公司台灣分公司""}",json-06161610_20260904.json
法商法國巴黎人壽保險股份有限公司台灣分公司,,2026-04-01,115,2,2026-09-04,IFRS17,94.8,58.35,,21.31,,,,,39.87,,100.47,98.43,96.03,,,,,,,,,,,"{""AMOUNT1"": ""94.80"", ""AMOUNT10"": ""N/A"", ""AMOUNT11"": ""100.47"", ""AMOUNT12"": ""98.43"", ""AMOUNT13"": ""96.03"", ""AMOUNT14"": """", ""AMOUNT15"": ""N/A"", ""AMOUNT16"": ""N/A"", ""AMOUNT17"": ""N/A"", ""AMOUNT18"": ""N/A"", ""AMOUNT19"": ""N/A"", ""AMOUNT2"": ""58.35"", ""AMOUNT20"": ""N/A"", ""AMOUNT21"": ""N/A"", ""AMOUNT22"": ""N/A"", ""AMOUNT23"": ""N/A"", ""AMOUNT3"": ""N/A"", ""AMOUNT4"": ""21.31"", ""AMOUNT5"": """", ""AMOUNT6"": """", ""AMOUNT7"": """", ""AMOUNT8"": ""N/A"", ""AMOUNT9"": ""39.87"", ""ClaimQuarter"": ""2"", ""ClaimYear"": ""115"", ""INSURER_Name"": ""法商法國巴黎人壽保險股份有限公司台灣分公司""}",json-06161610_20260904.json
英屬百慕達商安達人壽保險股份有限公司台灣分公司,,2022-07-01,111,3,2026-09-04,IFRS4,98.95,4.98,,,,,,7.47,,-13.18,,86.79,88.65,93.93,,,,,,,,,,"{""AMOUNT1"": ""98.95"", ""AMOUNT10"": ""-13.18"", ""AMOUNT11"": ""N/A"", ""AMOUNT12"": ""86.79"", ""AMOUNT13"": ""88.65"", ""AMOUNT14"": ""93.93"", ""AMOUNT15"": ""N/A"", ""AMOUNT16"": ""N/A"", ""AMOUNT17"": ""N/A"", ""AMOUNT18"": ""N/A"", ""AMOUNT19"": ""N/A"", ""AMOUNT2"": ""4.98"", ""AMOUNT20"": ""N/A"", ""AMOUNT21"": ""N/A"", ""AMOUNT22"": ""N/A"", ""AMOUNT23"": ""N/A"", ""AMOUNT3"": ""N/A"", ""AMOUNT4"": ""N/A"", ""AMOUNT5"": ""N/A"", ""AMOUNT6"": ""N/A"", ""AMOUNT7"": ""N/A"", ""AMOUNT8"": ""7.47"", ""AMOUNT9"": ""N/A"", ""ClaimQuarter"": ""3"", ""ClaimYear"": ""111"", ""INSURER_Name"": ""英屬百慕達商安達人壽保險股份有限公司台灣分公司""}",json-06161610_20260904.json
英屬百慕達商匯豐人壽保險國際有限公司台灣分公司,,2013-01-01,102,1,2026-09-04,IFRS4,92.46,62.61,,,,,,85.34,,-21.72,,98.91,89.25,69.89,,,,,,,,,,"{""AMOUNT1"": ""92.46"", ""AMOUNT10"": ""-21.72"", ""AMOUNT11"": ""N/A"", ""AMOUNT12"": ""98.91"", ""AMOUNT13"": ""89.25"", ""AMOUNT14"": ""69.89"", ""AMOUNT15"": ""N/A"", ""AMOUNT16"": ""N/A"", ""AMOUNT17"": ""N/A"", ""AMOUNT18"": ""N/A"", ""AMOUNT19"": ""N/A"", ""AMOUNT2"": ""62.61"", ""AMOUNT20"": ""N/A"", ""AMOUNT21"": ""N/A"", ""AMOUNT22"": ""N/A"", ""AMOUNT23"": ""N/A"", ""AMOUNT3"": ""N/A"", ""AMOUNT4"": ""N/A"", ""AMOUNT5"": ""N/A"", ""AMOUNT6"": ""N/A"", ""AMOUNT7"": ""N/A"", ""AMOUNT8"": ""85.34"", ""AMOUNT9"": ""N/A"", ""ClaimQuarter"": ""1"", ""ClaimYear"": ""102"", ""INSURER_Name"": ""英屬百慕達商匯豐人壽保險國際有限公司台灣分公司""}",json-06161610_20260904.json
英屬曼島商蘇黎世國際人壽保險股份有限公司台灣分公司,,2017-10-01,106,4,2026-09-04,IFRS4,70.57,,,,,,50.94,,,-64.35,-140.36,232.04,,,-36.97,-94.89,0.91,0.41,-1331.73,-1331.73,-1331.73,,,"{""AMOUNT1"": ""70.57"", ""AMOUNT10"": ""-64.35"", ""AMOUNT11"": ""-140.36"", ""AMOUNT12"": ""232.04"", ""AMOUNT13"": ""N/A"", ""AMOUNT14"": ""N/A"", ""AMOUNT15"": ""-36.97"", ""AMOUNT16"": ""-94.89"", ""AMOUNT17"": ""0.91"", ""AMOUNT18"": ""0.41"", ""AMOUNT19"": ""-1331.73"", ""AMOUNT2"": ""N/A"", ""AMOUNT20"": ""-1331.73"", ""AMOUNT21"": ""-1331.73"", ""AMOUNT22"": ""N/A"", ""AMOUNT23"": ""N/A"", ""AMOUNT3"": ""N/A"", ""AMOUNT4"": ""N/A"", ""AMOUNT5"": ""N/A"", ""AMOUNT6"": ""N/A"", ""AMOUNT7"": ""50.94"", ""AMOUNT8"": ""N/A"", ""AMOUNT9"": ""N/A"", ""ClaimQuarter"": ""4"", ""ClaimYear"": ""106"", ""INSURER_Name"": ""英屬曼島商蘇黎世國際人壽保險股份有限公司台灣分公司""}",json-06161610_20260904.json
國寶人壽保險股份有限公司,,2015-04-01,104,2,2026-09-04,IFRS4,151.47,151.01,,,,,,39.78,,-6.98,,96.65,83.63,81.39,,,,,,,,,,"{""AMOUNT1"": ""151.47"", ""AMOUNT10"": ""-6.98"", ""AMOUNT11"": ""N/A"", ""AMOUNT12"": ""96.65"", ""AMOUNT13"": ""83.63"", ""AMOUNT14"": ""81.39"", ""AMOUNT15"": ""N/A"", ""AMOUNT16"": ""N/A"", ""AMOUNT17"": ""N/A"", ""AMOUNT18"": ""N/A"", ""AMOUNT19"": ""N/A"", ""AMOUNT2"": ""151.01"", ""AMOUNT20"": ""N/A"", ""AMOUNT21"": ""N/A"", ""AMOUNT22"": ""N/A"", ""AMOUNT23"": ""N/A"", ""AMOUNT3"": ""N/A"", ""AMOUNT4"": ""N/A"", ""AMOUNT5"": ""N/A"", ""AMOUNT6"": ""N/A"", ""AMOUNT7"": ""N/A"", ""AMOUNT8"": ""39.78"", ""AMOUNT9"": ""N/A"", ""ClaimQuarter"": ""2"", ""ClaimYear"": ""104"", ""INSURER_Name"": ""國寶人壽保險股份有限公司""}",json-06161610_20260904.json
