basis,flows_are_ytd,foreign_investments,obs_month,reporting_channel,retrieved_at,source_doc,source_id,source_note,source_url,total_assets,vintage
disclosed,False,12780827,2017-01-01,ib_indicators,2026-09-04T05:01:16.089517+00:00,保險局 106年1月保險市場重要指標 表17-1 人身保險業資金運用表 (p.22; current column 2017/01),106-01,FSC-basis 國外投資 from the Bureau's monthly key-indicators table; 2025-on figures unaudited per the table's own note.,https://www.ib.gov.tw/uploaddowndoc?file=statistics/201801102039450.pdf&filedisplay=201701指標.pdf&flag=doc,22233289,2018-01-10
disclosed,False,13050724,2017-03-01,ib_indicators,2026-09-04T05:01:16.089517+00:00,保險局 106年3月保險市場重要指標 表17-1 人身保險業資金運用表 (p.22; current column 2017/03),106-03,FSC-basis 國外投資 from the Bureau's monthly key-indicators table; 2025-on figures unaudited per the table's own note.,https://www.ib.gov.tw/uploaddowndoc?file=statistics/201801102041470.pdf&filedisplay=201703指標.pdf&flag=doc,22558732,2018-01-10
disclosed,False,13118308,2017-04-01,ib_indicators,2026-09-04T05:01:16.089517+00:00,保險局 106年4月保險市場重要指標 表17-1 人身保險業資金運用表 (p.22; current column 2017/04),106-04,FSC-basis 國外投資 from the Bureau's monthly key-indicators table; 2025-on figures unaudited per the table's own note.,https://www.ib.gov.tw/uploaddowndoc?file=statistics/201801102042530.pdf&filedisplay=201704指標.pdf&flag=doc,22689910,2018-01-10
disclosed,False,13175855,2017-05-01,ib_indicators,2026-09-04T05:01:16.089517+00:00,保險局 106年5月保險市場重要指標 表17-1 人身保險業資金運用表 (p.22; current column 2017/05),106-05,FSC-basis 國外投資 from the Bureau's monthly key-indicators table; 2025-on figures unaudited per the table's own note.,https://www.ib.gov.tw/uploaddowndoc?file=statistics/201801102044250.pdf&filedisplay=201705指標.pdf&flag=doc,22912721,2018-01-10
disclosed,False,13331433,2017-06-01,ib_indicators,2026-09-04T05:01:16.089517+00:00,保險局 106年6月保險市場重要指標 表17-1 人身保險業資金運用表 (p.22; current column 2017/06),106-06,FSC-basis 國外投資 from the Bureau's monthly key-indicators table; 2025-on figures unaudited per the table's own note.,https://www.ib.gov.tw/uploaddowndoc?file=statistics/201801102045230.pdf&filedisplay=201706指標.pdf&flag=doc,23324039,2018-01-10
disclosed,False,13610677,2017-07-01,ib_indicators,2026-09-04T05:01:16.089517+00:00,保險局 106年7月保險市場重要指標 表17-1 人身保險業資金運用表 (p.22; current column 2017/07),106-07,FSC-basis 國外投資 from the Bureau's monthly key-indicators table; 2025-on figures unaudited per the table's own note.,https://www.ib.gov.tw/uploaddowndoc?file=statistics/201801102046180.pdf&filedisplay=201707指標.pdf&flag=doc,23578294,2018-01-10
disclosed,False,13771617,2017-08-01,ib_indicators,2026-09-04T05:01:16.089517+00:00,保險局 106年8月保險市場重要指標 表17-1 人身保險業資金運用表 (p.22; current column 2017/08),106-08,FSC-basis 國外投資 from the Bureau's monthly key-indicators table; 2025-on figures unaudited per the table's own note.,https://www.ib.gov.tw/uploaddowndoc?file=statistics/201801102047180.pdf&filedisplay=201708指標.pdf&flag=doc,23765836,2018-01-10
disclosed,False,14001973,2017-09-01,ib_indicators,2026-09-04T05:01:16.089517+00:00,保險局 106年9月保險市場重要指標 表17-1 人身保險業資金運用表 (p.22; current column 2017/09),106-09,FSC-basis 國外投資 from the Bureau's monthly key-indicators table; 2025-on figures unaudited per the table's own note.,https://www.ib.gov.tw/uploaddowndoc?file=statistics/201801102048120.pdf&filedisplay=201709指標.pdf&flag=doc,23994893,2018-01-10
disclosed,False,14176755,2017-10-01,ib_indicators,2026-09-04T05:01:16.089517+00:00,保險局 106年10月保險市場重要指標 表17-1 人身保險業資金運用表 (p.22; current column 2017/10),106-10,FSC-basis 國外投資 from the Bureau's monthly key-indicators table; 2025-on figures unaudited per the table's own note.,https://www.ib.gov.tw/uploaddowndoc?file=statistics/201801102049040.pdf&filedisplay=201710指標.pdf&flag=doc,24105273,2018-01-10
disclosed,False,14311568,2017-11-01,ib_indicators,2026-09-04T05:01:16.089517+00:00,保險局 106年11月保險市場重要指標 表17-1 人身保險業資金運用表 (p.22; current column 2017/11),106-11,FSC-basis 國外投資 from the Bureau's monthly key-indicators table; 2025-on figures unaudited per the table's own note.,https://www.ib.gov.tw/uploaddowndoc?file=statistics/201802061923160.pdf&filedisplay=201711指標.pdf&flag=doc,24231342,2018-02-06
disclosed,False,14406120,2017-12-01,ib_indicators,2026-09-04T05:01:16.089517+00:00,保險局 106年12月保險市場重要指標 表17-1 人身保險業資金運用表 (p.22; current column year-end),106-12,FSC-basis 國外投資 from the Bureau's monthly key-indicators table; 2025-on figures unaudited per the table's own note.,https://www.ib.gov.tw/uploaddowndoc?file=statistics/201808301059390.pdf&filedisplay=201712指標(調整).pdf&flag=doc,24465010,2018-08-30
disclosed,False,14682289,2018-01-01,ib_indicators,2026-09-04T05:01:16.089517+00:00,保險局 107年1月保險市場重要指標 表17-1 人身保險業資金運用表 (p.22; current column 2018/01),107-01,FSC-basis 國外投資 from the Bureau's monthly key-indicators table; 2025-on figures unaudited per the table's own note.,https://www.ib.gov.tw/uploaddowndoc?file=statistics/201808301100070.pdf&filedisplay=201801指標(調整).pdf&flag=doc,25045014,2018-08-30
disclosed,False,14751360,2018-02-01,ib_indicators,2026-09-04T05:01:16.089517+00:00,保險局 107年2月保險市場重要指標 表17-1 人身保險業資金運用表 (p.22; current column 2018/02),107-02,FSC-basis 國外投資 from the Bureau's monthly key-indicators table; 2025-on figures unaudited per the table's own note.,https://www.ib.gov.tw/uploaddowndoc?file=statistics/201808301100370.pdf&filedisplay=201802指標(調整).pdf&flag=doc,24877706,2018-08-30
disclosed,False,14898157,2018-03-01,ib_indicators,2026-09-04T05:01:16.089517+00:00,保險局 107年3月保險市場重要指標 表17-1 人身保險業資金運用表 (p.22; current column 2018/03),107-03,FSC-basis 國外投資 from the Bureau's monthly key-indicators table; 2025-on figures unaudited per the table's own note.,https://www.ib.gov.tw/uploaddowndoc?file=statistics/201808301101160.pdf&filedisplay=201803指標(調整).pdf&flag=doc,25008407,2018-08-30
disclosed,False,15198241,2018-04-01,ib_indicators,2026-09-04T05:01:16.089517+00:00,保險局 107年4月保險市場重要指標 表17-1 人身保險業資金運用表 (p.22; current column 2018/04),107-04,FSC-basis 國外投資 from the Bureau's monthly key-indicators table; 2025-on figures unaudited per the table's own note.,https://www.ib.gov.tw/uploaddowndoc?file=statistics/201807131028240.pdf&filedisplay=201804指標.pdf&flag=doc,25247162,2018-07-13
disclosed,False,15468011,2018-05-01,ib_indicators,2026-09-04T05:01:16.089517+00:00,保險局 107年5月保險市場重要指標 表17-1 人身保險業資金運用表 (p.22; current column 2018/05),107-05,FSC-basis 國外投資 from the Bureau's monthly key-indicators table; 2025-on figures unaudited per the table's own note.,https://www.ib.gov.tw/uploaddowndoc?file=statistics/201808301102180.pdf&filedisplay=201805指標.pdf&flag=doc,25530614,2018-08-30
disclosed,False,15644415,2018-06-01,ib_indicators,2026-09-04T05:01:16.089517+00:00,保險局 107年6月保險市場重要指標 表17-1 人身保險業資金運用表 (p.22; current column 2018/06),107-06,FSC-basis 國外投資 from the Bureau's monthly key-indicators table; 2025-on figures unaudited per the table's own note.,https://www.ib.gov.tw/uploaddowndoc?file=statistics/201808301103080.pdf&filedisplay=201806指標.pdf&flag=doc,25889707,2018-08-30
disclosed,False,15805614,2018-07-01,ib_indicators,2026-09-04T05:01:16.089517+00:00,保險局 107年7月保險市場重要指標 表17-1 人身保險業資金運用表 (p.22; current column 2018/07),107-07,FSC-basis 國外投資 from the Bureau's monthly key-indicators table; 2025-on figures unaudited per the table's own note.,https://www.ib.gov.tw/uploaddowndoc?file=statistics/201810050914120.pdf&filedisplay=201807指標.pdf&flag=doc,26150108,2018-10-05
disclosed,False,15970684,2018-08-01,ib_indicators,2026-09-04T05:01:16.089517+00:00,保險局 107年8月保險市場重要指標 表17-1 人身保險業資金運用表 (p.22; current column 2018/08),107-08,FSC-basis 國外投資 from the Bureau's monthly key-indicators table; 2025-on figures unaudited per the table's own note.,https://www.ib.gov.tw/uploaddowndoc?file=statistics/201811061139580.pdf&filedisplay=201808指標.pdf&flag=doc,26306862,2018-11-06
disclosed,False,16057948,2018-09-01,ib_indicators,2026-09-04T05:01:16.089517+00:00,保險局 107年9月保險市場重要指標 表17-1 人身保險業資金運用表 (p.22; current column 2018/09),107-09,FSC-basis 國外投資 from the Bureau's monthly key-indicators table; 2025-on figures unaudited per the table's own note.,https://www.ib.gov.tw/uploaddowndoc?file=statistics/201811301053030.pdf&filedisplay=201809.pdf&flag=doc,26259193,2018-11-30
disclosed,False,16175140,2018-10-01,ib_indicators,2026-09-04T05:01:16.089517+00:00,保險局 107年10月保險市場重要指標 表17-1 人身保險業資金運用表 (p.22; current column 2018/10),107-10,FSC-basis 國外投資 from the Bureau's monthly key-indicators table; 2025-on figures unaudited per the table's own note.,https://www.ib.gov.tw/uploaddowndoc?file=statistics/201901301228320.pdf&filedisplay=201810指標.pdf&flag=doc,26183072,2019-01-30
disclosed,False,16276461,2018-11-01,ib_indicators,2026-09-04T05:01:16.089517+00:00,保險局 107年11月保險市場重要指標 表17-1 人身保險業資金運用表 (p.22; current column 2018/11),107-11,FSC-basis 國外投資 from the Bureau's monthly key-indicators table; 2025-on figures unaudited per the table's own note.,https://www.ib.gov.tw/uploaddowndoc?file=statistics/201901301230580.pdf&filedisplay=201811指標.pdf&flag=doc,26340215,2019-01-30
disclosed,False,16307423,2018-12-01,ib_indicators,2026-09-04T05:01:16.089517+00:00,保險局 107年12月保險市場重要指標 表17-1 人身保險業資金運用表 (p.22; current column year-end),107-12,FSC-basis 國外投資 from the Bureau's monthly key-indicators table; 2025-on figures unaudited per the table's own note.,https://www.ib.gov.tw/uploaddowndoc?file=statistics/201903191804100.pdf&filedisplay=201812指標.pdf&flag=doc,26319820,2019-03-19
disclosed,False,16669719,2019-01-01,ib_indicators,2026-09-04T05:01:16.089517+00:00,保險局 108年1月保險市場重要指標 表17-1 人身保險業資金運用表 (p.22; current column 2019/01),108-01,FSC-basis 國外投資 from the Bureau's monthly key-indicators table; 2025-on figures unaudited per the table's own note.,https://www.ib.gov.tw/uploaddowndoc?file=statistics/201904231203340.pdf&filedisplay=108年1月保險市場重要指標.pdf&flag=doc,26942228,2019-04-23
disclosed,False,16794070,2019-02-01,ib_indicators,2026-09-04T05:01:16.089517+00:00,保險局 108年2月保險市場重要指標 表17-1 人身保險業資金運用表 (p.22; current column 2019/02),108-02,FSC-basis 國外投資 from the Bureau's monthly key-indicators table; 2025-on figures unaudited per the table's own note.,https://www.ib.gov.tw/uploaddowndoc?file=statistics/201904291439180.pdf&filedisplay=108年2月保險市場重要指標.pdf&flag=doc,27223097,2019-04-29
disclosed,False,16948340,2019-03-01,ib_indicators,2026-09-04T05:01:16.089517+00:00,保險局 108年3月保險市場重要指標 表17-1 人身保險業資金運用表 (p.22; current column 2019/03),108-03,FSC-basis 國外投資 from the Bureau's monthly key-indicators table; 2025-on figures unaudited per the table's own note.,https://www.ib.gov.tw/uploaddowndoc?file=statistics/201906051143020.pdf&filedisplay=108年3月保險市場重要指標.pdf&flag=doc,27518868,2019-06-05
disclosed,False,17083370,2019-04-01,ib_indicators,2026-09-04T05:01:16.089517+00:00,保險局 108年4月保險市場重要指標 表17-1 人身保險業資金運用表 (p.22; current column 2019/04),108-04,FSC-basis 國外投資 from the Bureau's monthly key-indicators table; 2025-on figures unaudited per the table's own note.,https://www.ib.gov.tw/uploaddowndoc?file=statistics/201907081705390.pdf&filedisplay=108年4月保險市場重要指標.pdf&flag=doc,27837118,2019-07-08
disclosed,False,17396196,2019-05-01,ib_indicators,2026-09-04T05:01:16.089517+00:00,保險局 108年5月保險市場重要指標 表17-1 人身保險業資金運用表 (p.22; current column 2019/05),108-05,FSC-basis 國外投資 from the Bureau's monthly key-indicators table; 2025-on figures unaudited per the table's own note.,https://www.ib.gov.tw/uploaddowndoc?file=statistics/201908021812070.pdf&filedisplay=108年5月保險市場重要指標.pdf&flag=doc,28251297,2019-08-02
disclosed,False,17385618,2019-06-01,ib_indicators,2026-09-04T05:01:16.089517+00:00,保險局 108年6月保險市場重要指標 表17-1 人身保險業資金運用表 (p.22; current column 2019/06),108-06,FSC-basis 國外投資 from the Bureau's monthly key-indicators table; 2025-on figures unaudited per the table's own note.,https://www.ib.gov.tw/uploaddowndoc?file=statistics/202001201724360.pdf&filedisplay=201906指標0803_含公式加頁_正式_FINAL值.pdf&flag=doc,28309173,2020-01-20
disclosed,False,17452321,2019-07-01,ib_indicators,2026-09-04T05:01:16.089517+00:00,保險局 108年7月保險市場重要指標 表17-1 人身保險業資金運用表 (p.22; current column 2019/07),108-07,FSC-basis 國外投資 from the Bureau's monthly key-indicators table; 2025-on figures unaudited per the table's own note.,https://www.ib.gov.tw/uploaddowndoc?file=statistics/202001201725450.pdf&filedisplay=201907指標0903_含公式加頁_正式_final值New.pdf&flag=doc,28540099,2020-01-20
disclosed,False,17725555,2019-08-01,ib_indicators,2026-09-04T05:01:16.089517+00:00,保險局 108年8月保險市場重要指標 表17-1 人身保險業資金運用表 (p.22; current column 2019/08),108-08,FSC-basis 國外投資 from the Bureau's monthly key-indicators table; 2025-on figures unaudited per the table's own note.,https://www.ib.gov.tw/uploaddowndoc?file=statistics/202001201726390.pdf&filedisplay=201908指標1029_含公式加頁_正式_final值.pdf&flag=doc,28964704,2020-01-20
disclosed,False,17717809,2019-09-01,ib_indicators,2026-09-04T05:01:16.089517+00:00,保險局 108年9月保險市場重要指標 表17-1 人身保險業資金運用表 (p.22; current column 2019/09),108-09,FSC-basis 國外投資 from the Bureau's monthly key-indicators table; 2025-on figures unaudited per the table's own note.,https://www.ib.gov.tw/uploaddowndoc?file=statistics/202001201727390.pdf&filedisplay=201909指標1105_含公式加頁_正式_final值.pdf&flag=doc,28916435,2020-01-20
disclosed,False,17553228,2019-10-01,ib_indicators,2026-09-04T05:01:16.089517+00:00,保險局 108年10月保險市場重要指標 表17-1 人身保險業資金運用表 (p.22; current column 2019/10),108-10,FSC-basis 國外投資 from the Bureau's monthly key-indicators table; 2025-on figures unaudited per the table's own note.,https://www.ib.gov.tw/uploaddowndoc?file=statistics/202002031821040.pdf&filedisplay=201910指標1205_含公式加頁_正式_final值.pdf&flag=doc,28966790,2020-02-03
disclosed,False,17596572,2019-11-01,ib_indicators,2026-09-04T05:01:16.089517+00:00,保險局 108年11月保險市場重要指標 表17-1 人身保險業資金運用表 (p.22; current column 2019/11),108-11,FSC-basis 國外投資 from the Bureau's monthly key-indicators table; 2025-on figures unaudited per the table's own note.,https://www.ib.gov.tw/uploaddowndoc?file=statistics/202002031822070.pdf&filedisplay=201911指標0103_含公式加頁_正式_final值.pdf&flag=doc,29186315,2020-02-03
disclosed,False,17599714,2019-12-01,ib_indicators,2026-09-04T05:01:16.089517+00:00,保險局 108年12月保險市場重要指標 表17-1 人身保險業資金運用表 (p.22; current column year-end),108-12,FSC-basis 國外投資 from the Bureau's monthly key-indicators table; 2025-on figures unaudited per the table's own note.,https://www.ib.gov.tw/uploaddowndoc?file=statistics/202003130933350.pdf&filedisplay=201912指標0203_含公式加頁_正式_final值.pdf&flag=doc,29393551,2020-03-13
disclosed,False,17740143,2020-01-01,ib_indicators,2026-09-04T05:01:16.089517+00:00,保險局 109年1月保險市場重要指標 表17-1 人身保險業資金運用表 (p.22; current column 2020/01),109-01,FSC-basis 國外投資 from the Bureau's monthly key-indicators table; 2025-on figures unaudited per the table's own note.,https://www.ib.gov.tw/uploaddowndoc?file=statistics/202003301316550.pdf&filedisplay=202001指標0305_含公式加頁_正式_final值.pdf&flag=doc,29759622,2020-03-30
disclosed,False,17837281,2020-02-01,ib_indicators,2026-09-04T05:01:16.089517+00:00,保險局 109年2月保險市場重要指標 表17-1 人身保險業資金運用表 (p.22; current column 2020/02),109-02,FSC-basis 國外投資 from the Bureau's monthly key-indicators table; 2025-on figures unaudited per the table's own note.,https://www.ib.gov.tw/uploaddowndoc?file=statistics/202004281012320.pdf&filedisplay=202002指標0401_含公式加頁_正式_final值.pdf&flag=doc,29849891,2020-04-28
disclosed,False,17581555,2020-03-01,ib_indicators,2026-09-04T05:01:16.089517+00:00,保險局 109年3月保險市場重要指標 表17-1 人身保險業資金運用表 (p.22; current column 2020/03),109-03,FSC-basis 國外投資 from the Bureau's monthly key-indicators table; 2025-on figures unaudited per the table's own note.,https://www.ib.gov.tw/uploaddowndoc?file=statistics/202005281157180.pdf&filedisplay=202003指標0507_含公式加頁_正式_final值.pdf&flag=doc,29027468,2020-05-28
disclosed,False,17717456,2020-04-01,ib_indicators,2026-09-04T05:01:16.089517+00:00,保險局 109年4月保險市場重要指標 表17-1 人身保險業資金運用表 (p.22; current column 2020/04),109-04,FSC-basis 國外投資 from the Bureau's monthly key-indicators table; 2025-on figures unaudited per the table's own note.,https://www.ib.gov.tw/uploaddowndoc?file=statistics/202009041342030.pdf&filedisplay=109年4月保險市場重要指標.pdf&flag=doc,29488927,2020-09-04
disclosed,False,18012442,2020-05-01,ib_indicators,2026-09-04T05:01:16.089517+00:00,保險局 109年5月保險市場重要指標 表17-1 人身保險業資金運用表 (p.22; current column 2020/05),109-05,FSC-basis 國外投資 from the Bureau's monthly key-indicators table; 2025-on figures unaudited per the table's own note.,https://www.ib.gov.tw/uploaddowndoc?file=statistics/202009041345280.pdf&filedisplay=109年5月保險市場重要指標.pdf&flag=doc,29901070,2020-09-04
disclosed,False,18145080,2020-06-01,ib_indicators,2026-09-04T05:01:16.089517+00:00,保險局 109年6月保險市場重要指標 表17-1 人身保險業資金運用表 (p.22; current column 2020/06),109-06,FSC-basis 國外投資 from the Bureau's monthly key-indicators table; 2025-on figures unaudited per the table's own note.,https://www.ib.gov.tw/uploaddowndoc?file=statistics/202009281358180.pdf&filedisplay=109年6月保險市場重要指標.pdf&flag=doc,30239271,2020-09-28
disclosed,False,18423140,2020-07-01,ib_indicators,2026-09-04T05:01:16.089517+00:00,保險局 109年7月保險市場重要指標 表17-1 人身保險業資金運用表 (p.22; current column 2020/07),109-07,FSC-basis 國外投資 from the Bureau's monthly key-indicators table; 2025-on figures unaudited per the table's own note.,https://www.ib.gov.tw/uploaddowndoc?file=statistics/202010301134490.pdf&filedisplay=109年7月保險市場重要指標.pdf&flag=doc,30878361,2020-10-30
disclosed,False,18476330,2020-08-01,ib_indicators,2026-09-04T05:01:16.089517+00:00,保險局 109年8月保險市場重要指標 表17-1 人身保險業資金運用表 (p.22; current column 2020/08),109-08,FSC-basis 國外投資 from the Bureau's monthly key-indicators table; 2025-on figures unaudited per the table's own note.,https://www.ib.gov.tw/uploaddowndoc?file=statistics/202011021005510.pdf&filedisplay=109年8月保險市場重要指標.pdf&flag=doc,30981603,2020-11-02
disclosed,False,18250807,2020-09-01,ib_indicators,2026-09-04T05:01:16.089517+00:00,保險局 109年9月保險市場重要指標 表17-1 人身保險業資金運用表 (p.22; current column 2020/09),109-09,FSC-basis 國外投資 from the Bureau's monthly key-indicators table; 2025-on figures unaudited per the table's own note.,https://www.ib.gov.tw/uploaddowndoc?file=statistics/202012161822590.pdf&filedisplay=109年9月保險市場重要指標.pdf&flag=doc,30827773,2020-12-16
disclosed,False,18174899,2020-10-01,ib_indicators,2026-09-04T05:01:16.089517+00:00,保險局 109年10月保險市場重要指標 表17-1 人身保險業資金運用表 (p.22; current column 2020/10),109-10,FSC-basis 國外投資 from the Bureau's monthly key-indicators table; 2025-on figures unaudited per the table's own note.,https://www.ib.gov.tw/uploaddowndoc?file=statistics/202101072008590.pdf&filedisplay=109年10月保險市場重要指標.pdf&flag=doc,30856546,2021-01-07
disclosed,False,18553098,2020-11-01,ib_indicators,2026-09-04T05:01:16.089517+00:00,保險局 109年11月保險市場重要指標 表17-1 人身保險業資金運用表 (p.22; current column 2020/11),109-11,FSC-basis 國外投資 from the Bureau's monthly key-indicators table; 2025-on figures unaudited per the table's own note.,https://www.ib.gov.tw/uploaddowndoc?file=statistics/202102041439230.pdf&filedisplay=109年11月保險市場重要指標.pdf&flag=doc,31552322,2021-02-04
disclosed,False,18550984,2020-12-01,ib_indicators,2026-09-04T05:01:16.089517+00:00,保險局 109年12月保險市場重要指標 表17-1 人身保險業資金運用表 (p.22; current column year-end),109-12,FSC-basis 國外投資 from the Bureau's monthly key-indicators table; 2025-on figures unaudited per the table's own note.,https://www.ib.gov.tw/uploaddowndoc?file=statistics/202103261615460.pdf&filedisplay=109年12月保險市場重要指標.pdf&flag=doc,31754875,2021-03-26
disclosed,False,18618866,2021-01-01,ib_indicators,2026-09-04T05:01:16.089517+00:00,保險局 110年1月保險市場重要指標 表17-1 人身保險業資金運用表 (p.22; current column 2021/01),110-01,FSC-basis 國外投資 from the Bureau's monthly key-indicators table; 2025-on figures unaudited per the table's own note.,https://www.ib.gov.tw/uploaddowndoc?file=statistics/202104201717460.pdf&filedisplay=110年1月保險市場重要指標.pdf.pdf&flag=doc,31890348,2021-04-20
disclosed,False,18537211,2021-02-01,ib_indicators,2026-09-04T05:01:16.089517+00:00,保險局 110年2月保險市場重要指標 表17-1 人身保險業資金運用表 (p.22; current column 2021/02),110-02,FSC-basis 國外投資 from the Bureau's monthly key-indicators table; 2025-on figures unaudited per the table's own note.,https://www.ib.gov.tw/uploaddowndoc?file=statistics/202104291720060.pdf&filedisplay=110年2月保險市場重要指標.pdf&flag=doc,31892909,2021-04-29
disclosed,False,18675390,2021-03-01,ib_indicators,2026-09-04T05:01:16.089517+00:00,保險局 110年3月保險市場重要指標 表17-1 人身保險業資金運用表 (p.22; current column 2021/03),110-03,FSC-basis 國外投資 from the Bureau's monthly key-indicators table; 2025-on figures unaudited per the table's own note.,https://www.ib.gov.tw/uploaddowndoc?file=statistics/202108311731350.pdf&filedisplay=202103指標0514_含公式加頁_正式_final值.pdf&flag=doc,32163123,2021-08-31
disclosed,False,18646929,2021-04-01,ib_indicators,2026-09-04T05:01:16.089517+00:00,保險局 110年4月保險市場重要指標 表17-1 人身保險業資金運用表 (p.22; current column 2021/04),110-04,FSC-basis 國外投資 from the Bureau's monthly key-indicators table; 2025-on figures unaudited per the table's own note.,https://www.ib.gov.tw/uploaddowndoc?file=statistics/202108311732110.pdf&filedisplay=202104指標0611_含公式加頁_正式_final值.pdf&flag=doc,32295295,2021-08-31
disclosed,False,18836098,2021-05-01,ib_indicators,2026-09-04T05:01:16.089517+00:00,保險局 110年5月保險市場重要指標 表17-1 人身保險業資金運用表 (p.22; current column 2021/05),110-05,FSC-basis 國外投資 from the Bureau's monthly key-indicators table; 2025-on figures unaudited per the table's own note.,https://www.ib.gov.tw/uploaddowndoc?file=statistics/202108311732530.pdf&filedisplay=202105指標0708_含公式加頁_正式_final值.pdf&flag=doc,32271314,2021-08-31
disclosed,False,19095348,2021-06-01,ib_indicators,2026-09-04T05:01:16.089517+00:00,保險局 110年6月保險市場重要指標 表17-1 人身保險業資金運用表 (p.22; current column 2021/06),110-06,FSC-basis 國外投資 from the Bureau's monthly key-indicators table; 2025-on figures unaudited per the table's own note.,https://www.ib.gov.tw/uploaddowndoc?file=statistics/202109031118040.pdf&filedisplay=202106指標0811_含公式加頁_正式_final值.pdf&flag=doc,32630932,2021-09-03
disclosed,False,19255660,2021-07-01,ib_indicators,2026-09-04T05:01:16.089517+00:00,保險局 110年7月保險市場重要指標 表17-1 人身保險業資金運用表 (p.22; current column 2021/07),110-07,FSC-basis 國外投資 from the Bureau's monthly key-indicators table; 2025-on figures unaudited per the table's own note.,https://www.ib.gov.tw/uploaddowndoc?file=statistics/202109271441000.pdf&filedisplay=202107指標0917_含公式加頁_正式_final值.pdf&flag=doc,32801691,2021-09-27
disclosed,False,19275763,2021-08-01,ib_indicators,2026-09-04T05:01:16.089517+00:00,保險局 110年8月保險市場重要指標 表17-1 人身保險業資金運用表 (p.22; current column 2021/08),110-08,FSC-basis 國外投資 from the Bureau's monthly key-indicators table; 2025-on figures unaudited per the table's own note.,https://www.ib.gov.tw/uploaddowndoc?file=statistics/202201071623410.pdf&filedisplay=202108指標1007_含公式加頁_正式_final值.pdf&flag=doc,32869104,2022-01-07
disclosed,False,19393260,2021-09-01,ib_indicators,2026-09-04T05:01:16.089517+00:00,保險局 110年9月保險市場重要指標 表17-1 人身保險業資金運用表 (p.22; current column 2021/09),110-09,FSC-basis 國外投資 from the Bureau's monthly key-indicators table; 2025-on figures unaudited per the table's own note.,https://www.ib.gov.tw/uploaddowndoc?file=statistics/202201071637020.pdf&filedisplay=202109指標1111_含公式加頁_正式_final值.pdf&flag=doc,32822704,2022-01-07
disclosed,False,19651621,2021-10-01,ib_indicators,2026-09-04T05:01:16.089517+00:00,保險局 110年10月保險市場重要指標 表17-1 人身保險業資金運用表 (p.22; current column 2021/10),110-10,FSC-basis 國外投資 from the Bureau's monthly key-indicators table; 2025-on figures unaudited per the table's own note.,https://www.ib.gov.tw/uploaddowndoc?file=statistics/202201071638530.pdf&filedisplay=202110指標1208_含公式加頁_正式_final值.pdf&flag=doc,32999844,2022-01-07
disclosed,False,19719838,2021-11-01,ib_indicators,2026-09-04T05:01:16.089517+00:00,保險局 110年11月保險市場重要指標 表17-1 人身保險業資金運用表 (p.22; current column 2021/11),110-11,FSC-basis 國外投資 from the Bureau's monthly key-indicators table; 2025-on figures unaudited per the table's own note.,https://www.ib.gov.tw/uploaddowndoc?file=statistics/202201191620080.pdf&filedisplay=202111指標0111_含公式加頁_正式_final值.pdf&flag=doc,33135950,2022-01-19
disclosed,False,19876294,2021-12-01,ib_indicators,2026-09-04T05:01:16.089517+00:00,保險局 110年12月保險市場重要指標 表17-1 人身保險業資金運用表 (p.22; current column year-end),110-12,FSC-basis 國外投資 from the Bureau's monthly key-indicators table; 2025-on figures unaudited per the table's own note.,https://www.ib.gov.tw/uploaddowndoc?file=statistics/202203161307030.pdf&filedisplay=202112指標0209_含公式加頁_正式_final值.pdf&flag=doc,33342137,2022-03-16
disclosed,False,19799228,2022-01-01,ib_indicators,2026-09-04T05:01:16.089517+00:00,保險局 111年1月保險市場重要指標 表17-1 人身保險業資金運用表 (p.22; current column 2022/01),111-01,FSC-basis 國外投資 from the Bureau's monthly key-indicators table; 2025-on figures unaudited per the table's own note.,https://www.ib.gov.tw/uploaddowndoc?file=statistics/202203291105170.pdf&filedisplay=202201指標0315_含公式加頁_正式_final值.pdf&flag=doc,33083842,2022-03-29
disclosed,False,19795932,2022-02-01,ib_indicators,2026-09-04T05:01:16.089517+00:00,保險局 111年2月保險市場重要指標 表17-1 人身保險業資金運用表 (p.22; current column 2022/02),111-02,FSC-basis 國外投資 from the Bureau's monthly key-indicators table; 2025-on figures unaudited per the table's own note.,https://www.ib.gov.tw/uploaddowndoc?file=statistics/202204210955460.pdf&filedisplay=202202指標0408_含公式加頁_正式_final值.pdf&flag=doc,33103198,2022-04-21
disclosed,False,20097152,2022-03-01,ib_indicators,2026-09-04T05:01:16.089517+00:00,保險局 111年3月保險市場重要指標 表17-1 人身保險業資金運用表 (p.22; current column 2022/03),111-03,FSC-basis 國外投資 from the Bureau's monthly key-indicators table; 2025-on figures unaudited per the table's own note.,https://www.ib.gov.tw/uploaddowndoc?file=statistics/202205271626480.pdf&filedisplay=202203指標0503_含公式加頁_正式_final值_更新表24_24-1.pdf&flag=doc,33533941,2022-05-27
disclosed,False,20129645,2022-04-01,ib_indicators,2026-09-04T05:01:16.089517+00:00,保險局 111年4月保險市場重要指標 表17-1 人身保險業資金運用表 (p.22; current column 2022/04),111-04,FSC-basis 國外投資 from the Bureau's monthly key-indicators table; 2025-on figures unaudited per the table's own note.,https://www.ib.gov.tw/uploaddowndoc?file=statistics/202206301026080.pdf&filedisplay=202204指標0630_含公式加頁_正式_final.pdf&flag=doc,33420060,2022-06-30
disclosed,False,20140732,2022-05-01,ib_indicators,2026-09-04T05:01:16.089517+00:00,保險局 111年5月保險市場重要指標 表17-1 人身保險業資金運用表 (p.22; current column 2022/05),111-05,FSC-basis 國外投資 from the Bureau's monthly key-indicators table; 2025-on figures unaudited per the table's own note.,https://www.ib.gov.tw/uploaddowndoc?file=statistics/202208011040360.pdf&filedisplay=202205指標0704_含公式加頁_正式_Final.pdf&flag=doc,33138150,2022-08-01
disclosed,False,20231301,2022-06-01,ib_indicators,2026-09-04T05:01:16.089517+00:00,保險局 111年6月保險市場重要指標 表17-1 人身保險業資金運用表 (p.22; current column 2022/06),111-06,FSC-basis 國外投資 from the Bureau's monthly key-indicators table; 2025-on figures unaudited per the table's own note.,https://www.ib.gov.tw/uploaddowndoc?file=statistics/202208290855270.pdf&filedisplay=202206指標0823_含公式加頁_Final_revised.pdf&flag=doc,32921716,2022-08-29
disclosed,False,20607239,2022-07-01,ib_indicators,2026-09-04T05:01:16.089517+00:00,保險局 111年7月保險市場重要指標 表17-1 人身保險業資金運用表 (p.22; current column 2022/07),111-07,FSC-basis 國外投資 from the Bureau's monthly key-indicators table; 2025-on figures unaudited per the table's own note.,https://www.ib.gov.tw/uploaddowndoc?file=statistics/202210111614050.pdf&filedisplay=202207指標1007_含公式加頁_正式_3rd_Revised.pdf&flag=doc,33389626,2022-10-11
disclosed,False,20661580,2022-08-01,ib_indicators,2026-09-04T05:01:16.089517+00:00,保險局 111年8月保險市場重要指標 表17-1 人身保險業資金運用表 (p.22; current column 2022/08),111-08,FSC-basis 國外投資 from the Bureau's monthly key-indicators table; 2025-on figures unaudited per the table's own note.,https://www.ib.gov.tw/uploaddowndoc?file=statistics/202210261425190.pdf&filedisplay=202208指標1024_含公式加頁_正式_2nd_Upload.pdf&flag=doc,33503178,2022-10-26
disclosed,False,20783630,2022-09-01,ib_indicators,2026-09-04T05:01:16.089517+00:00,保險局 111年9月保險市場重要指標 表17-1 人身保險業資金運用表 (p.22; current column 2022/09),111-09,FSC-basis 國外投資 from the Bureau's monthly key-indicators table; 2025-on figures unaudited per the table's own note.,https://www.ib.gov.tw/uploaddowndoc?file=statistics/202212021136250.pdf&filedisplay=202209指標1115_含公式加頁_正式_2nd_Upload.pdf&flag=doc,33612011,2022-12-02
disclosed,False,21789645,2022-10-01,ib_indicators,2026-09-04T05:01:16.089517+00:00,保險局 111年10月保險市場重要指標 表17-1 人身保險業資金運用表 (p.22; current column 2022/10),111-10,FSC-basis 國外投資 from the Bureau's monthly key-indicators table; 2025-on figures unaudited per the table's own note.,https://www.ib.gov.tw/uploaddowndoc?file=statistics/202212271411280.pdf&filedisplay=111年10月重要指標_2nd_Upload.pdf&flag=doc,34428560,2022-12-27
disclosed,False,21407388,2022-11-01,ib_indicators,2026-09-04T05:01:16.089517+00:00,保險局 111年11月保險市場重要指標 表17-1 人身保險業資金運用表 (p.22; current column 2022/11),111-11,FSC-basis 國外投資 from the Bureau's monthly key-indicators table; 2025-on figures unaudited per the table's own note.,https://www.ib.gov.tw/uploaddowndoc?file=statistics/202302071058440.pdf&filedisplay=111年11月重要指標_3rd_Upload.pdf&flag=doc,33906561,2023-02-07
disclosed,False,21187253,2022-12-01,ib_indicators,2026-09-04T05:01:16.089517+00:00,保險局 111年12月保險市場重要指標 表17-1 人身保險業資金運用表 (p.22; current column year-end),111-12,FSC-basis 國外投資 from the Bureau's monthly key-indicators table; 2025-on figures unaudited per the table's own note.,https://www.ib.gov.tw/uploaddowndoc?file=statistics/202303201103350.pdf&filedisplay=111年12月重要指標_20230314.pdf&flag=doc,33623779,2023-03-20
disclosed,False,21172981,2023-01-01,ib_indicators,2026-09-04T05:01:16.089517+00:00,保險局 112年1月保險市場重要指標 表17-1 人身保險業資金運用表 (p.21; current column 2023/01),112-01,FSC-basis 國外投資 from the Bureau's monthly key-indicators table; 2025-on figures unaudited per the table's own note.,https://www.ib.gov.tw/uploaddowndoc?file=statistics/202303241054490.pdf&filedisplay=112年1月重要指標_20230324_Upload.pdf&flag=doc,33838875,2023-03-24
disclosed,False,21200893,2023-02-01,ib_indicators,2026-09-04T05:01:16.089517+00:00,保險局 112年2月保險市場重要指標 表17-1 人身保險業資金運用表 (p.22; current column 2023/02),112-02,FSC-basis 國外投資 from the Bureau's monthly key-indicators table; 2025-on figures unaudited per the table's own note.,https://www.ib.gov.tw/uploaddowndoc?file=statistics/202304261550480.pdf&filedisplay=112年2月重要指標_Upload.pdf&flag=doc,33854353,2023-04-26
disclosed,False,21294310,2023-03-01,ib_indicators,2026-09-04T05:01:16.089517+00:00,保險局 112年3月保險市場重要指標 表17-1 人身保險業資金運用表 (p.22; current column 2023/03),112-03,FSC-basis 國外投資 from the Bureau's monthly key-indicators table; 2025-on figures unaudited per the table's own note.,https://www.ib.gov.tw/uploaddowndoc?file=statistics/202305291048450.pdf&filedisplay=112年3月重要指標_Upload.pdf&flag=doc,33937001,2023-05-29
disclosed,False,21362690,2023-04-01,ib_indicators,2026-09-04T05:01:16.089517+00:00,保險局 112年4月保險市場重要指標 表17-1 人身保險業資金運用表 (p.22; current column 2023/04),112-04,FSC-basis 國外投資 from the Bureau's monthly key-indicators table; 2025-on figures unaudited per the table's own note.,https://www.ib.gov.tw/uploaddowndoc?file=statistics/202307041655330.pdf&filedisplay=112年4月重要指標_20230625_Value.pdf&flag=doc,34149931,2023-07-04
disclosed,False,21401838,2023-05-01,ib_indicators,2026-09-04T05:01:16.089517+00:00,保險局 112年5月保險市場重要指標 表17-1 人身保險業資金運用表 (p.22; current column 2023/05),112-05,FSC-basis 國外投資 from the Bureau's monthly key-indicators table; 2025-on figures unaudited per the table's own note.,https://www.ib.gov.tw/uploaddowndoc?file=statistics/202307241744060.pdf&filedisplay=112年5月重要指標_20230725_Value.pdf&flag=doc,34175175,2023-07-24
disclosed,False,21659472,2023-06-01,ib_indicators,2026-09-04T05:01:16.089517+00:00,保險局 112年6月保險市場重要指標 表17-1 人身保險業資金運用表 (p.22; current column 2023/06),112-06,FSC-basis 國外投資 from the Bureau's monthly key-indicators table; 2025-on figures unaudited per the table's own note.,https://www.ib.gov.tw/uploaddowndoc?file=statistics/202309131015250.pdf&filedisplay=112年6月重要指標_20230906_Value.pdf&flag=doc,34717772,2023-09-13
disclosed,False,21905772,2023-07-01,ib_indicators,2026-09-04T05:01:16.089517+00:00,保險局 112年7月保險市場重要指標 表17-1 人身保險業資金運用表 (p.22; current column 2023/07),112-07,FSC-basis 國外投資 from the Bureau's monthly key-indicators table; 2025-on figures unaudited per the table's own note.,https://www.ib.gov.tw/uploaddowndoc?file=statistics/202309211144350.pdf&filedisplay=112年7月重要指標_20230918_Value.pdf&flag=doc,35140567,2023-09-21
disclosed,False,22057997,2023-08-01,ib_indicators,2026-09-04T05:01:16.089517+00:00,保險局 112年8月保險市場重要指標 表17-1 人身保險業資金運用表 (p.22; current column 2023/08),112-08,FSC-basis 國外投資 from the Bureau's monthly key-indicators table; 2025-on figures unaudited per the table's own note.,https://www.ib.gov.tw/uploaddowndoc?file=statistics/202310251002010.pdf&filedisplay=112年8月重要指標_20231016_Value.pdf&flag=doc,35204008,2023-10-25
disclosed,False,22122340,2023-09-01,ib_indicators,2026-09-04T05:01:16.089517+00:00,保險局 112年9月保險市場重要指標 表17-1 人身保險業資金運用表 (p.22; current column 2023/09),112-09,FSC-basis 國外投資 from the Bureau's monthly key-indicators table; 2025-on figures unaudited per the table's own note.,https://www.ib.gov.tw/uploaddowndoc?file=statistics/202311231016100.pdf&filedisplay=112年9月重要指標_Revised.pdf&flag=doc,35189721,2023-11-23
disclosed,False,22178229,2023-10-01,ib_indicators,2026-09-04T05:01:16.089517+00:00,保險局 112年10月保險市場重要指標 表17-1 人身保險業資金運用表 (p.22; current column 2023/10),112-10,FSC-basis 國外投資 from the Bureau's monthly key-indicators table; 2025-on figures unaudited per the table's own note.,https://www.ib.gov.tw/uploaddowndoc?file=statistics/202312261610340.pdf&filedisplay=112年10月重要指標_Value.pdf&flag=doc,35080302,2023-12-26
disclosed,False,21908713,2023-11-01,ib_indicators,2026-09-04T05:01:16.089517+00:00,保險局 112年11月保險市場重要指標 表17-1 人身保險業資金運用表 (p.22; current column 2023/11),112-11,FSC-basis 國外投資 from the Bureau's monthly key-indicators table; 2025-on figures unaudited per the table's own note.,https://www.ib.gov.tw/uploaddowndoc?file=statistics/202402011105400.pdf&filedisplay=112年11月重要指標_Value.pdf&flag=doc,34865637,2024-02-01
disclosed,False,21857675,2023-12-01,ib_indicators,2026-09-04T05:01:16.089517+00:00,保險局 112年12月保險市場重要指標 表17-1 人身保險業資金運用表 (p.22; current column 2023/12),112-12,FSC-basis 國外投資 from the Bureau's monthly key-indicators table; 2025-on figures unaudited per the table's own note.,https://www.ib.gov.tw/uploaddowndoc?file=statistics/202403201441350.pdf&filedisplay=112年12月重要指標.pdf&flag=doc,34903250,2024-03-20
disclosed,False,22148007,2024-02-01,ib_indicators,2026-09-04T05:01:16.089517+00:00,保險局 113年2月保險市場重要指標 表17-1 人身保險業資金運用表 (p.22; current column 2024/02),113-02,FSC-basis 國外投資 from the Bureau's monthly key-indicators table; 2025-on figures unaudited per the table's own note.,https://www.ib.gov.tw/uploaddowndoc?file=statistics/202404290859170.pdf&filedisplay=113年2月重要指標_Value.pdf&flag=doc,35470325,2024-04-29
disclosed,False,22380340,2024-03-01,ib_indicators,2026-09-04T05:01:16.089517+00:00,保險局 113年3月保險市場重要指標 表17-1 人身保險業資金運用表 (p.22; current column 2024/03),113-03,FSC-basis 國外投資 from the Bureau's monthly key-indicators table; 2025-on figures unaudited per the table's own note.,https://www.ib.gov.tw/uploaddowndoc?file=statistics/202405271405120.pdf&filedisplay=113年3月重要指標_Value.pdf&flag=doc,35945664,2024-05-27
disclosed,False,22623534,2024-04-01,ib_indicators,2026-09-04T05:01:16.089517+00:00,保險局 113年4月保險市場重要指標 表17-1 人身保險業資金運用表 (p.22; current column 2024/04),113-04,FSC-basis 國外投資 from the Bureau's monthly key-indicators table; 2025-on figures unaudited per the table's own note.,https://www.ib.gov.tw/uploaddowndoc?file=statistics/202406281423410.pdf&filedisplay=113年4月重要指標_Value.pdf&flag=doc,36167532,2024-06-28
disclosed,False,22716676,2024-05-01,ib_indicators,2026-09-04T05:01:16.089517+00:00,保險局 113年5月保險市場重要指標 表17-1 人身保險業資金運用表 (p.22; current column 2024/05),113-05,FSC-basis 國外投資 from the Bureau's monthly key-indicators table; 2025-on figures unaudited per the table's own note.,https://www.ib.gov.tw/uploaddowndoc?file=statistics/202408071129260.pdf&filedisplay=113年5月重要指標_Value.pdf&flag=doc,36235942,2024-08-07
disclosed,False,22779663,2024-06-01,ib_indicators,2026-09-04T05:01:16.089517+00:00,保險局 113年6月保險市場重要指標 表17-1 人身保險業資金運用表 (p.22; current column 2024/06),113-06,FSC-basis 國外投資 from the Bureau's monthly key-indicators table; 2025-on figures unaudited per the table's own note.,https://www.ib.gov.tw/uploaddowndoc?file=statistics/202409091107190.pdf&filedisplay=113年6月重要指標_Value.pdf&flag=doc,36483646,2024-09-09
disclosed,False,23006512,2024-07-01,ib_indicators,2026-09-04T05:01:16.089517+00:00,保險局 113年7月保險市場重要指標 表17-1 人身保險業資金運用表 (p.22; current column 2024/07),113-07,FSC-basis 國外投資 from the Bureau's monthly key-indicators table; 2025-on figures unaudited per the table's own note.,https://www.ib.gov.tw/uploaddowndoc?file=statistics/202409260849590.pdf&filedisplay=113年7月重要指標_Value.pdf&flag=doc,36780494,2024-09-26
disclosed,False,22740024,2024-08-01,ib_indicators,2026-09-04T05:01:16.089517+00:00,保險局 113年8月保險市場重要指標 表17-1 人身保險業資金運用表 (p.22; current column 2024/08),113-08,FSC-basis 國外投資 from the Bureau's monthly key-indicators table; 2025-on figures unaudited per the table's own note.,https://www.ib.gov.tw/uploaddowndoc?file=statistics/202410251706470.pdf&filedisplay=113年8月重要指標_Value.pdf&flag=doc,36305326,2024-10-25
disclosed,False,22652919,2024-09-01,ib_indicators,2026-09-04T05:01:16.089517+00:00,保險局 113年9月保險市場重要指標 表17-1 人身保險業資金運用表 (p.22; current column 2024/09),113-09,FSC-basis 國外投資 from the Bureau's monthly key-indicators table; 2025-on figures unaudited per the table's own note.,https://www.ib.gov.tw/uploaddowndoc?file=statistics/202412251404180.pdf&filedisplay=113年9月重要指標_Value.pdf&flag=doc,36232832,2024-12-25
disclosed,False,22688705,2024-10-01,ib_indicators,2026-09-04T05:01:16.089517+00:00,保險局 113年10月保險市場重要指標 表17-1 人身保險業資金運用表 (p.22; current column 2024/10),113-10,FSC-basis 國外投資 from the Bureau's monthly key-indicators table; 2025-on figures unaudited per the table's own note.,https://www.ib.gov.tw/uploaddowndoc?file=statistics/202412251405140.pdf&filedisplay=113年10月重要指標_Value.pdf&flag=doc,36322389,2024-12-25
disclosed,False,22993761,2024-11-01,ib_indicators,2026-09-04T05:01:16.089517+00:00,保險局 113年11月保險市場重要指標 表17-1 人身保險業資金運用表 (p.22; current column 2024/11),113-11,FSC-basis 國外投資 from the Bureau's monthly key-indicators table; 2025-on figures unaudited per the table's own note.,https://www.ib.gov.tw/uploaddowndoc?file=statistics/202502061650440.pdf&filedisplay=113年11月重要指標_Value.pdf&flag=doc,36684033,2025-02-06
disclosed,False,23025601,2024-12-01,ib_indicators,2026-09-04T05:01:16.089517+00:00,保險局 113年12月保險市場重要指標 表17-1 人身保險業資金運用表 (p.22; current column year-end),113-12,FSC-basis 國外投資 from the Bureau's monthly key-indicators table; 2025-on figures unaudited per the table's own note.,https://www.ib.gov.tw/uploaddowndoc?file=statistics/202502261138320.pdf&filedisplay=113年12月重要指標_Value.pdf&flag=doc,36900485,2025-02-26
disclosed,False,23088780,2025-01-01,ib_indicators,2026-09-04T05:01:16.089517+00:00,保險局 114年1月保險市場重要指標 表17-1 人身保險業資金運用表 (p.22; current column 2025/01),114-01,FSC-basis 國外投資 from the Bureau's monthly key-indicators table; 2025-on figures unaudited per the table's own note.,https://www.ib.gov.tw/uploaddowndoc?file=statistics/202503251115240.pdf&filedisplay=114年1月重要指標_Value.pdf&flag=doc,36867223,2025-03-25
disclosed,False,23221536,2025-02-01,ib_indicators,2026-09-04T05:01:16.089517+00:00,保險局 114年2月保險市場重要指標 表17-1 人身保險業資金運用表 (p.22; current column 2025/02),114-02,FSC-basis 國外投資 from the Bureau's monthly key-indicators table; 2025-on figures unaudited per the table's own note.,https://www.ib.gov.tw/uploaddowndoc?file=statistics/202504251043270.pdf&filedisplay=114年2月重要指標_Value.pdf&flag=doc,37011386,2025-04-25
disclosed,False,23280722,2025-03-01,ib_indicators,2026-09-04T05:01:16.089517+00:00,保險局 114年3月保險市場重要指標 表17-1 人身保險業資金運用表 (p.22; current column 2025/03),114-03,FSC-basis 國外投資 from the Bureau's monthly key-indicators table; 2025-on figures unaudited per the table's own note.,https://www.ib.gov.tw/uploaddowndoc?file=statistics/202505260858010.pdf&filedisplay=114年3月重要指標_Value.pdf&flag=doc,36954088,2025-05-26
disclosed,False,22656992,2025-04-01,ib_indicators,2026-09-04T05:01:16.089517+00:00,保險局 114年4月保險市場重要指標 表17-1 人身保險業資金運用表 (p.22; current column 2025/04),114-04,FSC-basis 國外投資 from the Bureau's monthly key-indicators table; 2025-on figures unaudited per the table's own note.,https://www.ib.gov.tw/uploaddowndoc?file=statistics/202506241556380.pdf&filedisplay=114年4月重要指標_Value.pdf&flag=doc,36067499,2025-06-24
disclosed,False,21687492,2025-05-01,ib_indicators,2026-09-04T05:01:16.089517+00:00,保險局 114年5月保險市場重要指標 表17-1 人身保險業資金運用表 (p.22; current column 2025/05),114-05,FSC-basis 國外投資 from the Bureau's monthly key-indicators table; 2025-on figures unaudited per the table's own note.,https://www.ib.gov.tw/uploaddowndoc?file=statistics/202507311648230.pdf&filedisplay=114年5月重要指標_Value.pdf&flag=doc,35332560,2025-07-31
disclosed,False,21663827,2025-06-01,ib_indicators,2026-09-04T05:01:16.089517+00:00,保險局 114年6月保險市場重要指標 表17-1 人身保險業資金運用表 (p.22; current column 2025/06),114-06,FSC-basis 國外投資 from the Bureau's monthly key-indicators table; 2025-on figures unaudited per the table's own note.,https://www.ib.gov.tw/uploaddowndoc?file=statistics/202509021019270.pdf&filedisplay=202506_Value.pdf&flag=doc,35643827,2025-09-02
disclosed,False,21591344,2025-07-01,ib_indicators,2026-09-04T05:01:16.089517+00:00,保險局 114年7月保險市場重要指標 表17-1 人身保險業資金運用表 (p.22; current column 2025/07),114-07,FSC-basis 國外投資 from the Bureau's monthly key-indicators table; 2025-on figures unaudited per the table's own note.,https://www.ib.gov.tw/uploaddowndoc?file=statistics/202509301032250.pdf&filedisplay=114年7月重要指標_Value.pdf&flag=doc,35772250,2025-09-30
disclosed,False,22067038,2025-08-01,ib_indicators,2026-09-04T05:01:16.089517+00:00,保險局 114年8月保險市場重要指標 表17-1 人身保險業資金運用表 (p.22; current column 2025/08),114-08,FSC-basis 國外投資 from the Bureau's monthly key-indicators table; 2025-on figures unaudited per the table's own note.,https://www.ib.gov.tw/uploaddowndoc?file=statistics/202510310932420.pdf&filedisplay=114年8月重要指標_Value.pdf&flag=doc,36392855,2025-10-31
disclosed,False,22075370,2025-09-01,ib_indicators,2026-09-04T05:01:16.089517+00:00,保險局 114年9月保險市場重要指標 表17-1 人身保險業資金運用表 (p.22; current column 2025/09),114-09,FSC-basis 國外投資 from the Bureau's monthly key-indicators table; 2025-on figures unaudited per the table's own note.,https://www.ib.gov.tw/uploaddowndoc?file=statistics/202511281513290.pdf&filedisplay=114年9月重要指標_Value.pdf&flag=doc,36606619,2025-11-28
disclosed,False,22307639,2025-10-01,ib_indicators,2026-09-04T05:01:16.089517+00:00,保險局 114年10月保險市場重要指標 表17-1 人身保險業資金運用表 (p.22; current column 2025/10),114-10,FSC-basis 國外投資 from the Bureau's monthly key-indicators table; 2025-on figures unaudited per the table's own note.,https://www.ib.gov.tw/uploaddowndoc?file=statistics/202512231337550.pdf&filedisplay=114年10月重要指標_Value.pdf&flag=doc,37032575,2025-12-23
disclosed,False,22699549,2025-11-01,ib_indicators,2026-09-04T05:01:16.089517+00:00,保險局 114年11月保險市場重要指標 表17-1 人身保險業資金運用表 (p.22; current column 2025/11),114-11,FSC-basis 國外投資 from the Bureau's monthly key-indicators table; 2025-on figures unaudited per the table's own note.,https://www.ib.gov.tw/uploaddowndoc?file=statistics/202601280933300.pdf&filedisplay=114年11月重要指標_Value.pdf&flag=doc,37494888,2026-01-28
disclosed,False,22767215,2025-12-01,ib_indicators,2026-09-04T05:01:16.089517+00:00,保險局 114年12月保險市場重要指標 表17-1 人身保險業資金運用表 (p.20; current column year-end),114-12,FSC-basis 國外投資 from the Bureau's monthly key-indicators table; 2025-on figures unaudited per the table's own note.,https://www.ib.gov.tw/uploaddowndoc?file=statistics/202603261513210.pdf&filedisplay=11412.pdf&flag=doc,37679712,2026-03-26
disclosed,False,21934383,2026-01-01,ib_indicators,2026-09-04T05:01:16.089517+00:00,保險局 115年1月保險市場重要指標 表17-1 人身保險業資金運用表 (p.21; current column 2026/01),115-01,FSC-basis 國外投資 from the Bureau's monthly key-indicators table; 2025-on figures unaudited per the table's own note.,https://www.ib.gov.tw/uploaddowndoc?file=statistics/202607171404420.pdf&filedisplay=11501IFRS17.pdf&flag=doc,37356990,2026-07-17
disclosed,False,22022640,2026-02-01,ib_indicators,2026-09-04T05:01:16.089517+00:00,保險局 115年2月保險市場重要指標 表17-1 人身保險業資金運用表 (p.21; current column 2026/02),115-02,FSC-basis 國外投資 from the Bureau's monthly key-indicators table; 2025-on figures unaudited per the table's own note.,https://www.ib.gov.tw/uploaddowndoc?file=statistics/202607171406240.pdf&filedisplay=11502IFRS17.pdf&flag=doc,37626069,2026-07-17
disclosed,False,22035669,2026-03-01,ib_indicators,2026-09-04T05:01:16.089517+00:00,保險局 115年3月保險市場重要指標 表17-1 人身保險業資金運用表 (p.21; current column 2026/03),115-03,FSC-basis 國外投資 from the Bureau's monthly key-indicators table; 2025-on figures unaudited per the table's own note.,https://www.ib.gov.tw/uploaddowndoc?file=statistics/202607171407470.pdf&filedisplay=11503IFRS17.pdf&flag=doc,37298263,2026-07-17
disclosed,False,22194693,2026-04-01,ib_indicators,2026-09-04T05:01:16.089517+00:00,保險局 115年4月保險市場重要指標 表17-1 人身保險業資金運用表 (p.21; current column 2026/04),115-04,FSC-basis 國外投資 from the Bureau's monthly key-indicators table; 2025-on figures unaudited per the table's own note.,https://www.ib.gov.tw/uploaddowndoc?file=statistics/202607171409110.pdf&filedisplay=11504IFRS17.pdf&flag=doc,38216559,2026-07-17
