obs_month,fx_pl,hedge_instr_pl,swap_cost,fx_reserve_net,foreign_investment,vintage,carry_imputed,informative,h_month,h_month_with_reserve,h_roll,h_roll_r2,h_roll_centre,h_roll_carry_imputed,h_roll_with_reserve,published_h
2018-06-01,160100.0,-159260.0,,-2400.0,15644415.0,2018-07-26,True,False,,,,,,,,
2018-07-01,24700.0,-36460.0,,3400.0,15805614.0,2018-08-28,True,False,,,,,,,,
2018-08-01,35200.0,-29660.0,,-5500.0,15970684.0,2018-09-27,True,False,,,,,,,,
2018-09-01,-64900.0,51140.0,,4400.0,16057948.0,2018-10-25,True,False,,,,,,,,
2018-10-01,135500.0,-121260.0,,-10200.0,16175140.0,2018-11-22,True,False,,,,,,,,
2018-11-01,-35400.0,29940.0,,-600.0,16276461.0,2018-12-27,True,False,,,,,,,,
2018-12-01,-37900.0,26640.0,,-2300.0,16307423.0,2019-01-24,True,False,,,,,,,,
2019-01-01,15400.0,-15960.0,,-5500.0,16669719.0,2019-02-26,True,False,,,,,,,,
2019-02-01,12200.0,-9860.0,,-4300.0,16794070.0,2019-03-26,True,False,,,,,,,,
2019-05-01,239800.0,-191060.0,,-32100.0,17396196.0,2019-06-20,True,True,0.7967,0.9306,,,,,,
2019-06-01,-187300.0,153040.0,,18300.0,17385618.0,2019-07-25,True,False,,,,,,,,
2019-07-01,3900.0,-7660.0,,0.0,17452321.0,2019-08-29,True,False,,,0.8518,0.989,2019-01-01,True,0.9432,
2019-08-01,92900.0,-77960.0,,-10600.0,17725555.0,2019-09-26,True,False,,,0.8225,0.995,2019-02-01,True,0.9306,
2019-09-01,-129200.0,98040.0,,13900.0,17717809.0,2019-10-29,True,False,,,0.8124,0.997,2019-05-01,True,0.9215,
2019-10-01,-201900.0,150640.0,,20800.0,17553228.0,2019-11-28,True,True,0.7461,0.8491,0.7976,0.997,2019-06-01,True,0.905,
2019-11-01,17600.0,-21660.0,,1000.0,17596572.0,2019-12-26,True,False,,,0.7985,0.996,2019-06-01,True,0.9066,
2019-12-01,-143500.0,111400.0,-14700.0,3900.0,17599714.0,2020-01-30,False,False,,,0.7863,0.998,2019-08-01,True,0.8886,
2020-01-01,50100.0,-59900.0,-15200.0,2800.0,17740143.0,2020-02-25,False,False,,,0.7915,0.994,2019-08-01,True,0.8924,
2020-02-01,22100.0,-28300.0,-12600.0,200.0,17837281.0,2020-03-26,False,False,,,0.7935,0.993,2019-08-01,True,0.8954,
2020-03-01,-45000.0,46200.0,-11700.0,-1500.0,17581555.0,2020-04-30,False,False,,,0.7958,0.993,2019-08-01,True,0.8958,
2020-04-01,-153700.0,106400.0,-16500.0,18700.0,17717456.0,2020-05-28,False,False,,,0.784,0.991,2019-09-01,True,0.8863,
2020-05-01,81100.0,-93200.0,-14300.0,2000.0,18012442.0,2020-06-30,False,False,,,0.7946,0.978,2019-10-01,True,0.8801,
2020-06-01,-137700.0,119800.0,-13400.0,1800.0,18145080.0,2020-07-30,False,False,,,0.7992,0.975,2020-01-01,True,0.8719,
2020-07-01,-44700.0,38200.0,-13700.0,-6900.0,18423140.0,2020-08-27,False,False,,,0.7998,0.975,2020-01-01,True,0.8694,
2020-08-01,21900.0,-15500.0,-12000.0,-11000.0,18476330.0,2020-10-06,False,False,,,0.797,0.972,2020-01-01,True,0.8652,
2020-09-01,-157100.0,130600.0,-11200.0,13900.0,18250807.0,2020-10-29,False,False,,,0.8074,0.974,2020-03-01,True,0.8745,
2020-10-01,-79000.0,79500.0,-11700.0,-5900.0,18174899.0,2020-11-26,False,False,,,0.8418,0.97,2020-05-01,True,0.8874,
2020-11-01,-20100.0,11600.0,-12900.0,-2500.0,18553098.0,2020-12-24,False,False,,,0.8397,0.969,2020-05-01,False,0.8849,
2020-12-01,-119700.0,101200.0,-14800.0,-3200.0,18550984.0,2021-01-28,False,False,,,0.8533,0.97,2020-07-01,False,0.892,
2021-01-01,-37600.0,16200.0,-14500.0,8300.0,18618866.0,2021-02-25,False,False,,,0.8389,0.965,2020-07-01,False,0.8825,
2021-02-01,-41700.0,32900.0,-12400.0,1000.0,18537211.0,2021-03-25,False,False,,,0.8359,0.963,2020-08-01,False,0.8795,
2021-03-01,103600.0,-88800.0,-12600.0,-15700.0,18675390.0,2021-05-04,False,False,,,0.8345,0.974,2020-08-01,False,0.8899,
2021-04-01,-221000.0,176900.0,-10300.0,17900.0,18646929.0,2021-05-27,False,True,0.8005,0.8814,0.847,0.985,2020-12-01,False,0.9,
2021-05-01,-112700.0,96300.0,-10800.0,4300.0,18836098.0,2021-06-24,False,False,,,0.8337,0.991,2021-01-01,False,0.889,
2021-06-01,75300.0,-77600.0,-10900.0,-1500.0,19095348.0,2021-07-29,False,False,,,0.837,0.989,2021-02-01,False,0.897,
2021-07-01,35900.0,-38600.0,-10200.0,-1400.0,19255660.0,2021-08-31,False,False,,,0.8391,0.989,2021-02-01,False,0.9022,
2021-08-01,-83200.0,67700.0,-8200.0,4400.0,19275763.0,2021-09-28,False,False,,,0.8383,0.989,2021-02-01,False,0.8993,
2021-09-01,34400.0,-30500.0,-7300.0,-5100.0,19393260.0,2021-10-26,False,False,,,0.8403,0.988,2021-04-01,False,0.8962,
2021-10-01,-5600.0,14300.0,-6800.0,-7200.0,19651621.0,2021-11-25,False,False,,,0.831,0.989,2021-04-01,False,0.8942,
2021-11-01,-17600.0,6100.0,-6200.0,3300.0,19719838.0,2022-01-04,False,False,,,0.8305,0.989,2021-04-01,False,0.8948,
2021-12-01,-47600.0,40200.0,-7000.0,-5800.0,19876294.0,2022-01-25,False,False,,,0.8286,0.987,2021-05-01,False,0.9023,
2022-01-01,54500.0,-39100.0,-8000.0,-10600.0,19799228.0,2022-03-01,False,False,,,0.831,0.991,2021-05-01,False,0.9064,
2022-02-01,93000.0,-58200.0,-6800.0,-20900.0,19795932.0,2022-03-30,False,False,,,0.8143,0.987,2021-06-01,False,0.9032,
2022-03-01,266200.0,-205700.0,-8400.0,-32800.0,20097152.0,2022-04-28,False,True,0.7727,0.8959,0.7932,0.991,2021-10-01,False,0.893,
2022-04-01,350600.0,-271100.0,-8100.0,-42300.0,20129645.0,2022-05-31,False,True,0.7732,0.8939,0.7813,0.992,2022-02-01,False,0.8959,
2022-05-01,-187700.0,143000.0,-8900.0,20300.0,20140732.0,2022-06-30,False,False,,,0.7751,0.994,2022-03-01,False,0.8925,
2022-06-01,281400.0,-213200.0,-10600.0,-36500.0,20231301.0,2022-07-26,False,True,0.7576,0.8873,0.7665,0.997,2022-04-01,False,0.8886,
2022-07-01,94900.0,-82600.0,-11300.0,-8500.0,20607239.0,2022-08-30,False,False,,,0.7681,0.997,2022-04-01,False,0.8896,
2022-08-01,206600.0,-152200.0,-12500.0,-29800.0,20661580.0,2022-09-27,False,True,0.7367,0.8809,0.7637,0.997,2022-05-01,False,0.8891,
2022-09-01,556300.0,-422400.0,-14300.0,-69900.0,20783630.0,2022-10-25,False,True,0.7593,0.885,0.7615,0.998,2022-07-01,False,0.8869,
2022-10-01,193700.0,-139800.0,-16100.0,-29800.0,21789645.0,2022-11-29,False,False,,,0.7594,0.998,2022-07-01,False,0.8863,
2022-11-01,-555900.0,427400.0,-19000.0,62100.0,21407388.0,2022-12-29,False,True,0.7688,0.8806,0.7623,0.999,2022-08-01,False,0.8847,
2022-12-01,-74800.0,43300.0,-25600.0,13700.0,21187253.0,2023-02-02,False,False,,,0.7612,0.999,2022-08-01,False,0.8844,
2023-01-01,-271800.0,206700.0,-27200.0,36200.0,21172981.0,2023-03-02,False,True,0.7605,0.8937,0.7612,0.999,2022-08-01,False,0.8849,
2023-02-01,171300.0,-151700.0,-25600.0,-15200.0,21200893.0,2023-03-28,False,False,,,0.7655,0.999,2022-09-01,False,0.8875,
2023-03-01,-9600.0,7100.0,-29600.0,4900.0,21294310.0,2023-04-25,False,False,,,0.765,0.999,2022-09-01,False,0.887,
2023-04-01,120200.0,-90100.0,-27600.0,-7000.0,21362690.0,2023-05-30,False,False,,,0.7637,0.998,2022-10-01,False,0.8849,
2023-05-01,-700.0,-6700.0,-29500.0,7200.0,21401838.0,2023-06-29,False,False,,,0.7638,0.998,2022-10-01,False,0.8855,
2023-06-01,164800.0,-116400.0,-29300.0,-7900.0,21659472.0,2023-07-25,False,False,,,0.7625,0.998,2022-11-01,False,0.8812,
2023-07-01,135000.0,-72300.0,-28800.0,-4400.0,21905772.0,2023-08-29,False,False,,,0.7566,0.996,2022-11-01,False,0.8738,
2023-08-01,176100.0,-138200.0,-31500.0,-700.0,22057997.0,2023-09-28,False,False,,,0.7587,0.996,2022-11-01,False,0.8703,
2023-09-01,173500.0,-131500.0,-30000.0,-400.0,22122340.0,2023-10-31,False,False,,,0.7583,0.995,2023-01-01,False,0.8567,
2023-10-01,66100.0,-42000.0,-31300.0,1600.0,22178229.0,2023-11-28,False,False,,,0.7598,0.994,2023-01-01,False,0.8534,
2023-11-01,-495000.0,357000.0,-32900.0,86000.0,21908713.0,2023-12-28,False,True,0.7212,0.8949,0.7342,0.993,2023-08-01,False,0.8572,
2023-12-01,-226200.0,168900.0,-36900.0,36600.0,21857675.0,2024-02-01,False,True,0.7467,0.9085,0.7371,0.994,2023-08-01,False,0.8632,
2024-01-01,239500.0,-198100.0,-39000.0,-22600.0,21993593.0,2024-02-29,False,True,0.8271,0.9215,0.7439,0.992,2023-10-01,False,0.8653,
2024-02-01,124600.0,-94000.0,-34600.0,-16000.0,22148007.0,2024-03-28,False,False,,,0.7358,0.994,2023-10-01,False,0.8594,
2024-03-01,180200.0,-126800.0,-33200.0,-30200.0,22380340.0,2024-04-30,False,False,,,0.7338,0.994,2023-11-01,False,0.8601,
2024-04-01,244200.0,-168200.0,-31100.0,-42500.0,22623534.0,2024-05-28,False,True,0.6888,0.8628,0.7287,0.994,2023-11-01,False,0.8617,0.66
2024-05-01,-49200.0,27300.0,-31400.0,14900.0,22716676.0,2024-06-27,False,False,,,0.728,0.994,2023-12-01,False,0.8617,
2024-06-01,14200.0,-9600.0,-29200.0,-1500.0,22779663.0,2024-07-30,False,False,,,0.7291,0.994,2023-12-01,False,0.867,
2024-07-01,170200.0,-96700.0,-29600.0,-40700.0,23006512.0,2024-08-27,False,False,,,0.727,0.994,2023-12-01,False,0.8736,
2024-08-01,-387700.0,294400.0,-33100.0,55900.0,22740024.0,2024-10-01,False,True,0.7594,0.9035,0.7316,0.995,2024-02-01,False,0.8842,
2024-09-01,-124700.0,95000.0,-32100.0,17000.0,22652919.0,2024-11-05,False,False,,,0.7311,0.995,2024-03-01,False,0.8901,
2024-10-01,154500.0,-158900.0,-33000.0,2500.0,22688705.0,2024-11-28,False,False,,,0.7421,0.99,2024-03-01,False,0.8962,
2024-11-01,187900.0,-136800.0,-29700.0,-30000.0,22993761.0,2025-01-02,False,False,,,0.7519,0.986,2024-06-01,False,0.8962,
2024-12-01,130000.0,-136900.0,-29100.0,1000.0,23025601.0,2025-02-06,False,False,,,0.7641,0.977,2024-06-01,False,0.9005,0.6639
2025-01-01,-37300.0,45800.0,-27100.0,-6700.0,23088780.0,2025-02-27,False,False,,,0.7563,0.975,2024-07-01,False,0.8979,
2025-02-01,59800.0,-50600.0,-22700.0,-8400.0,23221536.0,2025-03-27,False,False,,,0.7572,0.975,2024-08-01,False,0.8994,
2025-03-01,167000.0,-97500.0,-23300.0,-48900.0,23280722.0,2025-04-29,False,False,,,0.7488,0.971,2024-09-01,False,0.9001,
2025-04-01,-511600.0,347500.0,-23900.0,119600.0,22656992.0,2025-05-29,False,True,0.6792,0.913,0.723,0.978,2024-12-01,False,0.91,0.6307
2025-05-01,-932700.0,605100.0,-27000.0,209100.0,21687492.0,2025-06-26,False,True,0.6488,0.8729,0.6783,0.987,2025-03-01,False,0.8876,
2025-06-01,-37300.0,21800.0,-28000.0,-214700.0,21663827.0,2025-07-31,False,False,,,0.6782,0.987,2025-03-01,False,0.8818,
2025-07-01,28600.0,-71600.0,-32300.0,-300.0,21591344.0,2025-08-28,False,False,,,0.6815,0.983,2025-03-01,False,0.8843,
2025-08-01,323400.0,-183900.0,-26600.0,-138500.0,22067038.0,2025-09-30,False,True,0.5686,0.9969,0.6643,0.982,2025-05-01,False,0.8908,0.6225
2025-09-01,-58700.0,20200.0,-22800.0,30600.0,22075370.0,2025-10-28,False,False,,,0.6624,0.982,2025-05-01,False,0.8906,
2025-10-01,121200.0,-84000.0,-21300.0,-42600.0,22307639.0,2025-11-27,False,False,,,0.6562,0.987,2025-05-01,False,0.8901,0.5855
2025-11-01,302800.0,-179100.0,-18600.0,-129300.0,22699549.0,2025-12-30,False,True,0.5915,1.0185,0.6501,0.987,2025-05-01,False,0.8986,
2025-12-01,26300.0,-24100.0,-18600.0,-100000.0,22767215.0,2026-01-27,False,False,,,0.6453,0.991,2025-05-01,False,0.8987,0.5023
