event_id,lang,url,page,deck_period,yield_pre_hedge_pct_series,hedging_cost_pct_series,fx_reserve_ntd_bn_series,cs_ndf_pct,naked_usd_other_pct,overseas_equity_pct,fx_risk_pct,fx_policy_pct
203,CH,https://www.irpro.co/2883/events/203/CH/20230531163929-1.pdf,20,1Q23,"{""1Q22"": 3.15, ""1Q23"": 3.4, ""2020"": 3.83, ""2021"": 3.51, ""2022"": 3.75}",{},"{""1Q22"": 6.74, ""1Q23"": 9.53, ""2020"": 4.02, ""2021"": 3.35, ""2022"": 10.89}",,,,68.0,32.0
204,EN,https://www.irpro.co/2883/events/204/EN/20230531164010-1.pdf,20,1Q23,"{""1Q22"": 3.15, ""1Q23"": 3.4, ""2020"": 3.83, ""2021"": 3.51, ""2022"": 3.75}",{},"{""1Q22"": 6.74, ""1Q23"": 9.53, ""2020"": 4.02, ""2021"": 3.35, ""2022"": 10.89}",,,20.0,68.0,32.0
205,CH,https://www.irpro.co/2883/events/205/CH/20230830142321-1.pdf,20,1H23,"{""1H22"": 3.47, ""1H23"": 3.66, ""2020"": 3.83, ""2021"": 3.51, ""2022"": 3.75}",{},"{""1H22"": 9.42, ""1H23"": 11.51, ""2020"": 4.02, ""2021"": 3.35, ""2022"": 10.89}",,,,68.0,32.0
206,EN,https://www.irpro.co/2883/events/206/EN/20230830142410-1.pdf,20,1H23,"{""1H22"": 3.47, ""1H23"": 3.66, ""2020"": 3.83, ""2021"": 3.51, ""2022"": 3.75}",{},"{""1H22"": 9.42, ""1H23"": 11.51, ""2020"": 4.02, ""2021"": 3.35, ""2022"": 10.89}",,,,,32.0
207,CH,https://www.irpro.co/2883/events/207/CH/20231128135857-1.pdf,20,9M23,"{""9M22"": 3.75, ""9M23"": 3.85, ""2020"": 3.83, ""2021"": 3.51, ""2022"": 3.75}",{},"{""9M22"": 16.53, ""9M23"": 16.53, ""2020"": 4.02, ""2021"": 3.35, ""2022"": 10.89}",65.0,26.0,,68.0,32.0
208,EN,https://www.irpro.co/2883/events/208/EN/20231128135824-1.pdf,20,9M23,"{""9M22"": 3.75, ""9M23"": 3.85, ""2020"": 3.83, ""2021"": 3.51, ""2022"": 3.75}",{},"{""9M22"": 16.53, ""9M23"": 16.53, ""2020"": 4.02, ""2021"": 3.35, ""2022"": 10.89}",,26.0,9.0,,32.0
209,CH,https://www.irpro.co/2883/events/209/CH/20240327140345-1.pdf,21,23,"{""2020"": 3.83, ""2021"": 3.51, ""2022"": 3.75, ""2023"": 3.86}",{},"{""2020"": 4.02, ""2021"": 3.35, ""2022"": 10.89, ""2023"": 9.77}",,,8.0,68.0,32.0
210,EN,https://www.irpro.co/2883/events/210/EN/20240327140435-1.pdf,21,23,"{""2020"": 3.83, ""2021"": 3.51, ""2022"": 3.75, ""2023"": 3.86}",{},"{""2020"": 4.02, ""2021"": 3.35, ""2022"": 10.89, ""2023"": 9.77}",,26.0,,,32.0
211,CH,https://www.irpro.co/2883/events/211/CH/20240528162124-1.pdf,18,1Q24,"{""1Q23"": 3.4, ""1Q24"": 3.45, ""2021"": 3.51, ""2022"": 3.75, ""2023"": 3.86}",{},"{""1Q23"": 9.53, ""1Q24"": 13.9, ""2021"": 3.35, ""2022"": 10.89, ""2023"": 9.77}",60.0,31.0,9.0,68.0,32.0
212,EN,https://www.irpro.co/2883/events/212/EN/20240528162529-1.pdf,18,1Q24,"{""1Q23"": 3.4, ""1Q24"": 3.45, ""2021"": 3.51, ""2022"": 3.75, ""2023"": 3.86}",{},"{""1Q23"": 9.53, ""1Q24"": 13.9, ""2021"": 3.35, ""2022"": 10.89, ""2023"": 9.77}",60.0,31.0,9.0,,32.0
213,CH,https://www.irpro.co/2883/events/213/CH/20240902142126-1.pdf,16,1H24,"{""1H23"": 3.66, ""1H24"": 3.57, ""2021"": 3.51, ""2022"": 3.75, ""2023"": 3.86}",{},"{""1H23"": 11.51, ""1H24"": 16.79, ""2021"": 3.35, ""2022"": 10.89, ""2023"": 9.77}",,38.0,8.0,68.0,32.0
214,EN,https://www.irpro.co/2883/events/214/EN/20250304162942-1.pdf,16,1H24,"{""1H23"": 3.66, ""1H24"": 3.57, ""2021"": 3.51, ""2022"": 3.75, ""2023"": 3.86}",{},"{""1H23"": 11.51, ""1H24"": 16.79, ""2021"": 3.35, ""2022"": 10.89, ""2023"": 9.77}",54.0,38.0,8.0,,
215,CH,https://www.irpro.co/2883/events/215/CH/20241128153013-1.pdf,16,9M24,"{""9M23"": 3.85, ""9M24"": 3.88, ""2021"": 3.51, ""2022"": 3.75, ""2023"": 3.86}",{},"{""9M23"": 16.53, ""9M24"": 13.26, ""2021"": 3.35, ""2022"": 10.89, ""2023"": 9.77}",,40.0,8.0,68.0,32.0
216,EN,https://www.irpro.co/2883/events/216/EN/20241128153112-1.pdf,16,9M24,"{""9M23"": 3.85, ""9M24"": 3.88, ""2021"": 3.51, ""2022"": 3.75, ""2023"": 3.86}",{},"{""9M23"": 16.53, ""9M24"": 13.26, ""2021"": 3.35, ""2022"": 10.89, ""2023"": 9.77}",52.0,40.0,8.0,68.0,32.0
217,CH,https://www.irpro.co/2883/events/217/CH/20250326135504-1.pdf,20,24,"{""2021"": 3.51, ""2022"": 3.75, ""2023"": 3.86, ""2024"": 3.8}",{},"{""2021"": 3.35, ""2022"": 10.89, ""2023"": 9.77, ""2024"": 30.71}",,,9.0,67.0,33.0
218,EN,https://www.irpro.co/2883/events/218/EN/20250326135544-1.pdf,20,24,"{""2021"": 3.51, ""2022"": 3.75, ""2023"": 3.86, ""2024"": 3.8}",{},"{""2021"": 3.35, ""2022"": 10.89, ""2023"": 9.77, ""2024"": 30.71}",,21.0,,67.0,33.0
219,CH,https://www.irpro.co/2883/events/219/CH/20250526135133-1.pdf,19,1Q25,"{""1Q24"": 3.45, ""1Q25"": 3.6, ""2022"": 3.75, ""2023"": 3.86, ""2024"": 3.8}",{},"{""1Q24"": 13.9, ""1Q25"": 39.03, ""2022"": 10.89, ""2023"": 9.77, ""2024"": 30.71}",49.0,42.0,9.0,67.0,33.0
220,EN,https://www.irpro.co/2883/events/220/EN/20250526134753-1.pdf,19,1Q25,"{""1Q24"": 3.45, ""1Q25"": 3.6, ""2022"": 3.75, ""2023"": 3.86, ""2024"": 3.8}",{},"{""1Q24"": 13.9, ""1Q25"": 39.03, ""2022"": 10.89, ""2023"": 9.77, ""2024"": 30.71}",49.0,42.0,9.0,,33.0
221,CH,https://www.irpro.co/2883/events/221/CH/20250902134510-1.pdf,18,1H25,"{""1H24"": 3.57, ""1H25"": 3.76, ""2022"": 3.75, ""2023"": 3.86, ""2024"": 3.8}",{},"{""1H24"": 16.79, ""1H25"": 2.44, ""2022"": 10.89, ""2023"": 9.77, ""2024"": 30.71}",43.0,47.0,10.0,67.0,33.0
222,EN,https://www.irpro.co/2883/events/222/EN/20250930170848-1.pdf,18,1H25,"{""1H24"": 3.57, ""1H25"": 3.76, ""2022"": 3.75, ""2023"": 3.86, ""2024"": 3.8}",{},"{""1H24"": 16.79, ""1H25"": 2.44, ""2022"": 10.89, ""2023"": 9.77, ""2024"": 30.71}",43.0,47.0,10.0,67.0,33.0
225,CH,https://www.irpro.co/2883/events/225/CH/20251202134840-1.pdf,18,9M25,"{""9M24"": 3.88, ""9M25"": 3.76, ""2022"": 3.75, ""2023"": 3.86, ""2024"": 3.8}",{},"{""9M24"": 13.26, ""9M25"": 29.57, ""2022"": 10.89, ""2023"": 9.77, ""2024"": 30.71}",66.0,24.0,10.0,67.0,33.0
226,EN,https://www.irpro.co/2883/events/226/EN/20251202131634-1.pdf,18,9M25,"{""9M24"": 3.88, ""9M25"": 3.76, ""2022"": 3.75, ""2023"": 3.86, ""2024"": 3.8}",{},"{""9M24"": 13.26, ""9M25"": 29.57, ""2022"": 10.89, ""2023"": 9.77, ""2024"": 30.71}",66.0,24.0,10.0,67.0,33.0
227,CH,https://www.irpro.co/2883/events/227/CH/20260402140925-1.pdf,11,25,"{""2022"": 3.75, ""2023"": 3.86, ""2024"": 3.8, ""2025"": 3.66}",{},"{""2022"": 10.89, ""2023"": 9.77, ""2024"": 30.71, ""2025"": 43.37}",65.0,26.0,9.0,66.0,34.0
228,EN,https://www.irpro.co/2883/events/228/EN/20260402140912-1.pdf,11,25,"{""2022"": 3.75, ""2023"": 3.86, ""2024"": 3.8, ""2025"": 3.66}",{},"{""2022"": 10.89, ""2023"": 9.77, ""2024"": 30.71, ""2025"": 43.37}",65.0,26.0,9.0,66.0,34.0
229,CH,https://www.irpro.co/2883/events/229/CH/20260602161707-1.pdf,13,1Q26,"{""1Q25"": 3.6, ""1Q26"": 3.49, ""2023"": 3.86, ""2024"": 3.8, ""2025"": 3.66}",{},"{""1Q25"": 39.03, ""1Q26"": 44.83, ""2023"": 9.77, ""2024"": 30.71, ""2025"": 43.37}",39.0,58.0,3.0,73.0,27.0
230,EN,https://www.irpro.co/2883/events/230/EN/20260602161634-1.pdf,13,1Q26,"{""1Q25"": 3.6, ""1Q26"": 3.49, ""2023"": 3.86, ""2024"": 3.8, ""2025"": 3.66}",{},"{""1Q25"": 39.03, ""1Q26"": 44.83, ""2023"": 9.77, ""2024"": 30.71, ""2025"": 43.37}",39.0,58.0,3.0,,27.0
231,CH,https://www.irpro.co/2883/events/231/CH/20260831140317-1.pdf,15,1H26,"{""1H25"": 3.76, ""1H26"": 3.49, ""2023"": 3.86, ""2024"": 3.8, ""2025"": 3.66}",{},"{""1H25"": 2.44, ""1H26"": 48.99, ""2023"": 9.77, ""2024"": 30.71, ""2025"": 43.37}",37.0,59.0,4.0,73.0,27.0
232,EN,https://www.irpro.co/2883/events/232/EN/20260831140345-1.pdf,15,1H26,"{""1H25"": 3.76, ""1H26"": 3.49, ""2023"": 3.86, ""2024"": 3.8, ""2025"": 3.66}",{},"{""1H25"": 2.44, ""1H26"": 48.99, ""2023"": 9.77, ""2024"": 30.71, ""2025"": 43.37}",37.0,59.0,4.0,73.0,27.0
